episode,step,force_max,force_tip,angle_bend,angle_bend_span,angle_centerline,dist_to_centerline,tip_index,inserted,arch_type
0,0,0.0,0.0,1.9957634182549293,6.089895652501893,8.357198428029637,0.8307516748674583,61,4.234004302978516,ArchType.II
0,1,0.0,0.0,2.273281499913659,9.789305520636114,20.583118270985445,1.0099635021404498,61,8.450952728271488,ArchType.II
0,2,0.0,0.0,2.5394907465125534,11.671425125746339,34.86354460595022,2.7432648758668865,61,12.6830274963379,ArchType.II
0,3,0.0,0.0,2.7558048551044574,13.1048023779398,49.250135279784566,5.219411865736908,61,16.835885345459005,ArchType.II
0,4,3.1152715389754073,3.1152715389754073,2.964702452527379,14.531295559846695,53.55017234348798,6.003947317498109,61,20.884897125244173,ArchType.II
0,5,1.1574208815646312,1.1574208815646312,3.0747821419867303,15.174599122380501,54.14231520991841,6.090462313171535,61,24.807709686279345,ArchType.II
0,6,1.0865660073502086,1.0865660073502086,3.1266428660652044,15.490693123425453,55.985044054810444,6.329183816989683,61,28.628882690429705,ArchType.II
0,7,0.6394456766721144,0.6394456766721144,3.1588625141693334,15.71001963639824,56.96774505053274,6.280650682952204,61,32.39244567871093,ArchType.II
0,8,0.6133936654882867,0.6133936654882867,3.1782493386273485,15.841747423383023,58.59140071738007,6.461295514260514,61,36.061582824707045,ArchType.II
0,9,0.4601016621682184,0.4601016621682184,3.1931799479332668,15.947382707543495,59.582558502470235,6.450873457431954,61,39.63398992919929,ArchType.II
0,10,0.4391950914884479,0.4391950914884479,3.203604335624532,16.017540402733193,60.74563866802435,6.490335118412176,61,43.102561035156384,ArchType.II
0,11,0.46078094992936525,0.46078094992936525,3.210932063570445,16.0648851480057,61.941459841360036,6.5671756646684205,61,46.461084472656395,ArchType.II
0,12,0.484216631515753,0.484216631515753,3.219999509674785,16.132910639626296,63.107315646672184,6.597210522098226,61,49.71403570556649,ArchType.II
0,13,0.4381368480022273,0.4381368480022273,3.2311974128367495,16.202224611672666,63.97047207111031,6.578753649426602,61,52.85906874084483,ArchType.II
0,14,0.45677459420876865,0.45677459420876865,3.244764614269998,16.289559418160255,65.14520096428107,6.578637003732113,61,55.90144506835945,ArchType.II
0,15,0.4675617009698219,0.4675617009698219,3.256936158439244,16.361406992509043,65.84247990798313,6.619531048475227,61,58.88117295837412,ArchType.II
0,16,0.4356293463540208,0.4356293463540208,3.2663219422550696,16.42353280805795,66.77785752829807,6.612945864996363,61,61.85412068176274,ArchType.II
0,17,0.4067633152233052,0.4067633152233052,3.2716649809642804,16.453411224132974,67.17482888151993,6.666948112090102,61,64.7807507781983,ArchType.II
0,18,0.38034638592884495,0.38034638592884495,3.2742302776647105,16.462935817130226,67.93262816814418,6.848855021663337,61,67.6701043090822,ArchType.II
0,19,0.3704936702276451,0.3704936702276451,3.275407457293312,16.466581520014845,68.34261097346855,7.035388461994098,61,70.64547003173831,ArchType.II
0,20,0.4471738168733365,0.4471738168733365,3.2771361298114003,16.499682274542963,68.93330899968862,7.137409541721198,61,73.66516339111331,ArchType.II
0,21,0.42908065626956154,0.42908065626956154,3.2777290524363334,16.521594580475327,69.75810497423983,6.985299403517777,61,76.73613072204603,ArchType.II
0,22,0.4096582670466339,0.4096582670466339,3.2771388403606823,16.522618178555128,70.50486420530795,7.033961560867293,61,79.79417872619638,ArchType.II
0,23,0.3897968520013778,0.3897968520013778,3.2763525502329904,16.514639539863836,70.77303451692714,6.999750451047182,61,82.83878321838375,ArchType.II
0,24,0.3707533875325412,0.3707533875325412,3.275762051198389,16.503736260539462,71.48222652018583,7.160208802622445,61,85.77292109680181,ArchType.II
0,25,0.35133743946184426,0.35133743946184426,3.276044247130436,16.495885510020084,71.72712705095245,7.243703103536817,61,88.53897479248045,ArchType.II
0,26,0.39256094080089304,0.39256094080089304,3.2782817663326815,16.521319183118894,71.94243638156145,7.263685856455071,61,91.15146136474618,ArchType.II
0,27,0.3761350544863093,0.3761350544863093,3.2797147418379975,16.53188549872982,72.41727901979326,7.231532199641199,61,93.60879718017577,ArchType.II
0,28,0.36080184540081706,0.36080184540081706,3.2804521171669796,16.532837182873216,72.38595990603228,7.256982640807837,61,95.93828669738781,ArchType.II
0,29,0.3467167015490803,0.3467167015490803,3.280748618695267,16.528809502377637,72.33218771617001,7.361787911961401,61,98.13274842834483,ArchType.II
0,30,0.36306886771420593,0.36306886771420593,3.2813276030153267,16.535461825576522,72.19843505992178,7.421951781025612,61,100.32400764465339,ArchType.II
0,31,0.35020970667571993,0.35020970667571993,3.281587369663574,16.538064569624055,71.19260079182186,7.4447114889120325,61,102.56903184509292,ArchType.II
0,32,0.33772446472953166,0.33772446472953166,3.2815085904258607,16.534812153795702,69.87930847092467,7.390650737889794,61,104.8806472015383,ArchType.II
0,33,0.32541101247616516,0.32541101247616516,3.281256054240524,16.528648938370434,68.1724150673326,7.28139942537344,61,107.28050392150902,ArchType.II
0,34,0.22635385734104482,0.22635385734104482,3.279819364525633,16.497617142120482,64.31742966037045,7.3115240935195205,61,109.7544545440675,ArchType.II
0,35,0.21904887089562283,0.21904887089562283,3.2778616905887046,16.453997129437546,62.23274023265297,7.429089905993963,61,112.29627632141114,ArchType.II
0,36,0.2098158000329725,0.2098158000329725,3.2767809545082884,16.430534921510873,60.36727589463675,7.501225494506615,61,114.88824615478507,ArchType.II
0,37,0.200350371888804,0.200350371888804,3.2761512949195786,16.417233608502034,56.83627677961473,7.35934768757232,61,117.51783546447749,ArchType.II
0,38,0.1368945119421753,0.1368945119421753,3.275427072296641,16.403036032159378,55.2677273058882,7.34136396411458,61,120.15794876098619,ArchType.II
0,39,0.15571025423329424,0.15571025423329424,3.2744105046672,16.380182176582643,52.00873759178033,7.541699441665391,61,122.799995147705,ArchType.II
0,40,0.14466352064811333,0.14466352064811333,3.273944415044438,16.3702949688444,50.366541950770326,7.564592023634074,61,125.41855844116213,ArchType.II
0,41,0.13724794480002359,0.13724794480002359,3.273712564057431,16.365964535156518,47.00341316510644,7.455130996515631,61,128.03152740478527,ArchType.II
0,42,0.05854503355074376,0.05854503355074376,3.273553093025458,16.363753191124445,45.414301793810274,7.335037780285499,61,130.637724761963,ArchType.II
0,43,0.10499409282676425,0.10499409282676425,3.273094720926549,16.355802392948938,42.4884216814543,7.518362316478076,61,133.22884361267086,ArchType.II
0,44,0.10004474172377753,0.10004474172377753,3.2728094652998583,16.35028027488161,41.316125673064505,7.614029679616581,61,135.76524075317366,ArchType.II
0,45,0.10392684388363084,0.0,3.2727673717967805,16.35101177510431,37.813709390009954,7.444002525377507,61,138.2232835388183,ArchType.II
0,46,0.13497404135084262,0.00023770033562237416,3.2726954659284853,16.356350787089802,37.01956983965099,7.174304168312878,61,140.59055567932103,ArchType.II
0,47,0.12528171294305862,0.0,3.2726704944572975,16.359468277355234,34.053367128489285,6.912162641228049,61,142.84622975158692,ArchType.II
0,48,0.0858034286877326,0.0006964117608490608,3.2726726797656505,16.361812397632164,32.38117335175107,5.865742066444166,61,145.028120101929,ArchType.II
0,49,0.07252281865734393,0.0004580591543246273,3.272681767851273,16.362657057538645,30.289816324735185,4.8294154684013675,61,147.15184553527854,ArchType.II
0,50,0.08367629217417205,0.000301001624074585,3.2726965219603175,16.363090924642172,28.011983475451895,4.001603240906579,61,149.2303641510013,ArchType.II
0,51,0.08329299361893451,0.0,3.272707766472061,16.363333178974244,27.929678116025247,3.4761786750687564,61,151.26062802124056,ArchType.II
0,52,0.11180140197817136,0.0023326990446308846,3.272714214332954,16.363389835787313,25.524521908169753,3.526802406798383,61,153.21794454956074,ArchType.II
0,53,0.13169274262007086,0.00011350847108643227,3.272656191236525,16.363132198925687,23.100588426824398,4.169205310073691,61,155.10008909606978,ArchType.II
0,54,0.12427198905546563,0.0,3.272459868623336,16.36214961640324,23.050892475388906,5.004272463180927,61,156.9297662811283,ArchType.II
0,55,0.0945660127839814,0.0,3.2720531132593185,16.360124196410155,20.562201269118816,5.847676701683473,61,158.64754377746624,ArchType.II
0,56,0.15228253507668452,0.0,3.271421060579531,16.356598720464312,18.87564464384251,6.23160802696252,61,160.2675066070558,ArchType.II
0,57,0.1985065207286434,0.0,3.270759089447686,16.35341090208766,20.154950677623017,6.324115671814152,61,161.80217982482947,ArchType.II
0,58,0.716214402670427,0.0,3.270272175353216,16.350917724625578,18.658355493781716,6.586515805343461,61,163.26382563781755,ArchType.II
0,59,0.4465052942516825,0.0,3.2700773525929003,16.352812329742612,19.001802636196807,6.412175467062922,61,164.6619518890385,ArchType.II
0,60,0.7510699913234992,0.0,3.2700776596633663,16.352034816177213,18.631995774899067,6.377413929737655,61,165.99645182800344,ArchType.II
0,61,0.8449594701419298,0.0,3.2702465972603467,16.352158215505124,20.627983192658878,6.360214120136538,61,167.26258815002495,ArchType.II
0,62,0.639141422633496,0.0,3.270466158958256,16.352859585663136,19.18379734023486,6.41775252335047,61,168.43045611572325,ArchType.II
0,63,0.6160636977027178,0.0,3.270666180652874,16.3536190403814,17.355868772640296,6.624115266192402,61,169.48330697631866,ArchType.II
0,64,0.7437411193438759,0.0,3.270829501891363,16.356414591850534,19.974118874601427,6.498904075669083,61,170.43395834350588,ArchType.II
0,65,1.8797584139486903,0.0,3.2711601565621655,16.35753156983681,19.72712180538216,6.351296518528625,61,171.32292001342773,ArchType.II
0,66,1.65396503203587,0.0,3.271624455562573,16.35905225847007,21.736408048820085,6.186171954157746,61,172.16047628784202,ArchType.II
0,67,1.166302767927894,0.0,3.271955536200165,16.360256698439446,23.09085427597843,6.229077204293905,61,172.89870727539073,ArchType.II
0,68,1.0770716875062012,0.0,3.2720880314456164,16.360681562892054,20.903948896892196,6.231720561614252,61,173.53936378479,ArchType.II
0,69,1.0570817214847035,0.0,3.2720911891611393,16.36060481322223,21.646927274489624,6.289424628470742,61,174.08786793518067,ArchType.II
0,70,1.0179117278351644,0.0,3.27205314882998,16.36031342697606,22.234415289548206,6.443261530279408,61,174.54983168029787,ArchType.II
0,71,0.9821832752072196,0.0,3.272030193483081,16.360156683486405,19.471708072599966,6.530071301894782,61,174.93273963928226,ArchType.II
0,72,0.9531829419466492,0.0,3.272043570870073,16.360213051699812,19.95638858849624,6.581591740908237,61,175.24970903015117,ArchType.II
0,73,0.7544877829003104,0.0,3.272100219183003,16.36048981027969,20.385556050941034,6.656661897838084,61,175.5137976531982,ArchType.II
0,74,1.0643934491688103,0.0,3.272194098663966,16.36216422251236,21.516400557698603,6.588053516195237,61,175.72968994140643,ArchType.II
0,75,0.915467571897437,0.0,3.2723133784542724,16.363637137052333,22.414964270795398,6.541043091220029,61,175.9218549194337,ArchType.II
0,76,0.7079191957453739,0.0,3.272431218605159,16.363465769007036,23.205798965604078,6.500285163559835,61,176.09597503662093,ArchType.II
0,77,0.7573332618102687,0.0,3.2725326307862264,16.363459605994276,23.75559279450161,6.473616867843894,61,176.262525436401,ArchType.II
0,78,0.9596314975202379,0.0,3.272606385070331,16.363524208476,24.2594305114424,6.450948820169061,61,176.42019389343216,ArchType.II
0,79,1.078557478639885,0.0,3.272654506272589,16.363532740840977,24.67825345739941,6.4285229980781695,61,176.57005798339827,ArchType.II
0,80,1.166911783069865,0.0,3.2726844381272393,16.363554197331364,25.02720385671514,6.391566454971372,61,176.71448132324184,ArchType.II
0,81,1.2489703051629077,0.0,3.272701945878884,16.363576439522213,25.361983598464306,6.354841473737047,61,176.85217837524408,ArchType.II
0,82,1.2755324297200064,0.0,3.272712206214546,16.36360501142159,25.659488952503633,6.324537816047292,61,176.9835172271729,ArchType.II
0,83,1.3102375601440588,0.0,3.272718039020629,16.363612355149854,22.59683717110633,6.2820968371124914,61,177.1091776580812,ArchType.II
0,84,1.35591927963951,0.0,3.2727215556914064,16.363615057183004,22.88441273272825,6.241083347701633,61,177.2278167266844,ArchType.II
0,85,1.3901716472800612,0.0,3.272723753801518,16.363626700958523,23.137590928022316,6.206046185810187,61,177.33994049072254,ArchType.II
0,86,1.5740402899313002,0.0,3.2727246429799486,16.36360322045135,23.365871082741005,6.17786700280468,61,177.44696238708462,ArchType.II
0,87,1.5128009539191103,0.0,3.2727250455342065,16.36362005444771,23.72698055199749,6.145816939502435,61,177.5511020202634,ArchType.II
0,88,1.5154584824669737,0.0,3.2727255493141127,16.36362727409323,24.102359042992784,6.110988739098314,61,177.65293292236322,ArchType.II
0,89,1.5408554571752928,0.0,3.2727260349969867,16.363630934432905,24.47724145749634,6.075113710253099,61,177.75232165527348,ArchType.II
0,90,1.5382334392222965,0.0,3.272726457311821,16.363637812107054,24.80911550129159,6.043935238847976,61,177.84903155517577,ArchType.II
0,91,1.5820225076044865,0.0,3.272726677658534,16.36363397649654,25.11664539115154,6.015250864816638,61,177.94169551086412,ArchType.II
0,92,1.1964070545666847,0.0,3.2727270461081943,16.36364958852884,25.38419826933395,5.986579375518072,61,178.02964431762666,ArchType.II
0,93,1.372194791302151,0.0,3.272727192006832,16.36365523396552,25.50611112939011,5.970516460664091,61,178.11226516723576,ArchType.II
0,94,1.6798623503600116,0.0,3.2727271057398535,16.363650148448013,25.568434247422704,5.964201057797064,61,178.1861435546868,ArchType.II
0,95,2.17668540836537,0.0,3.2727266840166576,16.363635339194065,25.636306413999804,5.956166193212179,61,178.25047583007762,ArchType.II
0,96,2.1297730593960686,0.0,3.2727264011606154,16.36362737915319,25.716158635913615,5.946229471075162,61,178.30797003173763,ArchType.II
0,97,2.133998851393974,0.0,3.2727263309744488,16.363629944304712,25.79731910835644,5.938143239814959,61,178.3598472442619,ArchType.II
0,98,2.0839055893369665,0.0,3.272726330985145,16.363629610337924,25.882889076251736,5.930012198469681,61,178.40637988281156,ArchType.II
0,99,1.801600522977107,0.0,3.2727263026121483,16.363621362646036,25.955890408692557,5.924300646836384,61,178.44812385559015,ArchType.II
0,100,2.058870726529269,0.0,3.2727265127334157,16.363631784749852,26.021078179504777,5.919665335463926,61,178.48521461486757,ArchType.II
0,101,2.054155147210987,0.0,3.272726607698788,16.363632381075373,26.07829044099474,5.91603839639907,61,178.51800413513098,ArchType.II
0,102,2.0442858840282576,0.0,3.272726694012801,16.36363327936362,26.126587931814864,5.913532103938845,61,178.54681367492606,ArchType.II
0,103,2.0396474236363606,0.0,3.2727267764819863,16.363638474830505,26.17732855636165,5.911884541381789,61,178.57193730163505,ArchType.II
0,104,2.0931842462251384,0.0,3.2727268256662376,16.363639731298555,26.207684864863435,5.91137513286912,61,178.59402558898876,ArchType.II
0,105,2.1016849746528563,0.0,3.2727269096175924,16.363643259683972,26.210254910189008,5.915007826305006,61,178.613068466186,ArchType.II
0,106,2.109597774229381,0.0,3.272726995638327,16.36364957804943,26.21330040652766,5.918020538321829,61,178.62867317199635,ArchType.II
0,107,1.6296493073997265,0.0,3.2727265649655854,16.363608789682562,26.22783315449468,5.920736954077675,61,178.641176071166,ArchType.II
0,108,2.008491759427325,0.0,3.272726729184491,16.363622930228434,26.232816147680996,5.922043745885933,61,178.65099812316782,ArchType.II
0,109,1.84023337802622,0.0,3.272726755181907,16.363621954656914,26.231225031462625,5.924277476363375,61,178.65854316711307,ArchType.II
0,110,1.8358427192646152,0.0,3.2727268374343694,16.363626248234244,26.230029691355725,5.925772890971761,61,178.66398341369518,ArchType.II
0,111,1.7264391051759684,0.0,3.272726911508583,16.363628599545972,26.23734081732793,5.924602618379023,61,178.66758372497435,ArchType.II
0,112,1.1081007840927668,0.0,3.27272691357295,16.363624795066336,26.290129048377864,5.921579941774147,61,178.6697635498034,ArchType.II
0,113,1.1222338783236003,0.0,3.2727270192272933,16.363633429213294,26.35305678186516,5.91926042389177,61,178.67182202148285,ArchType.II
0,114,1.126806966261413,0.0,3.2727270610094794,16.363633499594812,26.429630542762727,5.916020396332228,61,178.6742077941882,ArchType.II
0,115,1.2838121269206086,0.0,3.2727271266098312,16.36363496281809,26.482544213753023,5.913481287072798,61,178.6764440155015,ArchType.II
0,116,1.2906438423687303,0.0,3.272727220688022,16.363639557664325,26.510029024590526,5.912646626437761,61,178.67893351745437,ArchType.II
0,117,1.3293198985142085,0.0,3.272727245175182,16.363638401176186,26.523955477706377,5.912812157632051,61,178.68130720519866,ArchType.II
0,118,1.3237807386921883,0.0,3.27272727545086,16.363639476878035,26.527942666795273,5.913892647582243,61,178.68320857238643,ArchType.II
0,119,1.3369689930418136,0.0,3.2727272653964437,16.363637300633066,26.52472753058092,5.915647106762314,61,178.68440649413907,ArchType.II
0,120,1.3768636082725254,0.0,3.2727272470880115,16.363634669345423,26.51595535906361,5.918040222517693,61,178.68477810668816,ArchType.II
0,121,1.3998564251605758,0.0,3.272727268692389,16.363637005901982,26.51420184387642,5.91888347173752,61,178.6842629852285,ArchType.II
0,122,1.411179761839474,0.0,3.2727272648712984,16.363636803720457,26.510914441221953,5.9203306260561135,61,178.68269898986716,ArchType.II
0,123,1.4054589841452876,0.0,3.272727240464141,16.36363478158414,26.512704778219344,5.921968252370779,61,178.68005943298243,ArchType.II
0,124,1.3915652617094436,0.0,3.2727272236056804,16.36363508602173,26.518011703090053,5.924602759747152,61,178.6765286102288,ArchType.II
0,125,1.3713116420723988,0.0,3.272727160312158,16.363638572135706,26.53816895007737,5.927955762685936,61,178.6724182128899,ArchType.II
0,126,1.354993993274989,0.0,3.2727269428599595,16.36363723975022,26.572992325026384,5.933484722515098,61,178.6683178863516,ArchType.II
0,127,1.3460269725812593,0.0,3.272726952797604,16.36363788171106,26.577451380450228,5.940829948707466,61,178.6644663085927,ArchType.II
0,128,1.322935808258555,0.0,3.272727043316,16.363641471495164,26.552051720816475,5.950981361978925,61,178.66002307128815,ArchType.II
0,129,1.3012841668579957,0.0,3.272727090013691,16.363640917270168,26.504280014271515,5.963499341368572,61,178.65407273864633,ArchType.II
0,130,1.2740202196119408,0.0,3.272727099010018,16.363641047162567,26.44052853337904,5.9785996828620815,61,178.6459133758534,ArchType.II
0,131,1.2790944824374944,0.0,3.272726930627632,16.363624514900913,26.429005715571098,5.985476041971305,61,178.63507820129263,ArchType.II
0,132,1.3078682481529265,0.0,3.2727268739573065,16.363625211251804,26.472255775423346,5.987216354958361,61,178.62323191833337,ArchType.II
0,133,1.3834883971243805,0.0,3.2727267271918805,16.363628313121996,26.609836107587636,5.982330790241425,61,178.61171998596046,ArchType.II
0,134,1.3014521015697607,0.0,3.272727051795316,16.363657733400345,26.676376002880627,5.984267212080117,61,178.6008435211166,ArchType.II
0,135,1.2899979967533395,0.0,3.2727269929143246,16.36364165770135,26.576537101196823,5.992426825265255,61,178.58898414611667,ArchType.II
0,136,1.241906605022763,0.0,3.2727271012263692,16.363644240860573,26.4744858448832,6.001321210170878,61,178.5738507537826,ArchType.II
0,137,1.217716120782286,0.0,3.272727111510879,16.36364041404236,26.301261715385582,6.020820522700611,61,178.556170959471,ArchType.II
0,138,1.1627653143829468,0.0,3.272727144303979,16.36364558178477,26.09876024019015,6.044927379966115,61,178.53401066589208,ArchType.II
0,139,1.1091412632471702,0.0,3.272727037690607,16.363643517176403,25.853046269791683,6.075677547719232,61,178.50701991271796,ArchType.II
0,140,1.0204196604487692,0.0,3.2727268987502187,16.363647277148473,25.541132735876012,6.1166760561577656,61,178.47479939269817,ArchType.II
0,141,0.9687629071958452,0.0,3.2727265129239522,16.363638449530082,25.205368873626384,6.163333184085399,61,178.43652531432883,ArchType.II
0,142,0.9580770958193127,0.0,3.2727260367985034,16.363623410750098,24.91192293817061,6.205194948798871,61,178.39203855895778,ArchType.II
0,143,0.9429043893699226,0.0,3.272725747709745,16.36362324875221,24.677615677009946,6.238967304528613,61,178.34209645080347,ArchType.II
0,144,0.9838577132558048,0.0,3.2727254589126717,16.36361177155356,24.583333438370833,6.257184202250728,61,178.2881627807596,ArchType.II
0,145,1.0368292317103407,0.0,3.272725704618412,16.363624900560044,24.50039807259263,6.274460576162678,61,178.23248182678014,ArchType.II
0,146,1.151701504459815,0.0,3.272725975997532,16.363620234851943,24.386380067975402,6.293424454469171,61,178.1747580108622,ArchType.II
0,147,1.2504201126438608,0.0,3.2727264539161496,16.36364022296992,24.27993392485021,6.306169861427828,61,178.11422091674604,ArchType.II
0,148,1.2582866279102791,0.0,3.2727266274803712,16.363635562806117,24.12937520298433,6.3261569621423,61,178.05127992248327,ArchType.II
0,149,1.3052154675923224,0.0,3.2727264955660815,16.363608602393388,23.962472328010946,6.348146194531125,61,177.98474717712185,ArchType.II
0,150,1.2478808950811495,0.0,3.272726780743094,16.363637488393245,23.769974254652052,6.374829242731366,61,177.91470072936778,ArchType.II
0,151,1.2442621580393303,0.0,3.2727267435628606,16.363636054125763,23.56415393152462,6.402654925792307,61,177.84075990295167,ArchType.II
0,152,1.216195559251233,0.0,3.2727267693628317,16.363645586382912,23.340849240680168,6.4332492374901795,61,177.76276306152107,ArchType.II
0,153,1.2079254158257515,0.0,3.2727266978828076,16.363647028416995,23.102852312368768,6.465903865082582,61,177.68039347839107,ArchType.II
0,154,1.2205983931889104,0.0,3.272726502204327,16.363636324991983,22.853200091865205,6.499652217050762,61,177.59341096496337,ArchType.II
0,155,1.229190445120295,0.0,3.2727263193673237,16.36362839352003,22.599520341885864,6.533348037943934,61,177.5017999114964,ArchType.II
0,156,0.77651986783553,0.0,3.2727252005533933,16.36386149146423,22.406785476081343,6.571488774090952,61,177.40626930236567,ArchType.II
0,157,0.6346597616991735,0.0,3.272725324790005,16.36402833240592,21.925238544099034,6.6377728695188996,61,177.3082139434792,ArchType.II
0,158,0.6012402487330887,0.0,3.2727257717526657,16.364087123755183,21.45046455926233,6.692544644173834,61,177.20337741088656,ArchType.II
0,159,0.5719795793106565,0.0,3.2727259183167896,16.364106187054666,20.99604932777012,6.740685595290253,61,177.09171186828405,ArchType.II
0,160,0.5485831394489092,0.0,3.27272588622387,16.36410416907261,20.55414142276827,6.785936848605417,61,176.97406275939733,ArchType.II
0,161,0.311223920498504,0.0,3.2727258351643247,16.364987834392213,20.182050028266186,6.821943931821173,61,176.85114863586205,ArchType.II
0,162,0.2839627642638262,0.0,3.272726015015281,16.36581971184589,19.78206416134624,6.855024603390799,61,176.72436631774667,ArchType.II
0,163,0.2688999111198292,0.0,3.272726241225756,16.36616625699963,19.344878776352406,6.8933173310094835,61,176.5931392517067,ArchType.II
0,164,0.2502329777584427,0.0,3.272726535975966,16.36626829169193,18.877397994892295,6.934882424691231,61,176.4576426696757,ArchType.II
0,165,0.25216993165251933,0.0,3.272726825156469,16.366222705452433,18.37342712731658,6.979922638502115,61,176.3182708435035,ArchType.II
0,166,0.32734053089649706,0.0,3.272727001299487,16.366408741215654,17.827980073781283,7.029291963390042,61,176.1749049377421,ArchType.II
0,167,0.3190958574017374,0.0,3.2727269863290065,16.36823248753717,17.349266198849513,7.0628735701803365,61,176.02688632201932,ArchType.II
0,168,0.28342831350305836,0.0,3.272727248927635,16.368759180787393,16.791969760449,7.105352451270292,61,175.8768399505592,ArchType.II
0,169,0.28006934340125106,0.0,3.2727274702685385,16.36855030359022,16.177577372095115,7.153819543011685,61,175.723957138059,ArchType.II
0,170,0.28677199110215457,0.0,3.272727513143796,16.368104307761342,15.567701430347784,7.200281062659601,61,175.56771923827853,ArchType.II
0,171,0.2890595383677179,0.0,3.2727272041902427,16.36947197063356,15.08224255285013,7.223376755964592,61,175.40953918456762,ArchType.II
0,172,0.35835156248058875,0.0,3.272727120267086,16.370707783288577,14.662355171703743,7.237646820081535,61,175.25507727050496,ArchType.II
0,173,0.3701887545158968,0.0,3.2727268721591325,16.37153678685768,14.490802515630948,7.227204769068606,61,175.10890866088567,ArchType.II
0,174,0.365361658885498,0.0,3.2727266590108104,16.371868533133153,14.280813637537966,7.221679740825325,61,174.98242997741391,ArchType.II
0,175,0.361046555810127,0.0,3.2727256606590784,16.372013177650565,14.075155421977668,7.218111827981599,61,174.87560949706733,ArchType.II
0,176,0.35759123946813864,0.0,3.2727241053412164,16.372071106464418,13.8858194883845,7.216087645950012,61,174.78712542724338,ArchType.II
0,177,0.3544622461839195,0.0,3.2727226551988644,16.372088264347266,13.717522780496491,7.216662654606037,61,174.71506179809296,ArchType.II
0,178,0.35295302790044686,0.0,3.272721767418612,16.372087612251814,13.565320341610347,7.2185957058622705,61,174.6574971008272,ArchType.II
0,179,0.3497571494237273,0.0,3.2727213862155446,16.372067172480836,13.452970717637909,7.21994787812049,61,174.61165380859114,ArchType.II
0,180,0.3480693757762241,0.0,3.2727216988434393,16.37205420329098,13.354285881275139,7.223078722381681,61,174.57617387389854,ArchType.II
0,181,0.34660512039314256,0.0,3.272722269111809,16.372035146313078,13.274644126579172,7.224627338953942,61,174.54887142944074,ArchType.II
0,182,0.3443461698971049,0.0,3.272723175556272,16.372034452882097,13.217274134993627,7.2267048636396165,61,174.5282987976048,ArchType.II
0,183,0.34633220750318805,0.0,3.2727244103741313,16.37207959488136,13.169731663814826,7.2288084971567335,61,174.51360650634473,ArchType.II
0,184,0.3447102281027483,0.0,3.2727251298906364,16.372195278262424,13.152969140536811,7.228624932553959,61,174.50331112670614,ArchType.II
0,185,0.3440193601824428,0.0,3.2727257283534654,16.372230767731182,13.148148846917374,7.228443888401748,61,174.49698062133535,ArchType.II
0,186,0.3183750891646623,0.0,3.2727260585963225,16.372354491596283,13.154863424779375,7.227261391875348,61,174.49409986877208,ArchType.II
0,187,0.2942730226109327,0.0,3.272726386837176,16.372655792776783,13.171366222247109,7.224362780230555,61,174.49437127685292,ArchType.II
0,188,0.27311404617547397,0.0,3.272726538854292,16.373294936006943,13.21294245766182,7.217712249358638,61,174.4976765136696,ArchType.II
0,189,0.2924779185855546,0.0,3.272726623717221,16.37408422107754,13.273417614411889,7.209444545152664,61,174.5042300872783,ArchType.II
0,190,0.31091646637337295,0.0,3.2727267110603524,16.375088271945994,13.361581876701226,7.199060925432817,61,174.5139625091535,ArchType.II
0,191,0.3509078506013803,0.0,3.2727266918499334,16.37636770653073,13.472499151079223,7.185515796588388,61,174.5271200103743,ArchType.II
0,192,0.3798970650289112,0.0,3.2727265689051217,16.377698722326816,13.577005710647628,7.1711482444795145,61,174.5432886810283,ArchType.II
0,193,0.4033053261979996,0.0,3.2727266584763055,16.378892859050033,13.689321451216472,7.158040054227716,61,174.5606764221169,ArchType.II
0,194,0.42802199051305206,0.0,3.272726817130985,16.379947717662525,13.803599719673683,7.146338929254447,61,174.57890910339137,ArchType.II
0,195,0.45245342627788837,0.0,3.272726935494668,16.38094692976004,13.915663421624279,7.134970059919202,61,174.59761158752207,ArchType.II
0,196,0.47458884913096167,0.0,3.2727270301269793,16.381874044387132,14.023586818098206,7.124182802531628,61,174.61628688049058,ArchType.II
0,197,0.49605766852779026,0.0,3.2727270849895462,16.382686788797862,14.123393989187285,7.114144392692964,61,174.634507476804,ArchType.II
0,198,0.5082386754018562,0.0,3.2727271647467537,16.38341221342358,14.217668519671859,7.1051653169868265,61,174.65181414794648,ArchType.II
0,199,0.544031849152435,0.0,3.2727270993454067,16.384114083660755,14.302709254754001,7.096095251306557,61,174.66845010375704,ArchType.II
1,0,0.0,0.0,2.054138056816013,6.380191114616883,9.105586046419527,0.7250383907115819,61,4.656277008056638,ArchType.V
1,1,0.0,0.0,2.3533437941016433,10.391422057791653,20.825288345478597,1.0109608949252233,61,8.420303253173822,ArchType.V
1,2,0.0,0.0,2.65973180514673,12.598135242713461,31.19974285430521,2.2510157678873433,61,10.686071289062491,ArchType.V
1,3,0.0,0.0,2.8973400789376234,14.051198259591352,40.34327328844595,3.6715456499393766,61,12.725761932373024,ArchType.V
1,4,1.1283488218403743,1.1283488218403743,3.041854044261538,14.890271637899183,49.77815065391506,5.426667203084946,61,15.65162966918942,ArchType.V
1,5,1.3163764779676275,1.3163764779676275,3.1407057159810643,15.346070834463166,48.00705828711618,5.434118235055943,61,19.775268096923764,ArchType.V
1,6,0.9488516370431456,0.9488516370431456,3.1515263639138476,15.445343668276937,50.06272105299512,5.6890778407043765,61,24.289640502929633,ArchType.V
1,7,0.1239647158856033,0.1239647158856033,3.107971808885938,15.320426555886387,50.30608430911439,5.643607702698829,61,28.994590728759693,ArchType.V
1,8,0.0,0.0,3.0326674202622232,15.039311099709977,49.74694112194883,5.608303171859213,61,33.93484823608394,ArchType.V
1,9,0.0,0.0,2.9657401304295674,14.772104492187074,50.39882708021805,5.600918522350087,61,38.887810058593686,ArchType.V
1,10,0.3704599108965901,0.3704599108965901,2.9395200317275485,14.690014855375578,51.69892761691339,5.728156725093073,61,43.67394000244134,ArchType.V
1,11,0.33836565693740944,0.33836565693740944,2.957970693878543,14.79613680419849,52.887611314978614,5.661849801445338,61,48.346219543456996,ArchType.V
1,12,0.43250130329124853,0.43250130329124853,3.003412255995123,15.03221033576662,54.950769109530256,5.901446888414037,61,53.01427035522458,ArchType.V
1,13,0.5619618221879207,0.5619618221879207,3.060502746545475,15.353908297574646,57.47815611402067,5.86481035818947,61,57.57615679931632,ArchType.V
1,14,0.6365769038543635,0.6365769038543635,3.1108344524586387,15.636165565643905,59.81512169052421,5.872396170271999,61,62.22612347412108,ArchType.V
1,15,0.6377717406039933,0.6377717406039933,3.1561876777449056,15.901967653662822,62.53973356121549,5.8977635064614535,61,67.01181030273442,ArchType.V
1,16,0.5630535307355413,0.5630535307355413,3.200695311852354,16.13653442518933,64.77348910247012,6.100640683886701,61,71.8895845336916,ArchType.V
1,17,0.6111875423503595,0.6111875423503595,3.234373031544263,16.32517914414665,67.0728926086178,6.288294602773482,61,76.78560403442411,ArchType.V
1,18,0.6118771942989255,0.6118771942989255,3.2553018038188966,16.4711099978859,68.23808947615571,6.114976221357641,61,81.69543563842795,ArchType.V
1,19,0.5979728552523648,0.5979728552523648,3.266125293003856,16.537797138147596,69.50118494097181,6.2066612833485575,61,86.5792583923341,ArchType.V
1,20,0.5926502353760971,0.5926502353760971,3.273121043937001,16.595364379960568,70.61260338211837,6.193083429285702,61,91.46006997680674,ArchType.V
1,21,0.5284390652646828,0.5284390652646828,3.2787440844150986,16.620595633544657,71.56793249124998,6.397642450574666,61,96.37197113037114,ArchType.V
1,22,0.5834496887645891,0.5834496887645891,3.283527838116166,16.667368824246775,72.65909802687747,6.3288613808547955,61,101.4113162536622,ArchType.V
1,23,0.517694019310038,0.517694019310038,3.2857123063466673,16.676524274899844,70.04112941231931,6.436249726391912,61,106.43308883667005,ArchType.V
1,24,0.4079663713772141,0.4079663713772141,3.284341929105691,16.624405491922136,62.48438470901733,6.4835400360782,61,111.47295159912109,ArchType.V
1,25,0.2907967694285647,0.2907967694285647,3.281874079175021,16.56660036594017,57.61409104236012,6.6247509673340526,61,116.55189913940437,ArchType.V
1,26,0.09304098965448514,0.09304098965448514,3.2754367317571496,16.479692601587217,50.7896688409762,6.456271797979283,61,121.61891680908197,ArchType.V
1,27,0.2013770482019544,0.2013770482019544,3.2676391346637508,16.381311303936744,44.375197139010595,6.847502784427291,61,126.61881359863271,ArchType.V
1,28,0.18624300951325665,0.18624300951325665,3.262637947551305,16.326229521125555,38.17116322103117,6.744533167041974,61,131.5967661132813,ArchType.V
1,29,0.12536229342704933,0.12536229342704933,3.2636662256860416,16.31893825671695,32.91125945887918,6.727311999387705,61,136.56339199829117,ArchType.V
1,30,0.4177726859618773,0.0,3.265105370581985,16.32408562298476,27.898688834125327,5.816151881789851,61,141.4639755859374,ArchType.V
1,31,0.1977687914039382,0.0044235461138465975,3.2652904756731504,16.3250551279347,24.493698810942323,5.427904271023672,61,146.3349097290039,ArchType.V
1,32,0.18925871868308813,0.0,3.2674353675390204,16.335550537713086,23.21410834098478,6.168838242027434,61,151.1770585021974,ArchType.V
1,33,0.8943524263885526,0.0,3.2700062173272744,16.347663266529374,21.14664654502703,5.701640261505115,61,155.9457015075686,ArchType.V
1,34,0.7144711947316845,0.0,3.271215231336646,16.35476722431374,22.00831148840496,5.358024896801186,61,160.65719473266606,ArchType.V
1,35,1.7419359458947459,0.0,3.258858649140455,16.293761236175705,61.075764619261186,2.7095825770696726,61,165.3252828063967,ArchType.V
1,36,1.373826045177641,0.0,3.214277532116124,16.07598077459833,60.772887685803354,0.8479993643763475,61,169.85584301757845,ArchType.V
1,37,1.150996002915946,0.0,3.147763597551673,15.74731338551195,56.73919990635926,3.0916946440654005,61,174.22438418579125,ArchType.V
1,38,0.5411692337773026,0.0,3.055160703740793,15.290599183518067,48.22268426242586,3.4572592272327434,61,178.23766979980476,ArchType.V
1,39,0.5129940870058779,0.0,2.9508918550700587,14.771430524919689,35.85302180519243,0.9368928299161827,61,181.45409524536117,ArchType.V
1,40,0.45390751963674447,0.0,2.892195505920575,14.475040707079682,29.89916636278382,2.289260581347131,61,181.7379810485838,ArchType.V
1,41,0.42776851003825,0.42430528695646946,2.954834145566387,14.79699573911333,32.62088704752486,3.6335897405987163,61,181.26194638061529,ArchType.V
1,42,0.4166823323791514,0.4133255307785932,3.069009881510218,15.370840145321543,34.20018053694296,3.611679218294007,61,181.22556208801248,ArchType.V
1,43,0.4296038562417823,0.4296038562417823,3.1552240084685903,15.78725151412527,35.71763311704464,3.59405220628453,61,181.28186894226022,ArchType.V
1,44,0.40407704375860487,0.40407704375860487,3.2084663448438038,16.05105121726929,36.806398441694405,3.596964258091594,61,181.61761332702608,ArchType.V
1,45,0.39038605709752994,0.3732599318070767,3.2394993646211896,16.21432384284395,37.23654488478509,3.603238749536842,61,182.13219851684536,ArchType.V
1,46,0.38705337046161453,0.34730230790392874,3.256861784715277,16.31392464553867,38.02719033117977,3.5671248239985123,61,182.78348123168902,ArchType.V
1,47,0.38220504425705437,0.32098544949826546,3.266467141463665,16.377299166987253,38.50630092360325,3.589062029771069,61,183.5325111389154,ArchType.V
1,48,0.38004708170869467,0.3007451841880659,3.2718579403747214,16.420934188140013,39.43280850947196,3.5580960509386226,61,184.34441909789965,ArchType.V
1,49,0.5553394615800196,0.4963571406988625,3.274023361768568,16.422508923174618,39.911186940436,3.5610220220888884,61,185.1993288726799,ArchType.V
1,50,0.5506472406914934,0.4945142786711057,3.273872634915747,16.390496483705004,40.45062686398094,3.603369733264542,61,186.10060411071694,ArchType.V
1,51,0.5906888181339447,0.4514220371231102,3.272998221590517,16.378964457690383,41.61497813060408,3.6148693881756095,61,187.22669486999425,ArchType.V
1,52,0.45088858405880955,0.4009903411204906,3.274638567101444,16.429495213918976,42.86659969356599,3.6354384287727557,61,188.15998316955475,ArchType.V
1,53,1.3613567360039844,0.7354950310020729,3.2723273068257552,16.324109561027498,42.93357344002173,3.6545603524857873,61,188.9649317016592,ArchType.V
1,54,1.342286116213127,0.7687932765136385,3.269307788790228,16.217511934573057,42.81743289952359,3.6561006284210507,61,189.65052563476488,ArchType.V
1,55,2.294549322097174,1.3910943003769838,3.268951162636287,16.156814597963464,43.00107355411173,3.638831733013571,61,190.37551805114666,ArchType.V
1,56,3.3815066495599226,1.3716009084816803,3.2706021088321395,16.145403734878787,43.27019851355343,3.6245781205911833,61,191.05879872131263,ArchType.V
1,57,2.951026626132065,1.1197689041313963,3.2719602365089844,16.16536158969738,43.7482258706731,3.600471375406047,61,191.7724584655754,ArchType.V
1,58,2.352956120991676,1.0857139350281957,3.273803901139173,16.21654117296958,44.55511707887044,3.575294965949964,61,192.44187265014565,ArchType.V
1,59,1.8971799657437873,0.6121758846960317,3.2754029954430064,16.281020721743182,45.83251083098889,3.5702666892161674,61,193.1331434936512,ArchType.V
1,60,1.2547266211421348,0.5589512108438335,3.275972042170838,16.325646316988934,47.12002153246683,3.5247942924363818,61,193.7542440185534,ArchType.V
2,0,0.0,0.0,2.04636005285752,6.350146854266218,8.374541350915063,0.7360718654737333,61,4.61091812133789,ArchType.II
2,1,0.0,0.0,2.283711902778963,10.015931389376973,21.062339563782658,1.0688603609111202,61,9.08827731323242,ArchType.II
2,2,0.0,0.0,2.4972672675284526,11.670365794935968,34.16977649164008,3.0633100095131556,61,13.448489929199225,ArchType.II
2,3,0.0,0.0,2.6600097682296324,12.88807704038239,47.883359903888596,5.225763068785854,61,17.578691497802755,ArchType.II
2,4,3.280530614783994,3.280530614783994,2.8156694191730476,13.931796992120939,51.937402670343054,6.029328522412795,61,21.4972984924317,ArchType.II
2,5,1.756313951415722,1.756313951415722,2.929823603314692,14.600650538825223,52.21054622481165,5.8671626477761745,61,25.359550292968816,ArchType.II
2,6,1.8161626079354545,1.8161626079354545,3.0094652621515716,14.960696170587415,54.395950383650394,6.1281834514564135,61,29.210071624755887,ArchType.II
2,7,1.696214304624877,1.696214304624877,3.088793579488694,15.430124389398536,56.535187723715296,6.048823622200666,61,33.06965667724611,ArchType.II
2,8,1.367413481444154,1.367413481444154,3.1507156566307835,15.76820645759835,58.4382223981057,6.023446897724542,61,36.9158546142578,ArchType.II
2,9,1.4354113322711406,1.4354113322711406,3.1956529878607625,16.036073047119356,60.34856760607298,6.063250059406167,61,40.75000888061525,ArchType.II
2,10,1.2134880123004859,1.2134880123004859,3.2251892758051124,16.221289019266916,61.94257408384212,6.119033810368284,61,44.56220477294925,ArchType.II
2,11,1.1390384840692553,1.1390384840692553,3.2434678757442748,16.339571124500377,63.455345558949176,6.253137041237624,61,48.319122039795,ArchType.II
2,12,1.0711876953637784,1.0711876953637784,3.2570212223518094,16.45374049638868,64.61618646993188,6.316903481513856,61,51.95065280151375,ArchType.II
2,13,0.9998989408372735,0.9998989408372735,3.2648038393428416,16.49739880697528,65.55765579351667,6.333320866579323,61,55.4479186401368,ArchType.II
2,14,0.8882196514427895,0.8882196514427895,3.269255240584091,16.508436259216616,65.94047776836345,6.359698402064794,61,58.873794586181766,ArchType.II
2,15,0.7916248712848173,0.7916248712848173,3.2720968248183073,16.501915543274993,66.17802623400675,6.516028884173254,61,62.2818552856446,ArchType.II
2,16,0.7761967313775595,0.7761967313775595,3.274830623930126,16.514725348922564,66.47552786865677,6.648829059656195,61,65.71389355468764,ArchType.II
2,17,0.7044741793152411,0.7044741793152411,3.275463729971104,16.509397653968882,66.2715351959504,6.5966962122300785,61,69.18968341064465,ArchType.II
2,18,0.6420506566839151,0.6420506566839151,3.2745322883629573,16.48922585913756,66.05216397086215,6.585514969928495,61,72.67227407836941,ArchType.II
2,19,0.5864934323591734,0.5864934323591734,3.2729847733218147,16.46458224744492,65.65383670494444,6.607592086752755,61,76.09731414794962,ArchType.II
2,20,0.5260579778136822,0.5260579778136822,3.2714103289022707,16.437170997371005,65.06342318191525,6.716233961418248,61,79.38536312866239,ArchType.II
2,21,0.4850894502007118,0.4850894502007118,3.270535002419124,16.4165049626788,64.42519164735207,6.743426044969198,61,82.526970581055,ArchType.II
2,22,0.45042008632994734,0.45042008632994734,3.2705041883116635,16.404623458522916,63.684250336613836,6.786542243675464,61,85.51303350830108,ArchType.II
2,23,0.4202663698092562,0.4202663698092562,3.2709505058898647,16.398460502960397,63.036122048605,6.867065378688841,61,88.35100430297882,ArchType.II
2,24,0.39442627799265456,0.39442627799265456,3.271658513962267,16.395985591639366,62.1590584995431,6.82211868970339,61,91.0689452514651,ArchType.II
2,25,0.37143132407105295,0.37143132407105295,3.2725094078030517,16.395892829258525,61.49146521768772,6.8391798498550935,61,93.65365856933624,ArchType.II
2,26,0.35105333254492355,0.35105333254492355,3.2735297757704456,16.39787527453848,60.50716590754713,6.7831783816009565,61,96.19500903320329,ArchType.II
2,27,0.30349662729768373,0.30349662729768373,3.273912703082571,16.38692034932913,59.78529598824594,6.859544341917906,61,98.75062126159679,ArchType.II
2,28,0.2879620378138806,0.2879620378138806,3.2742893268145257,16.38020076879589,59.031779201710606,7.028352531263706,61,101.29266006469751,ArchType.II
2,29,0.27233603353238567,0.27233603353238567,3.274622047635331,16.377966804547754,57.339805571904556,7.066402413398906,61,103.8159958801271,ArchType.II
2,30,0.2583282980575466,0.2583282980575466,3.27480514409827,16.377161610893275,56.36752842846843,7.071373755476115,61,106.32372145080595,ArchType.II
2,31,0.2463764313243297,0.2463764313243297,3.274823140406725,16.37662341897192,55.336140513810136,7.080021601531735,61,108.77819715881381,ArchType.II
2,32,0.2352126118590674,0.2352126118590674,3.2747005849288047,16.375904521079395,53.2365842960945,6.939105337602567,61,111.18391256713892,ArchType.II
2,33,0.19763682515336908,0.19763682515336908,3.2739520461408795,16.36298580669385,52.32088552354777,6.924823255970109,61,113.54013150024448,ArchType.II
2,34,0.18821375682595232,0.18821375682595232,3.273316398062685,16.351393151186283,51.42674567473287,6.951524974744555,61,115.85752598571815,ArchType.II
2,35,0.17915838332659575,0.17915838332659575,3.2730231632513824,16.346347935132783,49.529867647275424,6.947181096401029,61,118.13575764465355,ArchType.II
2,36,0.1708718408640518,0.1708718408640518,3.2729125315039806,16.34478505789207,48.680193080814924,6.821803386212614,61,120.37953306579598,ArchType.II
2,37,0.1399131938783791,0.1399131938783791,3.2727503013183283,16.343676151589104,47.90640372341777,6.746783876797879,61,122.56937783813495,ArchType.II
2,38,0.1389405070619453,0.1389405070619453,3.272051062828016,16.33143921467769,47.12541512945802,6.942619721080666,61,124.70876034545904,ArchType.II
2,39,0.13182930825215933,0.13182930825215933,3.271602305344796,16.325878745578382,46.32964803582226,7.1059013688597705,61,126.80965225219745,ArchType.II
2,40,0.1275061786755359,0.1275061786755359,3.2714697860846513,16.327380113541917,45.47122667685685,7.160583705584222,61,128.87492071533222,ArchType.II
2,41,0.12168037907737883,0.12168037907737883,3.2714095586712726,16.329016534107463,43.47285903493584,7.130136371967502,61,130.89811689758335,ArchType.II
2,42,0.08025503201687505,0.07484065405666304,3.2714731894922875,16.334046460170356,42.96642225451393,7.05673276686287,61,132.87552316284194,ArchType.II
2,43,0.11885300772323447,0.04830413021707325,3.271482495474801,16.33810207009891,42.712913256788696,7.129895509857998,61,134.8037718353275,ArchType.II
2,44,0.14574632959598185,0.027952838965319873,3.271593662523925,16.343292855768237,42.24471822674082,7.059673144274518,61,136.68648286438048,ArchType.II
2,45,0.1676076980538853,0.0,3.2717559656888904,16.350530901474112,41.71957531751795,6.902308875011955,61,138.52211843872152,ArchType.II
2,46,0.15423068035022158,0.0,3.2718707096765556,16.35532434847047,40.69997696091113,6.360985363072422,61,140.31648085022044,ArchType.II
2,47,0.11639747365117924,0.0,3.2719262095500623,16.35752368554301,39.36114657131572,5.676092218168934,61,142.07451133728108,ArchType.II
2,48,0.13203468421799208,0.0,3.2719034703586716,16.35846733640412,37.976217783635136,5.074967435154146,61,143.79926286316015,ArchType.II
2,49,0.14694569520302503,0.0,3.2718227711441954,16.358590564846107,37.651835270527734,4.495787945321604,61,145.49751257324345,ArchType.II
2,50,0.15948619469463604,0.0,3.271656380729387,16.358027510283996,35.99676316158991,3.86882278715052,61,147.1634183959975,ArchType.II
2,51,0.15255454946058875,0.0,3.2713813445920232,16.35680306871055,34.24416668954307,3.5097106854257545,61,148.80564877319466,ArchType.II
2,52,0.12120429574656007,0.0,3.2710490754627846,16.35520667763834,33.638823603843264,3.579226840445481,61,150.43363400268657,ArchType.II
2,53,0.12568243509072216,0.0,3.270762498782971,16.353844013636856,31.763255515371444,3.700034576102523,61,152.04703268432706,ArchType.II
2,54,0.11306634836683183,0.0,3.2706671928100377,16.35339007643483,29.88983684799959,4.2709105475573645,61,153.6095426025397,ArchType.II
2,55,0.11355263189781196,0.0,3.270754281814684,16.353826127681586,29.21411876393329,4.943153999976317,61,155.11419476318395,ArchType.II
2,56,0.12512176455004775,0.0,3.2709189513125536,16.354634176701527,27.37885315510589,5.785356863422717,61,156.558496139527,ArchType.II
2,57,0.1309100553585803,0.0,3.271092209950438,16.35547942070139,26.717976796131648,6.65055886841065,61,157.94215870666557,ArchType.II
2,58,0.20664443390709716,0.0,3.2712498710867632,16.35561957650482,26.0514604294572,6.778293913421488,61,159.26788798523,ArchType.II
2,59,0.48197762031084396,0.0,3.2715189755597938,16.361571038751357,25.89741923559548,6.900603755401016,61,160.583491577149,ArchType.II
2,60,0.7309232691142942,0.0,3.2718816487639137,16.380860624340173,27.168134947072527,6.642315255709802,61,161.8912424621588,ArchType.II
2,61,0.7031859467894311,0.0,3.272212198711982,16.382566518057185,26.914871790296164,6.5065162038744075,61,163.1829379730229,ArchType.II
2,62,0.5890174824463019,0.0,3.2724431084155503,16.37860282392735,26.512979407076948,6.530180575871196,61,164.4505526885988,ArchType.II
2,63,0.40574164754233083,0.0,3.2725793959432354,16.37330774919639,27.20796172052097,6.598897712943069,61,165.67596823120124,ArchType.II
2,64,1.9299127008594361,0.0,3.2726448706439526,16.383576542044224,27.727414954401144,6.469021005986662,61,166.85758988952614,ArchType.II
2,65,2.122450567722937,0.0,3.2726868378482576,16.380999452076495,30.262388050244624,6.24166059705825,61,168.0097796325682,ArchType.II
2,66,2.1817718265306225,0.0,3.272677661060156,16.37291214304973,30.510746701902043,5.990001098116039,61,169.13131385803206,ArchType.II
2,67,1.2967511594440384,0.0,3.27254540691825,16.367761689162236,30.047392863028932,6.095716383140055,61,170.19696369934047,ArchType.II
2,68,1.2296392635416713,0.0,3.272335501809246,16.36440031935121,30.851147189000265,6.353430192264422,61,171.17404789733837,ArchType.II
2,69,1.1010704656536279,0.0,3.272121604672633,16.361968716544062,30.31309805022643,6.775512216755224,61,172.04810226440355,ArchType.II
2,70,1.0383316498963826,0.0,3.27200972550065,16.36074038503002,31.408079391517305,7.210438101350954,61,172.81591220092685,ArchType.II
2,71,1.225111732962668,0.0,3.2720451263356454,16.38191700911664,31.32900974671305,7.346626517229568,61,173.52990075683493,ArchType.II
2,72,0.9878866344467994,0.0,3.272161696590193,16.396993704118856,32.3037100801975,7.234176228723723,61,174.22210163879282,ArchType.II
2,73,1.7577470516661324,0.0,3.272290359949226,16.395393859561306,33.40621773127027,7.171505669024492,61,174.9074337310778,ArchType.II
2,74,1.5589169986604183,0.0,3.2724092674921694,16.389289975996057,34.502768732131095,7.147211945387705,61,175.58524092101925,ArchType.II
2,75,0.953953947693803,0.0,3.2725036181940266,16.38260045699795,34.31818988261755,7.047937567746948,61,176.25246923828024,ArchType.II
2,76,0.8506336676337957,0.0,3.2725690468116766,16.377301613471264,35.24575826479973,6.967987987659638,61,176.8958770904531,ArchType.II
2,77,1.4711622604890564,0.0,3.2726127130822693,16.372067215725448,36.15865087665839,6.907913992249654,61,177.51629431152253,ArchType.II
2,78,1.4117360505456107,0.0,3.2726409220594923,16.36914900486422,36.97447723736675,6.868914849568845,61,178.11604020690845,ArchType.II
2,79,1.4654563243851715,0.0,3.2726580677607067,16.36658441169658,37.80259806611384,6.8431410367009695,61,178.6904781799309,ArchType.II
2,80,1.227948299977204,0.0,3.2726650538684514,16.36527022441834,38.935984003873706,6.84384935265399,61,179.24228303527747,ArchType.II
2,81,1.2731686264225457,0.0,3.2726653809377466,16.36441067701262,40.22396186207602,6.86155173616483,61,179.76548178100495,ArchType.II
2,82,0.8640665112115975,0.0,3.272655726861778,16.363751452289666,40.10116293386549,6.876714381540341,61,180.26252816772353,ArchType.II
2,83,1.0874444745015346,0.0,3.272648888322613,16.363492112511487,41.41471863596206,6.8911709579181,61,180.74976408386152,ArchType.II
2,84,1.7295788627455868,0.0,3.2726506386275735,16.36339757527193,42.49081400335622,6.906612261137459,61,181.23019969177187,ArchType.II
2,85,1.8519859555349794,0.0,3.2726569532693524,16.363381179310405,43.52274814228379,6.917346524529608,61,181.70429522705007,ArchType.II
2,86,1.4197197119234954,0.0,3.2726664191706987,16.36341157493304,44.38706881981198,6.921054055280756,61,182.1732662353508,ArchType.II
2,87,2.255552758471082,0.0,3.2726745911516746,16.363393552519977,45.03663698880952,6.91854050004148,61,182.63703416442826,ArchType.II
2,88,2.181386504108959,0.0,3.272682244754003,16.363430484746758,45.64573587408636,6.903351798043145,61,183.09582409667894,ArchType.II
2,89,1.7745544086375657,0.0,3.2726887354289063,16.36349151473611,46.17182214619197,6.885768679323164,61,183.55075238037017,ArchType.II
2,90,1.4702124838324506,0.0,3.2726926068036146,16.36345902815487,46.58831428391131,6.872150014147841,61,184.00064476013097,ArchType.II
2,91,1.4196886472515724,0.0,3.272695709716496,16.363478586177916,47.04205958257396,6.860779670573386,61,184.4446014099113,ArchType.II
2,92,1.2322370718956068,0.0,3.272697988543191,16.363548714758405,47.550403955543814,6.851163320407513,61,184.87994601440346,ArchType.II
2,93,1.3613234094406301,0.0,3.2726956504973206,16.363494802188907,48.31737149192576,6.8814395863431015,61,185.30434869384658,ArchType.II
2,94,1.2496294927861888,0.0,3.2726898477164728,16.36349971546894,49.02101930382271,6.936813451460722,61,185.71398103332422,ArchType.II
2,95,1.131131219210947,0.0,3.2726811587966917,16.363466224040316,49.658115921968204,7.006724694932585,61,186.10633187866108,ArchType.II
2,96,0.8736671030025988,0.0,3.2726710462599193,16.363396018871168,48.820820524637874,6.99741925588744,61,186.47861614990137,ArchType.II
2,97,1.2594090654921088,0.0,3.272660906445009,16.363300222364185,49.141784539952354,6.993297986102428,61,186.82943753051643,ArchType.II
2,98,1.3173046515504045,0.0,3.2726578300178275,16.363262978746523,49.568250333589035,7.022400243079154,61,187.1644301300036,ArchType.II
2,99,2.0884815063737854,0.0,3.2726721254644486,16.36330920862616,50.0659585180039,7.036043116359914,61,187.49706616210813,ArchType.II
2,100,1.9957819858696288,0.0,3.272693296143707,16.36346466173054,50.530726760727305,6.990602858290577,61,187.83205120849505,ArchType.II
2,101,1.580290435633869,0.0,3.27270031172231,16.36345664086091,50.7703760295719,6.895277686830436,61,188.17401934814342,ArchType.II
2,102,1.7347125710999922,0.0,3.272712888328596,16.363503661316717,51.128977175288334,6.893152954170592,61,188.52488604736192,ArchType.II
2,103,1.6983292537434511,0.0,3.2727197386213343,16.363567438857533,51.621008220377156,6.895135870974791,61,188.8807226867665,ArchType.II
2,104,1.6695013873226745,0.0,3.2727231921252717,16.363602005186873,52.18524875932729,6.89858291568167,61,189.2422906188953,ArchType.II
2,105,1.5020216629623393,0.0,3.272724835354347,16.363613545435996,52.78135821243406,6.905938564579015,61,189.61010043334852,ArchType.II
2,106,0.9918624656804488,0.0,3.27272461417706,16.363696796283673,53.33330388108355,6.88546152826671,61,189.98426895141495,ArchType.II
2,107,0.8643769635026097,0.0,3.2727210616506577,16.363632362082054,52.386449118997106,6.768859520184467,61,190.3665469818107,ArchType.II
2,108,1.9132564149352633,0.0,3.272720012522163,16.36362771081505,52.871546667080715,6.621121025399601,61,190.75915916442784,ArchType.II
2,109,2.162832505320176,0.0,3.2727217532351025,16.363591608860904,53.44955024044256,6.523089019116865,61,191.16240309142978,ArchType.II
2,110,2.2492913326189368,0.0,3.2727243742470598,16.3636453144876,54.17227356410005,6.434982592955971,61,191.57534217834353,ArchType.II
2,111,1.8287050621272491,0.0,3.272723782326297,16.363553257751942,54.8552275060094,6.388046101037992,61,191.99897846984726,ArchType.II
2,112,1.6167177186008428,0.0,3.2727238123245592,16.36365822875114,55.402726121143,6.386957206228263,61,192.43150325012056,ArchType.II
2,113,1.5979809467837602,0.0,3.272725603043068,16.363824836044998,56.02798803406394,6.383685408786443,61,192.87012992858757,ArchType.II
2,114,1.3375988513442199,0.0,3.2727179392555943,16.36366234021873,54.59965653008995,6.231731120657186,61,193.31651213073627,ArchType.II
2,115,1.582459977781575,0.0,3.2727163810293245,16.363564721950443,54.57144062426946,6.191268591686455,61,193.77445964050202,ArchType.II
2,116,1.6182386177978103,0.0,3.2727134969178726,16.36362145750924,54.59763046203971,6.188592527781065,61,194.24231127929596,ArchType.II
2,117,2.344231396658936,0.0,3.2727057186018733,16.363621395632066,54.78648499126261,6.218198373338362,61,194.725577789306,ArchType.II
2,118,1.50366132081473,0.0,3.272688344810276,16.363482983638864,53.45744614612148,6.17780209959656,61,195.23556565856853,ArchType.II
2,119,2.334872048010564,0.0,3.272669904423841,16.3634590743993,53.261098528423716,6.132942027371659,61,195.77719950866623,ArchType.II
2,120,1.2959125073411863,0.0,3.272665840172451,16.363403990229223,53.13206433813452,6.209231850554398,61,196.39042970275779,ArchType.II
2,121,1.7066871293567558,0.0,3.2726784268794975,16.363516394281092,51.704120914298386,6.312617261795633,61,197.08563520812885,ArchType.II
2,122,1.603399788742293,0.0,3.2726924784406606,16.363662366981462,51.741123111379174,6.452145171266313,61,197.868252746581,ArchType.II
2,123,2.400375279669226,0.0,3.2726973166509175,16.36279585016988,52.7947815862326,6.565157320407942,61,198.74852180480838,ArchType.II
2,124,3.3905741445242827,0.0,3.27271759266641,16.363481579436893,53.318988628325606,6.617309236239581,61,199.7308921661368,ArchType.II
2,125,2.230063306113864,0.0,3.2727122606130523,16.363684560078106,55.06468469324409,6.9336420806602845,61,200.83522143554586,ArchType.II
2,126,2.2710689392581633,0.0,3.2726988241268034,16.363562974570744,56.10082676648098,7.389213355216308,61,202.13045733642497,ArchType.II
2,127,1.5233856422083334,0.0,3.272677256814193,16.36328822743955,55.67167945471531,7.568810899411845,61,203.59963610839787,ArchType.II
2,128,1.8630848875483563,0.0,3.2726460416386525,16.363796034291575,57.08990548773322,7.4272464542664025,61,205.222784835815,ArchType.II
2,129,2.8612670631411405,0.0,3.2725770565903445,16.362484079254767,57.41715439184512,7.013655228851292,61,207.02060807800223,ArchType.II
2,130,3.4587822604194054,0.0,3.2726409724718515,16.363073030465806,58.086232385828446,6.54702490139576,61,209.04064656066822,ArchType.II
2,131,1.3158605024723267,0.0,3.272702044184619,16.364510363136976,55.65523314363033,6.582253754369824,61,211.28691349792433,ArchType.II
2,132,2.247183493339797,0.0,3.2726852329471274,16.363801613407457,55.282058259540655,7.490437835298451,61,213.8680844116206,ArchType.II
2,133,1.1817305978600787,0.0,3.2726288392002503,16.36245146511017,55.58186589920859,7.889491037970365,61,216.8113665771478,ArchType.II
2,134,2.8287306947396664,0.0,3.2714862981854784,16.35697126188371,54.097685111225076,6.712544239536494,61,220.01451971435506,ArchType.II
2,135,1.4815195963225771,0.0,3.267255320993981,16.33808010769544,54.191013554474814,5.9397648590053045,61,223.41086706542933,ArchType.II
2,136,2.2983442422414697,0.3502935605248625,3.2608580503630664,16.341619463285447,55.89571582536905,6.194141368516242,61,227.03220718383727,ArchType.II
2,137,2.2397909903647255,0.7959103209212994,3.25689699340204,16.494052493156733,54.490878697813876,7.605274840564268,61,230.81499734496992,ArchType.II
2,138,4.6892084093273585,0.0,3.2439772240429083,16.496440083102414,54.822565129716544,8.482270236926231,61,234.50357516479386,ArchType.II
2,139,4.408378568839397,0.45888656076838014,3.2242325181448863,16.277823093596535,57.452362361152815,8.529326208142798,61,238.0580159606925,ArchType.II
2,140,4.982021746559859,0.7182775538332943,3.2204351488040985,16.29155538020645,57.04524942753112,8.633018434214765,61,241.62408651733313,ArchType.II
2,141,3.356029812198493,1.0836352427326115,3.232830012600872,16.559592693361633,54.93533480612813,8.603629138110458,61,245.15678042602423,ArchType.II
2,142,3.9054282553217807,1.063725357425859,3.2466488670018903,16.72799318777401,56.77382107563187,8.633517668795559,61,248.486880035399,ArchType.II
2,143,5.815151341303432,1.174951347165115,3.2623714052244135,16.857269910535223,55.867324669234776,8.818320158696434,61,251.20152481078952,ArchType.II
2,144,2.2827904106165966,0.9898956825991599,3.2744879968522502,16.862046914444527,55.764567689053315,8.987545647429505,61,253.17632072448606,ArchType.II
2,145,2.775582747074926,0.8688927165643087,3.284346728239969,16.874658815156238,89.35126125372595,9.013788989645336,61,254.45178260803078,ArchType.II
2,146,3.8079145659048605,1.0256653584499185,3.2933302481731026,16.961733638599174,89.69058386032262,7.750740346165031,61,255.1242648620589,ArchType.II
2,147,3.3311012367979083,0.0,3.2846459399793253,16.769622688677696,88.76077550485674,6.968774776967497,61,255.26409591674633,ArchType.II
2,148,2.503146169737316,0.0,3.2786349180973375,16.571989906899642,86.76604837758174,6.72207464141745,61,255.05094187927102,ArchType.II
2,149,2.5400710397434803,0.026144410290056874,3.2756139916566855,16.47348020269939,85.71542947171912,6.624271683967532,61,254.69805699157592,ArchType.II
2,150,2.2871125857460366,0.018607771513834522,3.274139553000577,16.430028930591025,85.61476680334673,6.594267806774073,61,254.28166059875377,ArchType.II
2,151,2.5998600288419453,0.010102370946281095,3.2734232959756056,16.406596332388418,85.50526618536188,6.582771198761123,61,253.8448441467272,ArchType.II
2,152,2.3525449376357024,0.015274884683047616,3.2730760682106097,16.387754003092844,85.28140999157537,6.590256839584148,61,253.40213778686405,ArchType.II
2,153,1.8484548447658835,0.008430687098091649,3.272904564695149,16.380387186544226,85.1710531794993,6.586883592940449,61,252.9564957885728,ArchType.II
2,154,1.6367423761457365,0.0013508510258249927,3.272818284011236,16.37655965829953,85.08600293152415,6.572183525559212,61,252.5057982482898,ArchType.II
2,155,1.9433473114645186,0.0,3.2727730653936287,16.37291235984818,84.99164145972979,6.560824369947323,61,252.04676712035996,ArchType.II
2,156,1.2377395726056775,0.0,3.272753528344477,16.368020992027972,84.72930999107484,6.574048500725321,61,251.5810384063704,ArchType.II
2,157,0.9223610127366387,0.0,3.2727562772708487,16.39038375748487,85.03864792762265,6.5106310185003835,61,251.10926419067198,ArchType.II
2,158,0.6133828313051366,0.0,3.2727610145594075,16.42495027190439,85.44699438070985,6.473854700645026,61,250.61958610534504,ArchType.II
2,159,0.9806559048297007,0.0,3.2727655528030986,16.451778662056263,85.90053607811934,6.445358032039812,61,250.1141598052959,ArchType.II
2,160,1.0516158691658246,0.0,3.2727687388662403,16.43921565997352,86.21768623595152,6.464949816362449,61,249.59664048766922,ArchType.II
2,161,0.9305257576469373,0.0,3.2727609421118586,16.423442278107533,86.33247750443067,6.485039338913168,61,249.07883062743957,ArchType.II
2,162,0.7563033540535662,0.0,3.272753103711949,16.409265449027565,86.43243849450201,6.501181764368689,61,248.56316635131634,ArchType.II
2,163,0.7486116796872943,0.0,3.272749310793652,16.40194113672,86.49505423468494,6.51873674929743,61,248.05018896484177,ArchType.II
2,164,1.001067978535469,0.0,3.272747745222072,16.403224072515243,86.42510564519488,6.5516098379668755,61,247.54006715392876,ArchType.II
2,165,0.6211648781541214,0.0,3.27275000864486,16.444330151888938,86.3330723182425,6.577142958608234,61,247.03484881591578,ArchType.II
2,166,0.6394920942583975,0.0,3.272752600631788,16.481556908741773,86.18225451595006,6.559581592463777,61,246.53188482665797,ArchType.II
2,167,0.681656772563444,0.0,3.2727497795181653,16.49918175635404,86.02530584369913,6.54576101096754,61,246.01999206542774,ArchType.II
2,168,0.7089157784759008,0.0,3.2727452199260356,16.50705500269988,85.88763651773334,6.531364066584243,61,245.49734519958287,ArchType.II
2,169,0.7774679814649187,0.286629902771908,3.2727406187314037,16.50995518423156,85.69205807184753,6.50707692003097,61,244.9630519561748,ArchType.II
2,170,0.8371003284501773,0.0,3.2727368681186717,16.5095099627972,85.45077884691871,6.487517730241863,61,244.41671202087224,ArchType.II
2,171,0.8805155222794917,0.0,3.2727345121607474,16.50814009988374,85.23230930098755,6.473054215893873,61,243.8588893585188,ArchType.II
2,172,0.9095541688381539,0.0,3.2727332373325626,16.506880450544877,85.0245589093218,6.463274293621413,61,243.2927482147203,ArchType.II
2,173,0.9272023869388072,0.0,3.2727328688713424,16.5059965570209,84.82896084146759,6.455157326517985,61,242.7209251251207,ArchType.II
2,174,0.9435599624817423,0.0,3.272732629260732,16.505177706103566,84.73315969278694,6.442504402608197,61,242.1450107727037,ArchType.II
2,175,1.0057058812630428,0.0,3.272732420315164,16.50199031431084,84.73125557288459,6.419465881592163,61,241.56433041381706,ArchType.II
2,176,1.0372886903864407,0.023833338842934062,3.272732354438139,16.499793860154597,84.67482443443606,6.399937230714459,61,240.97681600951995,ArchType.II
2,177,1.009768572382315,0.04781958875789331,3.2727324098646484,16.498762503890184,84.57253636613746,6.3810523784030115,61,240.383554702757,ArchType.II
2,178,1.0069036320418951,0.0494062764638326,3.27273231303297,16.49865532939387,84.43594256816134,6.362653092776768,61,239.78515275573523,ArchType.II
2,179,0.9956003882954306,0.059678475845434176,3.2727320897384513,16.498517034868094,84.27513588561531,6.345734898984134,61,239.18218269347938,ArchType.II
2,180,0.9929151726883867,0.06123259231705517,3.272731926767771,16.49882738339677,84.10504473820393,6.328005032472103,61,238.57518984985143,ArchType.II
2,181,0.9928078312016543,0.060036908888004475,3.2727316751022815,16.498999248165052,83.91358234119069,6.311512833465789,61,237.96412185668748,ArchType.II
2,182,1.008423471269967,0.04390653764243814,3.2727313808035805,16.499145687551803,83.70345311215893,6.29526833908032,61,237.34940118407985,ArchType.II
2,183,0.9912517231392161,0.05815773186743873,3.272731234534197,16.499377221018985,83.4817645006665,6.278733864567602,61,236.731205581663,ArchType.II
2,184,1.0223982667029938,0.02489516185640236,3.2727308641629325,16.49878457462341,83.2336774575753,6.26261319867588,61,236.109543106077,ArchType.II
2,185,0.9448555300392053,0.07557370909476487,3.272730504626674,16.494821066306518,83.12090658273064,6.228222147849309,61,235.4843367156961,ArchType.II
2,186,1.0078322505931627,0.011967090052185936,3.272729646374762,16.491240748496516,83.20294914255838,6.19098676547628,61,234.85033801269287,ArchType.II
2,187,1.0068294422587345,0.009304601637531275,3.2727289524349046,16.487736227824573,83.26431780635802,6.155474835872903,61,234.20539033508078,ArchType.II
2,188,1.0029021842795838,0.008535021095204855,3.2727287115402834,16.485032535751685,83.24422204774606,6.120836836972944,61,233.5498008422827,ArchType.II
2,189,0.9993505641557605,0.008655715026069162,3.2727285859067567,16.482920893887027,83.16830909691653,6.08616377079599,61,232.88424176025126,ArchType.II
2,190,0.9947150179729525,0.008883358492503827,3.2727284394508342,16.481102201081402,83.06265049842345,6.051609545118665,61,232.20916073608106,ArchType.II
2,191,0.99490297672545,0.005928391533743223,3.2727282956161727,16.47935618332337,82.93792676627346,6.0168312000416675,61,231.5248739929172,ArchType.II
2,192,0.9941129863987764,0.005000101310905456,3.2727280065909032,16.47764927048078,82.80934203044374,5.979731633430504,61,230.8305718383761,ArchType.II
2,193,0.9934302029276382,0.004313685831478382,3.27272760556676,16.47608383435602,82.66573589660362,5.943606046187594,61,230.12591740417173,ArchType.II
2,194,0.9401801460038383,0.003355958297891705,3.272726624962616,16.46101766748175,82.38592621558271,5.913930048401395,61,229.4110179443328,ArchType.II
2,195,0.9016220931991012,0.0642439286449092,3.2727228676088114,16.431213823562434,81.75801109970195,5.891254083497872,61,228.68911172485014,ArchType.II
2,196,0.8591218890967051,0.09106693777376074,3.2727137963740494,16.405255842612274,80.89608403043806,5.874283655969575,61,227.96410520934745,ArchType.II
2,197,0.9656531361309377,0.1318548263202093,3.2727102643637034,16.384926459189327,80.07966094176578,5.852588337913182,61,227.23842646789217,ArchType.II
2,198,1.102853879393063,0.1657067834765553,3.272717062412559,16.3622390431735,79.76639995420082,5.805491080943279,61,226.51223713683737,ArchType.II
2,199,1.1864602315781396,0.38135108211090774,3.2727212099587932,16.344290531109497,79.71417925941728,5.816576646390913,61,225.77902795409818,ArchType.II
3,0,0.0,0.0,2.067694817294801,6.436623121115733,8.519540873463859,0.7044412419522892,61,4.741035888671873,ArchType.V
3,1,0.0,0.0,2.3355300819923777,10.2479324975292,21.14512009010895,1.0810323474493961,61,9.088280334472646,ArchType.V
3,2,0.0,0.0,2.625229022083494,12.219072582711972,34.30806625151125,2.9206437403256604,61,12.899716888427708,ArchType.V
3,3,0.0,0.0,2.850986136779284,13.62821311046723,45.94749441366608,4.9607940436667874,61,17.29927108764645,ArchType.V
3,4,0.0,0.0,3.0045162683366,14.674066876658946,50.3146162821152,5.88154760728916,61,21.91991964721679,ArchType.V
3,5,0.0,0.0,3.050594460753528,15.072681102845202,50.31253827827668,5.749745017121092,61,26.446253143310567,ArchType.V
3,6,0.0,0.0,3.030845211857441,15.071060348350748,49.29066738900794,5.240497820005947,61,31.128133178710964,ArchType.V
3,7,0.0,0.0,3.018776454091508,15.062671625795844,49.448002999139064,5.044085552552086,61,35.992549499511775,ArchType.V
3,8,0.0,0.0,3.055316428715591,15.267947795794337,50.833412092951086,5.483167877333298,61,40.9929266662599,ArchType.V
3,9,0.2783512563247502,0.2783512563247502,3.1116354468364795,15.571729475669414,53.17804369624121,6.233250425923417,61,45.96612777709979,ArchType.V
3,10,0.31457711565441493,0.31457711565441493,3.1583952756158475,15.84774629764443,54.171811151988884,6.239068707773128,61,50.87197637939473,ArchType.V
3,11,0.4501633252792045,0.4501633252792045,3.1839006867710986,16.026033725129526,55.408011968672525,6.397504498113603,61,55.77630328369168,ArchType.V
3,12,0.4696960692816614,0.4696960692816614,3.186080958056291,16.06193211148814,56.143869768680304,6.382057568728164,61,60.75572613525423,ArchType.V
3,13,0.5211112933349367,0.5211112933349367,3.180180939926929,16.050573331607485,57.24447002158759,6.467665732830727,61,65.76291519165075,ArchType.V
3,14,0.4868633514360814,0.4868633514360814,3.1788652841171827,16.03411626160202,57.83936519431731,6.439022155236885,61,70.7233364562993,ArchType.V
3,15,0.43867460121230467,0.43867460121230467,3.194527619362409,16.09029270653431,58.132259248265626,6.559019791771264,61,75.65267318725635,ArchType.V
3,16,0.3953487264885012,0.3953487264885012,3.2186258407574058,16.191662312753753,57.905711804378406,6.722502981869847,61,80.52781188964885,ArchType.V
3,17,0.3790974138602471,0.3790974138602471,3.2386261774388307,16.287848768103316,58.32185482495991,6.749144748359239,61,85.31728433227578,ArchType.V
3,18,0.25622522626990557,0.25622522626990557,3.251645164634023,16.349599428909997,58.23265834639429,6.704060573719712,61,90.0500732727056,ArchType.V
3,19,0.28882478853968674,0.28882478853968674,3.257513123362702,16.359846490051037,58.09543835871417,6.949276775377902,61,94.86143057251026,ArchType.V
3,20,0.263862804451078,0.263862804451078,3.260473909863362,16.36214962317478,57.400687996756396,7.144322788833984,61,99.60467904663143,ArchType.V
3,21,0.24359541729339457,0.24359541729339457,3.2620129454687694,16.360478086000555,56.725578484319016,7.102941476302574,61,104.22758547973702,ArchType.V
3,22,0.17766166507362874,0.17766166507362874,3.2631045854174205,16.357586226814007,55.06011989887032,6.879234476804882,61,108.77658633422907,ArchType.V
3,23,0.1758297686367488,0.1758297686367488,3.261336022223536,16.326189606112518,53.57912616432195,7.071382153926216,61,113.36134054565473,ArchType.V
3,24,0.16216271298000567,0.16216271298000567,3.2565400132023163,16.288768953284844,50.672215663923794,7.0656834921060065,61,117.96820620727594,ArchType.V
3,25,0.14800487063073392,0.14800487063073392,3.2479471506100817,16.236268647219934,48.00474324849915,6.862432407879321,61,122.5964360656745,ArchType.V
3,26,0.1959362999126228,0.024718455072409926,3.2348742192413114,16.16175139079461,44.037032027775794,7.045631443208632,61,127.23948309326234,ArchType.V
3,27,0.2064977883173676,0.0,3.2170963402937423,16.07320822406351,42.14934405363217,7.167430109064123,61,131.928621154786,ArchType.V
3,28,0.14150800464930183,0.0,3.198763030643114,15.986464266067244,40.94260186577629,7.245822136779501,61,136.72471817016688,ArchType.V
3,29,0.17073364023583112,0.01584161433831794,3.1882503679323873,15.939160833255205,39.41658287211946,7.187372456773712,61,141.53895672607493,ArchType.V
3,30,0.11944906373671046,0.1113673263654367,3.196461946994539,15.992352658338834,41.198398214580855,7.3574247410135625,61,146.25884698486394,ArchType.V
3,31,0.087912815730254,0.087912815730254,3.218316016933262,16.116774473593235,42.69160626822372,7.4087781089172955,61,151.0179630126958,ArchType.V
3,32,0.14989747152591223,0.06733126009982453,3.240272585441014,16.240621769713705,47.73242715064865,7.178013350482446,61,155.8098312988283,ArchType.V
3,33,0.19742099429691237,0.034792680031219665,3.2567747120549004,16.413180557624674,46.3200340039919,4.326682437924114,61,160.64940698242188,ArchType.V
3,34,0.5413641745510586,0.0,3.2576619103390567,16.391244515632398,44.05165105396033,1.5668018183588857,61,165.5669971313475,ArchType.V
3,35,1.1056656111854002,0.0,3.242688383289182,16.294392066118665,41.48901674901513,2.4641213926452923,61,170.63073675537092,ArchType.V
3,36,4.1263409426864435,0.0,3.1735861754102794,15.98809093238928,48.82288780867364,2.6406890475297304,61,175.83799435424808,ArchType.V
3,37,5.2877514252431235,0.0,3.059378534869658,15.435818813783522,48.37131848477384,2.9302154191188508,61,180.9976694335937,ArchType.V
3,38,26.55012988863983,0.0,3.026796730585998,15.478612326112897,60.17763014297539,2.6169115671317824,61,185.7049419860841,ArchType.V
3,39,48.14925799137416,1.0413756993615515,3.111767054801309,16.078925286059185,86.71267780130985,1.862845640988579,61,189.87966555786127,ArchType.V
3,40,25.607840835680207,0.5228725309863529,3.169348204228041,16.240229170066364,58.0118343174185,0.40139160838705684,61,194.4142117919922,ArchType.V
3,41,4.703713869110349,0.0,3.2154014474091435,16.78213798815258,64.39156081952902,5.433788022837398,61,196.27363510131815,ArchType.V
3,42,8.48039627901432,0.0,3.249126541238315,19.205177040195835,56.22262109602901,6.697551156744399,61,201.0679163513182,ArchType.V
3,43,7.548687164968481,7.548687164968481,3.19730698811095,20.377196170527284,60.22600898144971,5.155476668027147,61,203.92440583801258,ArchType.V
3,44,6.7351266985915625,0.0,3.131819276191263,20.83290064661613,63.266842911481795,5.4537894579245405,61,199.16474850463848,ArchType.V
3,45,3.85108840703523,3.777082400482123,3.138769421007018,21.20517108293994,63.004459418661206,5.463398332007724,61,194.24557220458993,ArchType.V
3,46,6.540921090317765,6.540921090317765,3.3081065152816866,22.203192211663314,62.363924380893174,5.4665786837712655,61,189.3400972290041,ArchType.V
3,47,3.621298842876111,3.621298842876111,3.368630267247011,21.597331720367784,69.88949403850125,5.461414728528014,61,184.53481463623066,ArchType.V
3,48,2.186280591093626,2.186280591093626,3.373847924731551,20.4406292747139,82.67399843774645,5.449966351119896,61,180.05023770141625,ArchType.V
3,49,2.490437293654867,2.490437293654867,3.3576113374863397,19.282924392932145,81.80090955510053,4.813849800209679,61,175.82941101074218,ArchType.V
3,50,2.2513047752233515,2.2513047752233515,3.359123948471594,18.87602718315503,71.15122853836608,4.813702450602333,61,171.5541894073485,ArchType.V
3,51,0.0,0.0,3.321859985633726,17.830434282835753,56.44543169774621,2.811240816353642,61,167.14906051635754,ArchType.V
3,52,2.1237653473525535,2.1237653473525535,3.2596807047764838,16.262315510713872,42.28987861853603,3.3882456797003258,61,163.02168582153362,ArchType.V
3,53,0.6246300659369577,0.4208658893282177,3.248214955420318,15.944214856602327,38.79731731497764,6.823144234197744,61,159.38062052917527,ArchType.V
3,54,0.6198108776319952,0.3754922936289644,3.249177517312651,15.970620551940138,38.891625826001544,5.376287675737627,61,155.8658828582766,ArchType.V
3,55,0.49091123862024616,0.30161666816724103,3.251632792434228,16.020391283059244,47.03231143773,3.1400422162886463,61,151.11659593200702,ArchType.V
3,56,0.33994385894619655,0.21140732817950386,3.2036090816746623,15.830190636410304,49.93520431800775,4.510512276101354,61,147.11217614746104,ArchType.V
3,57,0.2792741839030411,0.16712784661430172,3.089764711361205,15.332483631338453,48.545471127995064,5.997263421126584,61,148.27728471374505,ArchType.V
3,58,0.5466058351711303,0.5466058351711303,2.971129816753617,14.915392701133763,44.480671274224406,6.0324954462534786,61,152.70779655456542,ArchType.V
3,59,0.4374277845492584,0.4374277845492584,2.890785845819343,14.673980069995647,38.59964583516209,4.861188134212452,61,157.42328990173357,ArchType.V
3,60,1.0592170889097892,1.0592170889097892,2.8919847512429544,14.780793558646687,34.50736538318062,3.419239044146028,61,162.43667753601122,ArchType.V
3,61,0.8979016164829372,0.06722277259785182,2.993179803747338,15.441314110648287,37.654487962842374,2.431423055890092,61,167.43749580383317,ArchType.V
3,62,2.0742309874686673,0.0,3.1180092409743008,16.309012888858906,48.92017473580943,2.7901588458342084,61,172.55425114440916,ArchType.V
3,63,2.799246254597036,0.0,3.134480442771551,16.407523782233476,52.34180256635304,3.5169113821347713,61,177.76719874572748,ArchType.V
3,64,17.684145139393593,11.75199815407036,3.144865864189712,18.230259399567803,57.41569089944176,3.590262432923814,61,182.76988816833492,ArchType.V
3,65,15.963751818793678,4.90163533314847,3.1921907449330837,21.304754585527032,80.85824483728837,3.341864150479084,61,186.95615992736813,ArchType.V
3,66,25.79241688976056,0.7764203561748622,3.2088727056194095,22.54773963271912,71.39026759127263,3.1934224471284076,61,191.64730711364749,ArchType.V
3,67,4.809010236701384,4.809010236701384,3.2375947814932524,22.216937185732874,72.29085909603923,7.787218165990167,61,195.66430784606914,ArchType.V
3,68,9.322441480229571,9.322441480229571,3.3257093999132636,23.032002980015115,60.664730033376834,4.8173843355847445,61,200.17835093688964,ArchType.V
3,69,10.541063026373257,10.541063026373257,3.3128670682047736,22.994992798445537,64.90708477821966,3.99587935060867,61,198.42599081420886,ArchType.V
3,70,8.330996717706793,8.330996717706793,3.376552472728121,23.554593920512435,63.780619840521055,3.9821236687280357,61,193.98930657958962,ArchType.V
3,71,6.761454106080587,6.761454106080587,3.4493136675429463,23.87602803191574,63.914793422115764,3.9734634410254173,61,189.5047100067139,ArchType.V
3,72,4.799567011947368,4.799567011947368,3.4716934671043167,23.186336071102538,70.19401704433538,3.969758503445532,61,185.10759243774388,ArchType.V
3,73,1.763754607916549,1.763754607916549,3.4377244054359375,21.500902370478922,83.38717637138527,3.4839934633286767,61,181.27963196563687,ArchType.V
3,74,0.5707337348319407,0.0,3.354591351854042,19.03468720033422,69.9404626147513,1.8071134014009613,61,178.35394751739491,ArchType.V
3,75,0.14133912650924468,0.0,3.3047939385376037,17.711582172342858,59.902900661920555,3.282358166081716,61,175.89802967071515,ArchType.V
3,76,0.7950866474031987,0.5527464079200125,3.2739026336947283,16.797459054685763,49.82435401647012,3.192193004629245,61,173.86515595245365,ArchType.V
3,77,0.8575512292345595,0.7621212291678969,3.25364170187605,16.174957747420034,42.652285103036284,3.212792835436656,61,172.5273797302248,ArchType.V
3,78,0.9152243423029136,0.9152243423029136,3.2415093655591365,15.771057895616815,37.89885047999268,3.118204586108848,61,171.80563363647454,ArchType.V
3,79,1.0534743811887994,0.9661205633110925,3.23399321382092,15.520138733687485,34.73989231621689,3.0657356966921427,61,170.9776214599606,ArchType.V
3,80,1.0232649351143464,1.0232649351143464,3.228815678810546,15.361069858894968,32.667552115690036,3.050996797256764,61,170.58174432373025,ArchType.V
3,81,1.0963228321033294,1.0963228321033294,3.2248450477098056,15.24628783447009,31.24913434145707,2.9901894348544813,61,170.20419302368154,ArchType.V
3,82,1.140684256553776,1.140684256553776,3.2211342111643795,15.148566231615291,29.960612489976366,3.012092797635286,61,170.03245364379845,ArchType.V
3,83,1.223256125787685,1.223256125787685,3.2174556614225267,15.059089507168673,28.885381496775455,2.9578957858039234,61,169.48259748840294,ArchType.V
3,84,1.337228013744516,1.337228013744516,3.2131560954711276,14.956216948199529,27.660892791846987,2.9525102967222048,61,168.74782934570302,ArchType.V
3,85,1.5200657855136286,1.5200657855136286,3.207239255306333,14.817965276639466,25.990168190170543,2.9089709463539903,61,167.80467266845702,ArchType.V
3,86,0.9297374102810505,0.9168712342875991,3.209609325444132,14.856810351128448,25.475268025392424,3.2697173840064186,61,166.60065531158435,ArchType.V
3,87,0.7599126226016241,0.7599126226016241,3.220110834163393,15.08175177548554,26.89359831921102,4.301693939730148,61,165.16432698821987,ArchType.V
3,88,0.6167360006002117,0.5995252454089048,3.233627328807693,15.40001161071833,31.437042399453247,6.137275903617249,61,163.65164109802194,ArchType.V
3,89,0.841504577960832,0.5310498924155693,3.2440917335574526,15.648167600404907,85.21339183885155,8.060867142185906,61,161.88337490081759,ArchType.V
3,90,0.7699892824416147,0.45097120407324376,3.2492448641861027,15.797081550187006,39.76295206138436,6.970934581424283,61,159.20006567382805,ArchType.V
3,91,0.46257622228977785,0.26463121085803204,3.21666499332141,15.776386708875442,40.46698931316203,4.655520679967752,61,157.69854502868637,ArchType.V
3,92,0.37170472072595784,0.13751093405155843,3.117310447062291,15.41231958229964,37.42075050310167,3.3627800423953818,61,158.66782485961923,ArchType.V
3,93,0.2870080816918979,0.0,3.014854875413658,15.042479727136813,33.685737778327294,2.7341237667188176,61,161.798487365723,ArchType.V
3,94,0.3815514277940773,0.0,3.0269036922939914,15.187230035726424,31.05004648038834,1.884876840034642,61,166.68249139404352,ArchType.V
3,95,4.217341244012261,0.0,3.1285882331793844,15.686646904418206,35.79195009960095,0.9094455369881429,61,171.76695672607482,ArchType.V
3,96,4.356267276283928,0.0010402338756729309,3.1946137114355135,15.989574363643253,37.31198935927246,0.39691091945807844,61,176.58738378906313,ArchType.V
3,97,5.268615852508308,0.0,3.225044742653829,16.13413035675697,42.065681059888085,1.0262140632824628,61,181.19260086059634,ArchType.V
3,98,3.17641490642765,0.0,3.241983044864719,16.217769108200255,37.36543602765815,0.9716907228916198,61,185.7595237121591,ArchType.V
3,99,1.7803755791424707,0.0,3.221095992635476,16.115447722897787,39.234395344651915,2.4035330872003398,61,190.7140545654303,ArchType.V
3,100,7.436258761454694,1.723077892868805,3.2228678627896925,16.190866989705523,46.46308618327838,3.1226387495280767,61,194.80655407714917,ArchType.V
3,101,14.219011431466514,5.6835929707182995,3.221519903527002,16.27223731725453,51.38203661333118,3.321869648496807,61,198.20072412109468,ArchType.V
3,102,10.024420448332366,4.368715052465014,3.2549343470852903,16.58629844763187,52.37508237784105,3.1155537991950326,61,196.61506118011582,ArchType.V
3,103,6.355667705514901,2.4411070436655784,3.274221449074829,16.73397252566371,52.75998774646499,3.0587185469920017,61,195.02165857696613,ArchType.V
3,104,5.1833574117453,1.6385267882046903,3.2831821729999318,16.703858724204423,52.69181010547846,3.0556486182014893,61,193.53018179321342,ArchType.V
3,105,1.6641219226538826,1.0662496123134717,3.2850592136154186,16.752374848412053,51.87290817861732,3.0129510669402464,61,192.34830484008845,ArchType.V
3,106,0.9586267405939107,0.5164822290158453,3.2837119516124873,16.718152530137473,51.234912009076055,3.0046234366244025,61,191.20341315460277,ArchType.V
3,107,0.7743693955542789,0.7743693955542789,3.2818236869888167,16.693481302411435,49.70608622093634,3.004482151708715,61,190.1978255691537,ArchType.V
3,108,0.7265071235506178,0.7255774187641237,3.2833863257350635,16.724870406334578,47.40193753385587,2.9757865438755724,61,189.22209891510104,ArchType.V
3,109,0.9432232982033264,0.9432232982033264,3.285697965070531,16.774947945189183,44.966690060254855,2.987464517484132,61,188.1344625015266,ArchType.V
3,110,0.7975830676836246,0.7975830676836246,3.287814129873342,16.8243324519139,43.31275845710236,3.0266538956386553,61,187.28932341766452,ArchType.V
3,111,1.0320034244282217,1.0320034244282217,3.289547374176008,16.865576460825494,42.60888721452291,3.034028248124707,61,186.1123534622201,ArchType.V
3,112,0.8507951658952331,0.8507951658952331,3.290058502426551,16.87884083915095,41.9432392172098,3.035657976678973,61,185.26620578765986,ArchType.V
3,113,0.8385340758291466,0.8385340758291466,3.2880786738410612,16.848096036512583,40.49653723916066,3.053597073743438,61,184.14292654419083,ArchType.V
3,114,0.9420869379419435,0.3857909716699773,3.2780686822220697,16.640826089988916,37.892765519020365,3.0907850437774234,61,183.368501602174,ArchType.V
3,115,0.7127024409870294,0.685102230224239,3.2723129701634805,16.522851059067303,37.85061436356902,3.081806785383716,61,182.69672682190074,ArchType.V
3,116,0.4756396204719645,0.4695607413830482,3.2693901008189132,16.46927536764648,37.76096882558709,3.0646987828730348,61,181.9158847656266,ArchType.V
3,117,0.640017431101432,0.5907031269609037,3.2679525792843096,16.428051355699992,38.24263735751294,3.028445749093849,61,181.51427734375162,ArchType.V
3,118,0.47104593951713325,0.39202905173768265,3.2676902727385366,16.418769632410044,38.67081802332433,3.0406086262368737,61,180.55684278869776,ArchType.V
3,119,0.5340417849130131,0.5133795589158604,3.2680617273823445,16.40761587406752,39.4265477917242,3.0776106877495626,61,180.2795075378431,ArchType.V
3,120,0.4524069408275761,0.3357661631658074,3.2684469029953256,16.397445932077517,39.613214629822984,3.0802768267276215,61,179.07510673523083,ArchType.V
3,121,0.42229958210144375,0.42040901079314297,3.269293269957486,16.38454070711115,40.02785065373261,3.12842138309129,61,178.8232873687758,ArchType.V
3,122,0.44176163466525653,0.3135335911682126,3.268947552106994,16.351650087727567,40.22278950256854,3.1448040710967398,61,177.48944303894163,ArchType.V
3,123,0.42074716517933414,0.32468920241389565,3.2689474872627318,16.333330967110676,40.63235875371408,3.1202881057450815,61,177.19255834961055,ArchType.V
3,124,0.41764383930252896,0.2666051038439502,3.2689616212565777,16.320784271572656,41.010046939977066,3.1421519868573182,61,176.40471507263308,ArchType.V
3,125,0.4115566165163715,0.2677825414537262,3.268392997118259,16.31560680503123,41.24484096366192,3.1726964765113292,61,176.94110203552347,ArchType.V
3,126,0.7446562999231525,0.7446562999231525,3.2789481166482317,16.564380567145736,42.4746688613578,3.1664247222638293,61,178.31773316955642,ArchType.V
3,127,0.9247730730606362,0.9247730730606362,3.2923201450647412,16.852206385450028,43.41994652074452,3.1344775149202704,61,180.47194291687097,ArchType.V
3,128,1.1765780731229356,1.1765780731229356,3.299255391197652,16.968926765180104,41.928287562566794,3.123319255592949,61,181.56159298706123,ArchType.V
3,129,0.8396359209482309,0.7914997042780273,3.2982843631754233,16.933556596220114,41.43277054402392,3.1221096573477203,61,181.4480301055913,ArchType.V
3,130,0.8665048285660206,0.8665048285660206,3.2956373210404233,16.85902468286784,41.509050038584746,3.121484464708631,61,180.88853770446852,ArchType.V
3,131,0.7954304468354776,0.7954304468354776,3.294572474794504,16.82491703016897,41.322099044496724,3.1205356944955005,61,180.23346937561095,ArchType.V
3,132,0.8263656796193811,0.8263656796193811,3.2942749804628058,16.813850490478174,40.94054827280234,3.119524077066384,61,179.55227235412676,ArchType.V
3,133,0.4623682267281368,0.27126848797862657,3.289980550028298,16.734932072902183,41.915409327208835,3.119377862751073,61,178.89150949096788,ArchType.V
3,134,0.44343557652864585,0.37493649022405395,3.2810948437310232,16.55155899655206,40.91600968130362,3.148697009350434,61,178.04943041992297,ArchType.V
3,135,0.4475663245939954,0.30791938426072546,3.276099173139289,16.443912260129412,40.69173614376078,3.1138672648752626,61,176.83989753723236,ArchType.V
3,136,0.4330980640383522,0.27178646444176563,3.2731818112030044,16.383095435674832,40.98408580910642,3.134858622845956,61,176.3286941223151,ArchType.V
3,137,0.43715905755145157,0.2607989359695118,3.2710033025528626,16.35128647160377,41.19940939787367,3.179815331893742,61,176.72701141357518,ArchType.V
3,138,0.7421029813089793,0.7421029813089793,3.2797961965537157,16.572895794006282,42.29915064204088,3.1737863769140824,61,178.19533366394162,ArchType.V
3,139,0.9392956362029776,0.9392956362029776,3.2929200546537083,16.859901372658676,43.28180424814046,3.1213602289166684,61,180.5296445770273,ArchType.V
3,140,1.1783792713474774,1.1783792713474774,3.299537508050814,16.970793077470525,41.621045473461066,3.1152733294365773,61,181.62427616882425,ArchType.V
3,141,0.8971946479632291,0.7948430479165014,3.297383997283118,16.910954577697876,41.40399471237187,3.122786013797949,61,181.6601790771496,ArchType.V
3,142,0.8442112375406408,0.778073953108346,3.2947418801100334,16.841507703764922,41.63633823633308,3.1210392649632244,61,181.15915170288181,ArchType.V
3,143,0.7644488199994682,0.7644488199994682,3.293719021489049,16.808652446266436,41.52887800453681,3.1198546715319804,61,180.48881452941967,ArchType.V
3,144,0.8297278871633798,0.8297278871633798,3.293619280857091,16.799843928780355,41.186130171675394,3.119757775685467,61,179.82633711242718,ArchType.V
3,145,0.5402722520295297,0.33049943821389904,3.292965536491404,16.789622715351204,40.983298616171965,3.1199799880685792,61,179.15523606872594,ArchType.V
3,146,0.44430383694489384,0.3735935889629802,3.284393679386484,16.619101400206507,41.42792450558176,3.1269549927908122,61,178.46370036315957,ArchType.V
3,147,0.4518676756782873,0.3438331373622479,3.2779535991122137,16.48349983470537,40.550613538712575,3.110943724329276,61,177.55311920166062,ArchType.V
3,148,0.441296692236783,0.2917707903545453,3.2744010459005923,16.40671607977741,40.63079293187726,3.1501385683565664,61,176.61850558471704,ArchType.V
3,149,0.4170435327753285,0.27997791834586266,3.272189375604382,16.363535947891954,40.98438567302817,3.144758743554166,61,176.51181350708052,ArchType.V
3,150,0.36029478776217705,0.36029478776217705,3.2717214882974788,16.372602387467943,41.09119465882114,3.1635073472735957,61,177.29272354126013,ArchType.V
3,151,0.7659649673629408,0.7659649673629408,3.2854808746275768,16.691385257970936,42.803838194868014,3.1279081711748744,61,179.10849899292006,ArchType.V
3,152,1.229509333830754,1.229509333830754,3.296406836993082,16.912051103178516,42.736995291602724,3.1129883123545206,61,180.96000463867207,ArchType.V
3,153,0.9171756249540162,0.8738204758684087,3.3000908333020367,16.977035548433964,41.17864533951729,3.1455461591653098,61,181.78820765686052,ArchType.V
3,154,0.7659955010130842,0.7659955010130842,3.2963063920938875,16.881674463395772,41.41917990050005,3.120285161917225,61,181.36520079040562,ArchType.V
3,155,0.8358916581890493,0.8358916581890493,3.294834389853903,16.836139094849717,41.431051481966094,3.120504900531935,61,180.89101109314,ArchType.V
3,156,0.7715655975411758,0.7715655975411758,3.2942113512192317,16.8155200746752,41.19204419311644,3.118802593452701,61,180.1284641571048,ArchType.V
3,157,0.8229617544291644,0.8229617544291644,3.2941709961777073,16.810714647371505,40.75988037534875,3.118425193198225,61,179.44405958557186,ArchType.V
3,158,0.4800876128884593,0.23808921821692935,3.2890426309142193,16.714347788530272,41.85839094068066,3.118795438996576,61,178.7460750427252,ArchType.V
3,159,0.45861100377689834,0.36722316406477035,3.280403454010261,16.536734917954526,40.593285644551294,3.1345145220968726,61,177.86642080688532,ArchType.V
3,160,0.4494256360342566,0.2997280043267641,3.275702098818391,16.435461327797007,40.67670355338691,3.1281002876988424,61,176.64886300659205,ArchType.V
3,161,0.44491918295248817,0.2683267536462658,3.2727715339379535,16.375065628588956,41.051743450037364,3.1406250824427144,61,176.2546571197511,ArchType.V
3,162,0.433202147683621,0.25773210078644215,3.2704919976051796,16.345066893134327,41.22849020800046,3.190906473197257,61,176.81245460510283,ArchType.V
3,163,0.756231124562009,0.756231124562009,3.281754473221684,16.618641736504262,42.53310894230816,3.1670262232472566,61,178.537336044312,ArchType.V
3,164,1.483882991999347,1.356904649289001,3.2942373597416377,16.882564649738914,43.14059219393255,3.137708420262484,61,180.83086575317404,ArchType.V
3,165,1.1760965922528361,1.1760965922528361,3.2998510753905523,16.979076595774508,41.301038507602144,3.133749541738054,61,181.8591151580812,ArchType.V
3,166,0.9896244289391476,0.7286451449034744,3.296481539849196,16.892123398294583,41.41840220759142,3.1223689109973884,61,181.66148324585006,ArchType.V
3,167,0.8288801054904851,0.7783815651447192,3.294370644190088,16.833509863890534,41.63139504803979,3.1200887273737696,61,181.16319815063494,ArchType.V
3,168,0.7681559963390779,0.7681559963390779,3.293658769620784,16.80824180037761,41.47886773570705,3.119793424022108,61,180.4005424499516,ArchType.V
3,169,0.8057690201848198,0.8057690201848198,3.2938124335798675,16.80537307802655,41.086220714800255,3.1187003045949115,61,179.69894198608418,ArchType.V
3,170,0.45624723430451564,0.2972655360755166,3.2914888537182088,16.764185780599867,41.33309848265812,3.1192659964411553,61,178.98358480835006,ArchType.V
3,171,0.4436764174702285,0.3686694448701107,3.282285281078648,16.574995715369134,41.007452781731686,3.1350198200944948,61,178.1819143219001,ArchType.V
3,172,0.44948341579970463,0.32211280282252047,3.2768446425846927,16.459215968421887,40.6173914590813,3.1057126761844986,61,177.09742604065005,ArchType.V
3,173,0.43407215403114485,0.27728403581024574,3.2736836092922372,16.392203486397886,40.83844892814913,3.132126840604385,61,176.42194419860934,ArchType.V
3,174,0.4389307604921555,0.26639066938861344,3.271514534477521,16.35644347326005,41.12271152289205,3.16428181655196,61,176.66223954773042,ArchType.V
3,175,0.7212981271601105,0.7212981271601105,3.2772475747522525,16.50704118512924,41.9333398474736,3.169650705326087,61,177.87930136108488,ArchType.V
3,176,0.8908375078177009,0.8908375078177009,3.290898681250338,16.811688616819442,43.2039003660619,3.1138294039153847,61,180.02593836975157,ArchType.V
3,177,1.1863493347754324,1.1863493347754324,3.2987818667934947,16.95190195811516,41.98364306617109,3.103131454986827,61,181.3740807189947,ArchType.V
3,178,0.9693863071008436,0.8399400529947436,3.298542957645575,16.93805447526199,41.26801159998829,3.123989672145383,61,181.86386706542996,ArchType.V
3,179,0.8623006859654092,0.7930629213764827,3.295459454537334,16.860850313885624,41.55414734401175,3.1205354189245917,61,181.21304710388208,ArchType.V
3,180,0.7915037221391115,0.7915037221391115,3.294334056931706,16.824671608314887,41.49967782737352,3.1198542149764896,61,180.61084443664586,ArchType.V
3,181,0.8251062210292741,0.8251062210292741,3.2940944257764473,16.813324430959582,41.160714222150894,3.1194850784113743,61,179.854874740601,ArchType.V
3,182,0.5908844804821313,0.3161688197354199,3.2934919424865075,16.80311678962725,40.94528570408947,3.1190234293635517,61,179.154542694092,ArchType.V
3,183,0.44571267476050436,0.37654035338759934,3.2844428334605817,16.621203498582823,41.292740539666895,3.1256209528970396,61,178.4154778442382,ArchType.V
3,184,0.4526559549751569,0.3421680710210106,3.2780388654894654,16.486067463093814,40.54172141329223,3.1087443894954836,61,177.48122274780243,ArchType.V
3,185,0.4420422352504844,0.28924656765382584,3.274430541998804,16.407876334403852,40.64288073329862,3.1442540718963317,61,176.5654999389644,ArchType.V
3,186,0.4403518685828551,0.27125596666409263,3.2721415785230423,16.363656421220668,41.04595249035559,3.1482806908160734,61,176.49863082885676,ArchType.V
3,187,0.4014286446602197,0.4014286446602197,3.2722091534850755,16.3851160863953,41.17655685398703,3.166569983981739,61,177.35072531127892,ArchType.V
3,188,0.7695162423575707,0.7695162423575707,3.2861971566615287,16.707417598440607,42.884384169774705,3.124739945374896,61,179.2386590576165,ArchType.V
3,189,1.2239833839594676,1.2239833839594676,3.296666792013195,16.915554800764284,42.628328018598786,3.108181160825273,61,181.03179534912036,ArchType.V
3,190,0.9267575494440692,0.8691538120481673,3.299869340261268,16.972050529014442,41.159377150146064,3.1399781523785344,61,181.82819830322208,ArchType.V
3,191,0.7727706919424174,0.7727706919424174,3.2961817106089057,16.879226922351425,41.39673628286389,3.1195363835051615,61,181.3320260620114,ArchType.V
3,192,0.8153501106840726,0.8153501106840726,3.2948235970167614,16.83629603938334,41.391421161406,3.1194714040052616,61,180.8368070220943,ArchType.V
3,193,0.8301076495219012,0.8301076495219012,3.2942709869638906,16.817640914462796,41.1365301329967,3.119790885098592,61,180.05329670715318,ArchType.V
3,194,0.8250464677433181,0.8250464677433181,3.2942739320237413,16.81418387041648,40.66920282089844,3.118014833205295,61,179.35194046020504,ArchType.V
3,195,0.4500282307826999,0.38935813790239276,3.28765062206246,16.686107705866593,41.63551412650259,3.1205102247080747,61,178.6445845336913,ArchType.V
3,196,0.45814769818555223,0.36233191697064715,3.2797207621807845,16.522528677244342,40.50936747025538,3.1233894783391705,61,177.7624065551759,ArchType.V
3,197,0.4484517280506821,0.29596210224125213,3.275325108264792,16.427417723593216,40.67789241464221,3.139550942249243,61,176.5872596664427,ArchType.V
3,198,0.44586571539885717,0.2678458233122544,3.2725114611432473,16.36976962401429,41.07357898460774,3.144889889533072,61,176.2746141738892,ArchType.V
3,199,0.42098879934019084,0.26047916125516524,3.270343744727765,16.34360761461723,41.183845438729655,3.188351874860668,61,176.9217507400513,ArchType.V
4,0,0.0,0.0,1.9980562383496996,5.947089618354163,7.151857989986014,0.8921625765258087,61,3.995723114013673,ArchType.IV
4,1,0.0,0.0,2.259345896433796,9.542775319590554,18.892093599113412,0.9872778745556043,61,8.235514129638672,ArchType.IV
4,2,0.0,0.0,2.5216795366552254,11.455734886118782,32.87747340760388,2.5963668753185236,61,12.623217010498037,ArchType.IV
4,3,0.0,0.0,2.73952557548234,12.936849712580674,46.73955878144987,5.019028262629425,61,17.055163940429676,ArchType.IV
4,4,1.4089975408778406,1.4089975408778406,2.9477729000512545,14.299293188996332,49.86995086655825,5.700202795640738,61,21.49134866333004,ArchType.IV
4,5,1.086335716338078,1.086335716338078,3.0473546709270516,14.983381776915003,51.7434706548489,5.92106200227519,61,25.880313415527322,ArchType.IV
4,6,1.0170366944869829,1.0170366944869829,3.0897167324180725,15.31819477897354,52.49024732290767,5.726202515626313,61,30.2165796813965,ArchType.IV
4,7,0.8039812618497264,0.8039812618497264,3.1140374287876997,15.486628672363157,54.472800006066656,5.898169423893264,61,34.75782501220703,ArchType.IV
4,8,0.8250367890085475,0.8250367890085475,3.144166583019681,15.70099796880054,56.225393355966595,5.892787113347952,61,39.43714807128904,ArchType.IV
4,9,0.8384655666378728,0.8384655666378728,3.169670196558899,15.867968764623676,57.89131305202563,5.984737439150331,61,44.11486181640628,ArchType.IV
4,10,0.8696847387921673,0.8696847387921673,3.190666827411888,16.035909009101424,59.509679896226984,5.982908783201701,61,48.77120733642584,ArchType.IV
4,11,0.868944461908986,0.868944461908986,3.2062193464907534,16.139693022618417,60.88226567814707,6.167296554336002,61,53.37083410644541,ArchType.IV
4,12,0.8973526923372904,0.8973526923372904,3.218583005584207,16.224083827926872,62.32878258546437,6.267707715791033,61,57.95462756347663,ArchType.IV
4,13,0.7461891515214235,0.7461891515214235,3.2278023635126356,16.29103100324265,63.9859734045599,6.383007422348026,61,62.57109170532225,ArchType.IV
4,14,0.6950889666960502,0.6950889666960502,3.2356304624186802,16.330535447334224,64.95884913823988,6.519217025250774,61,67.22417227172855,ArchType.IV
4,15,0.6247285696319764,0.6247285696319764,3.2411466857434883,16.34284922997931,65.37091527156927,6.592683428372874,61,71.93560910034176,ArchType.IV
4,16,0.5641436678016812,0.5641436678016812,3.2369797733500514,16.294046295407494,65.05926888855815,6.641221055668045,61,76.74478002929672,ArchType.IV
4,17,0.5393560394991326,0.5393560394991326,3.2220804942508634,16.190560292368886,64.18588189473095,6.747536554651732,61,81.57561727905258,ArchType.IV
4,18,0.45246304312300506,0.45246304312300506,3.204932926424986,16.07252676420421,63.128825132983714,6.746300236106843,61,86.33052069091775,ArchType.IV
4,19,0.40417296155670196,0.40417296155670196,3.194717394558703,15.993210920294588,61.89036170546636,6.894466983453658,61,90.8905531005858,ArchType.IV
4,20,0.36358200036996213,0.36358200036996213,3.1955966036674597,15.982079949067922,60.54053398754692,6.907824532208341,61,95.26407025146457,ArchType.IV
4,21,0.3230133217503086,0.3230133217503086,3.212138599144333,16.059075046893554,59.843073305557816,7.007231071239894,61,99.63019039916978,ArchType.IV
4,22,0.2956410742134416,0.2956410742134416,3.2354615364689923,16.174915781170107,59.387107640936684,7.150388475859485,61,103.9747056579589,ArchType.IV
4,23,0.27184041236086326,0.27184041236086326,3.2537271266821377,16.268736665076926,58.617330365472824,7.221628176197078,61,108.27516619873035,ArchType.IV
4,24,0.2500723674034898,0.2500723674034898,3.2633410112122943,16.319211231486747,58.023385102103965,7.145977881465468,61,112.56641397094705,ArchType.IV
4,25,0.23053890902097268,0.23053890902097268,3.2659313096041904,16.333447760913756,57.12351174744382,7.02204859999813,61,116.92776358032214,ArchType.IV
4,26,0.1958077275288006,0.1958077275288006,3.2647063452788756,16.323653725716433,56.037056834364584,7.077143701371525,61,121.39212741088866,ArchType.IV
4,27,0.17892064912897712,0.17892064912897712,3.261530604622867,16.305501379190645,54.65397710512061,7.211630211182046,61,125.86987835693361,ArchType.IV
4,28,0.1517288785112052,0.1517288785112052,3.2580024740235904,16.28554840738968,52.36827072434857,7.292513698684945,61,130.30557263183587,ArchType.IV
4,29,0.14275088032862385,0.14275088032862385,3.2569972495764574,16.27849182689728,50.418954043487325,7.4417085263165905,61,134.73150427246114,ArchType.IV
4,30,0.1323115409766123,0.1323115409766123,3.258920310290548,16.28871479341591,48.26103942984739,7.537861051420735,61,139.15510250854496,ArchType.IV
4,31,0.11355577902924771,0.11355577902924771,3.2620516529541534,16.309637175445154,44.708259154002164,7.496055949941775,61,143.60381228637672,ArchType.IV
4,32,0.19845969205102001,0.04173015746787076,3.2646585325720046,16.32396382453784,42.14682624536647,7.571261309042054,61,148.08470330810505,ArchType.IV
4,33,0.11446848031443524,0.03244978046231995,3.265956003967485,16.332852305436525,39.88188208331232,7.714868512695326,61,152.5994010009761,ArchType.IV
4,34,0.08336010977183189,0.0772209709120306,3.264916475809301,16.341722754111476,35.8493881175094,7.737623765844621,61,157.1933518676751,ArchType.IV
4,35,0.10651117856877436,0.06635218493627439,3.259860826885412,16.328239277683895,30.424449413569516,7.914209014943933,61,161.88117468261626,ArchType.IV
4,36,0.14650569575914207,0.0,3.2498581716067907,16.290196596028647,24.5347096150412,7.3881600824193825,61,166.6360025634754,ArchType.IV
4,37,0.3169261843369214,0.0,3.2362902236704754,16.207786205094283,18.6298640793487,7.03517275869792,61,171.42185052490137,ArchType.IV
4,38,1.946763017328453,0.0,3.2224297344839683,16.127092648396467,14.580490898451346,7.298409346227283,61,176.25792962646395,ArchType.IV
4,39,3.231666273281421,0.0,3.2133467109020306,16.091965710024716,18.96272519173645,6.673505549210617,61,181.110603393554,ArchType.IV
4,40,4.820759173802897,0.0,3.216533223514565,16.094655139721787,23.101160116039285,6.722168909039625,61,185.93007473754844,ArchType.IV
4,41,1.9795379811563392,0.0,3.226516686474979,16.138350540544586,31.46214270456647,5.824108756288876,61,190.75237799072218,ArchType.IV
4,42,2.4767738217650264,0.0,3.2396753317179723,16.202288049672855,35.201040584424234,5.082368749157957,61,195.57144549560476,ArchType.IV
4,43,4.402930832782507,0.0,3.2512959789588964,16.256383327682393,62.18868050001641,2.958091337431136,61,200.4058468017573,ArchType.IV
4,44,2.8255474171955113,0.0,3.258394077384271,16.29256973970115,55.703850833956295,4.407865092485473,61,205.2632075195307,ArchType.IV
4,45,1.0685829810726142,0.0,3.2618928174918222,16.31192935156803,35.08884575284983,5.865462796651507,61,210.12764398193295,ArchType.IV
4,46,7.64692412900228,0.0,3.265795305932949,16.327807990127233,44.83950724932085,4.770536295125078,61,214.8889292602535,ArchType.IV
4,47,16.597401697703493,0.0,3.269230270917387,16.34751366308364,57.47968312833544,2.374825496619387,61,219.6578925170895,ArchType.IV
4,48,7.647698869523943,0.0,3.270867103277041,16.35806961812301,60.02780929683688,1.7468633055190728,61,224.43594769287105,ArchType.IV
4,49,3.045813437865992,0.0,3.2714920765331246,16.35927014899816,54.473063792433834,2.590277806638887,61,229.18905648803704,ArchType.IV
4,50,4.427732835361753,0.0,3.27207250377924,16.360063818924505,50.84043036098902,3.215389196344017,61,233.90748043823206,ArchType.IV
4,51,3.7699524074663904,0.0,3.272081545001637,16.35836474131928,49.00294784629838,3.2266226423712037,61,238.3956345214838,ArchType.IV
4,52,3.775163049271352,0.0,3.2687424238599334,16.343381963995757,47.3801807261674,3.3911099473364406,61,243.00525756835881,ArchType.IV
4,53,2.1376849603676087,0.0,3.2628208259496385,16.31489896801854,13.140039589095556,3.846195256775793,61,247.55005587768474,ArchType.IV
4,54,4.045889016068714,1.3094518249350363e-25,3.241453833297396,16.208601169534003,36.252703412778175,6.463869769992437,61,251.88324853515573,ArchType.IV
4,55,20.4117233587504,0.0,3.1679436893210395,15.84218037151514,24.748096453083825,5.162708445582047,61,256.6431742553706,ArchType.IV
4,56,31.000829828900383,0.0,3.050518984336103,15.263084870858608,35.52283335334157,2.8071379911526106,61,261.07943753051757,ArchType.IV
4,57,4.3386483946594545,0.0,2.955812441946027,14.794318008419287,51.360644008837234,2.0050463400906007,61,257.73003370666527,ArchType.IV
4,58,0.9783630558233221,0.9621306498778377,2.9555169606914786,14.843722336254178,63.702198658194746,3.020096456091808,61,252.74381608581564,ArchType.IV
4,59,1.19749303601203,1.19749303601203,3.004442794775679,15.318025267352898,66.3204506261945,2.786077692410688,61,247.79681315612805,ArchType.IV
4,60,0.849045475297781,0.0,3.0014058631602856,15.136407984896,80.82372428214504,3.1518273479766985,61,243.2949335784915,ArchType.IV
4,61,1.0796957136257304,1.0796957136257304,2.9699431003103123,14.929948857749677,83.16848087201,3.418249344279219,61,239.99093547058118,ArchType.IV
4,62,1.174358781774347,0.04657989603536183,2.978640649986288,14.987592165693579,73.57314740905551,3.4287836248627905,61,243.32119721984884,ArchType.IV
4,63,1.4852705838632687,0.0,3.050552639504123,15.256657411054988,62.15053858312977,3.3987713328755573,61,248.16809437561056,ArchType.IV
4,64,2.1283440711272563,0.5355360987168534,3.135485049451441,15.675039363118156,57.29092887948605,3.4479166971085697,61,253.0964481964116,ArchType.IV
4,65,2.256516070237228,0.9094930775062688,3.199337865033556,16.07287397608466,56.24347351564732,3.4487745520947226,61,258.01853294372603,ArchType.IV
4,66,12.448325724531518,3.5695974343748498,3.2843196722030417,17.270284000941952,50.698622425847454,3.447910568406117,61,262.9170792083748,ArchType.IV
4,67,28.099673963335448,6.2716124280276855,3.377278195788947,18.929872838507865,33.31651125285224,3.445632623381777,61,267.7781197967541,ArchType.IV
4,68,157.5073556537762,0.0,3.3936399955833285,19.371641346488055,26.070690540283902,2.9837970850535926,61,272.55766746521095,ArchType.IV
4,69,51.44196872611608,0.0,3.3345239676333365,17.927236965922173,35.89873093671132,3.1570926620975963,61,277.2658453826918,ArchType.IV
4,70,534.0914414608006,0.6636552061553486,3.3229748609626024,17.64897975696579,37.64667159170819,3.303278313516641,61,281.8917851409928,ArchType.IV
4,71,112.13320723654896,1.025382627889585,3.317453201663739,17.506622041264535,38.62751988559885,3.3182695222638148,61,286.4480420074481,ArchType.IV
4,72,512.8987919047017,1.1696124298687243,3.3184296104660613,17.524460699266154,39.376621595038124,3.329171466591795,61,290.93330073547526,ArchType.IV
4,73,347.4450200798264,1.1829971351594517,3.31994888723037,17.553330865773066,40.41775192858936,3.334053063093276,61,295.3918909759536,ArchType.IV
4,74,301.7334241163521,1.1942367364418411,3.32089808702162,17.568288039303958,41.19042067573657,3.332253621341953,61,299.83109391784836,ArchType.IV
4,75,274.9891879539643,1.2335655881393464,3.3221591784261153,17.592360545310076,41.66547523118375,3.3320415605797873,61,304.2430613861106,ArchType.IV
4,76,379.4358414052943,1.276579849099965,3.3231350636520958,17.610470610790106,41.87353387217155,3.3316897305585447,61,308.64235877990967,ArchType.IV
4,77,99.06329379361111,1.4484815438332566,3.3287841089498804,17.765286321535037,40.76313805209398,3.3259198192207857,61,313.03649488830837,ArchType.IV
4,78,454.7768017611169,1.4751551737218627,3.3314132359729793,17.83806246270706,40.996260664633176,3.3253325362727333,61,317.3837695465115,ArchType.IV
4,79,163.8593805314162,1.5132597202973892,3.333466724254707,17.89259947473371,41.20349482763692,3.325859246557782,61,321.70186003113093,ArchType.IV
4,80,290.31026622177984,1.5397517361509112,3.3351948333735764,17.93920592570417,41.41486877071547,3.3265959627118873,61,326.0066449737582,ArchType.IV
4,81,207.84736132415387,1.5827276598026518,3.3368075071757173,17.984317496016725,41.65254203650966,3.32764799358617,61,330.3023792877237,ArchType.IV
4,82,169.4074906208047,1.6815648012936333,3.338443413032407,18.02846861919629,41.7453638373621,3.328314589878367,61,334.59056251526243,ArchType.IV
4,83,168.44414666425018,1.6573535981088026,3.3402395791683595,18.078382885406803,41.82632155193538,3.329180376068318,61,338.86572721863143,ArchType.IV
4,84,193.40677589985,1.6815311645669553,3.341492769157655,18.11044168015402,41.9742351561292,3.330448277599525,61,343.1226909637483,ArchType.IV
4,85,211.65675931568984,1.7153034488840568,3.3427057758127847,18.14175456633736,42.10858062475949,3.3317514624487696,61,347.36660597229314,ArchType.IV
4,86,79.3384594127096,1.7335567732904134,3.3437369165665722,18.165544366943212,42.222557407297565,3.332816755883087,61,351.6005811004671,ArchType.IV
4,87,79.92593332972736,1.7585891059530685,3.344757565572487,18.19184470338391,42.370287496229224,3.3342737078108664,61,355.8280051727326,ArchType.IV
4,88,121.11536887015937,1.7822818150682043,3.3457865460518543,18.219131258077248,42.53528551476516,3.336151915843951,61,360.05020149231297,ArchType.IV
4,89,155.14148461714257,1.832971656229614,3.34697993101199,18.250415181381776,42.68145412078325,3.337609780790928,61,364.26704719543847,ArchType.IV
4,90,98.1899833171543,1.8687216227702035,3.3481226742245576,18.275939636504695,42.78658939869322,3.3387418053738664,61,368.4789149017378,ArchType.IV
4,91,116.8796827465304,1.9006906056352113,3.349275683461701,18.30219781782972,42.92345881626898,3.340279517403829,61,372.68660221863234,ArchType.IV
4,92,95.34269364147838,1.93147665000795,3.350414672897601,18.32920744646527,43.08989318717249,3.342219509403228,61,376.89061067200186,ArchType.IV
4,93,81.87684495481734,1.962461021802325,3.3515567985667083,18.35752063668195,43.2833727758844,3.344601200445173,61,381.09059584045946,ArchType.IV
4,94,67.6024233450958,1.9931877275067158,3.3527065194525307,18.38717614927404,43.496165377906514,3.3473629573983135,61,385.28598872375966,ArchType.IV
4,95,95.22917151406766,2.0271739562467466,3.3538779642775323,18.418398313716846,43.72465010034851,3.350521894385468,61,385.28598872375966,ArchType.IV
4,96,67.34948161996687,2.0577125622236765,3.3550538746458343,18.449353959328025,43.94557837442529,3.3537311348642427,61,385.28598872375966,ArchType.IV
4,97,57.31036425600161,2.019889372273342,3.3550755511473436,18.46181799676307,44.108587956391055,3.3562021902089767,61,385.28598872375966,ArchType.IV
4,98,60.0325364063903,2.03786941921403,3.3528680739889456,18.43274140911861,44.11150096625601,3.356211344825771,61,385.28598872375966,ArchType.IV
4,99,59.35728911373781,2.0576425819589192,3.351311613659334,18.40901335434335,44.11225545277424,3.356180640506121,61,385.28598872375966,ArchType.IV
4,100,59.10371902557792,2.0831396236284854,3.350670017105379,18.403355286632976,44.1031968574196,3.356133269772195,61,385.28598872375966,ArchType.IV
4,101,58.28051781201134,2.1178052888100383,3.3505493077441457,18.405324901564395,44.09715553979827,3.356114931506505,61,385.28598872375966,ArchType.IV
4,102,58.031876366045104,2.1459515765826955,3.350886355161346,18.41490384796814,44.106843292170545,3.3560984466851598,61,385.28598872375966,ArchType.IV
4,103,114.42090607733822,2.172160237846683,3.3512199581348483,18.423834959377736,44.113516554239254,3.3560284190339233,61,385.28598872375966,ArchType.IV
4,104,62.40159324779814,2.196522295974827,3.351789521823589,18.435077128756063,44.10450056168451,3.3560629781472264,61,385.28598872375966,ArchType.IV
4,105,61.99728645852931,2.2314475295255525,3.3521460124806466,18.443449379636476,44.102495468952036,3.356051244657628,61,385.28598872375966,ArchType.IV
4,106,62.10308523421427,2.246796840207092,3.352391080944955,18.450591162145315,44.10426409539091,3.356014563860983,61,385.28598872375966,ArchType.IV
4,107,62.22294082589483,2.2659844217634943,3.3523435519329094,18.45311003470004,44.109406357285465,3.355984157563882,61,385.28598872375966,ArchType.IV
4,108,62.322164374930665,2.2877695121584507,3.3523248787394806,18.45603108363724,44.120929610491444,3.3559295142761174,61,385.28598872375966,ArchType.IV
4,109,62.039616981117696,2.3043203494377686,3.3522268088112503,18.455738749752175,44.12844129510042,3.355963574357845,61,385.28598872375966,ArchType.IV
4,110,62.00669221911144,2.321490487380283,3.3523135111814546,18.458448117924494,44.13618387533265,3.355949116721519,61,385.28598872375966,ArchType.IV
4,111,62.19715796633651,2.34065045397745,3.3522641183341295,18.45933267465128,44.142642031535445,3.3559403663104197,61,385.28598872375966,ArchType.IV
4,112,62.07440728239536,2.357207075330227,3.3522506905459544,18.460581798089454,44.14953872457432,3.3559259452257435,61,385.28598872375966,ArchType.IV
4,113,62.72186716889555,2.3738306394116737,3.3522043631194642,18.461018435353306,44.155740238124764,3.3558863524262006,61,385.28598872375966,ArchType.IV
4,114,62.682580425859946,2.3881109703649446,3.352159280765812,18.461373490171216,44.16091734548023,3.3559051602525742,61,385.28598872375966,ArchType.IV
4,115,62.314116049145404,2.4027615096174277,3.3521155138273366,18.46180335104938,44.16579893479619,3.3558943289081795,61,385.28598872375966,ArchType.IV
4,116,62.826913551452655,2.41738352970285,3.352097792725024,18.46271757526002,44.17084572698525,3.3558864649155655,61,385.28598872375966,ArchType.IV
4,117,62.43328738710099,2.428195213409463,3.3520581869561106,18.463177661112017,44.17519458808982,3.3558541279541547,61,385.28598872375966,ArchType.IV
4,118,62.67987233465197,2.446206593653608,3.352048183901384,18.464172017782456,44.1785701370324,3.3558586270599338,61,385.28598872375966,ArchType.IV
4,119,62.60291635436688,2.4569501170475587,3.3520418801323393,18.46505600985198,44.18260026573694,3.355851995230023,61,385.28598872375966,ArchType.IV
4,120,62.50933676634133,2.4644351591022553,3.352046099508243,18.46597332263945,44.18643081443908,3.355837874353804,61,385.28598872375966,ArchType.IV
4,121,63.29134707216561,2.477994217249089,3.3520782313459274,18.467415800289324,44.18886658642369,3.355834352210127,61,385.28598872375966,ArchType.IV
4,122,63.23641318172814,2.4926632263160764,3.35217360564945,18.47008507050293,44.18943738707694,3.3558225329260885,61,385.28598872375966,ArchType.IV
4,123,63.405482441710014,2.4974865077849064,3.352134924741413,18.470521220410095,44.19192342944813,3.3558125778467627,61,385.28598872375966,ArchType.IV
4,124,63.90847999608528,2.5031273539601275,3.352026448244376,18.46955916049541,44.195250993077735,3.3557985357577365,61,385.28598872375966,ArchType.IV
4,125,64.03039639311575,2.5132384909165024,3.3520145316907586,18.46999708445326,44.19729926670359,3.355794658265985,61,385.28598872375966,ArchType.IV
4,126,64.61138588807314,2.517690626845508,3.351968049915188,18.46980284501621,44.20029262657305,3.3557863963430936,61,385.28598872375966,ArchType.IV
4,127,64.09070675172798,2.5208131101418867,3.3518927776694394,18.468921784975116,44.20381512836295,3.3557690121135337,61,385.28598872375966,ArchType.IV
4,128,64.23172782926,2.527194593262364,3.3518376795131326,18.468347447994322,44.20616518433416,3.355771220133343,61,385.28598872375966,ArchType.IV
4,129,65.10777142127765,2.5329542433857517,3.351854390850459,18.469118602378703,44.207098465187634,3.3557603117325128,61,385.28598872375966,ArchType.IV
4,130,65.25172939729579,2.5389186186835744,3.351822365725728,18.46911362112423,44.20867723202574,3.3557439344101487,61,385.28598872375966,ArchType.IV
4,131,65.34953989323913,2.543054272148197,3.3517922527624404,18.469312635727825,44.209524838437716,3.355751610583448,61,385.28598872375966,ArchType.IV
4,132,65.30401370121137,2.550903111045837,3.35178060396724,18.469415026351665,44.20953358052136,3.3557566860952,61,385.28598872375966,ArchType.IV
4,133,65.51618522391496,2.558089315665966,3.351793402965043,18.469924597224615,44.209628977626366,3.355756115664762,61,385.28598872375966,ArchType.IV
4,134,65.73321843702224,2.565098520245915,3.3518410016731233,18.47116919894168,44.20866052009384,3.3557504788730332,61,385.28598872375966,ArchType.IV
4,135,65.8283435850368,2.563014263737884,3.3517837868269225,18.47070082123431,44.208714027933866,3.3557384030736253,61,385.28598872375966,ArchType.IV
4,136,66.20993540084616,2.5682440036102454,3.351833236944736,18.4719481711814,44.20807878244189,3.3557116035975416,61,385.28598872375966,ArchType.IV
4,137,65.78483376775438,2.568322449495102,3.351792318779032,18.47172941905047,44.206940379587294,3.3557255023155665,61,385.28598872375966,ArchType.IV
4,138,66.29841956548398,2.5670134707103385,3.351720227638186,18.47062942637804,44.20806462278286,3.355712308706562,61,385.28598872375966,ArchType.IV
4,139,66.16492213331094,2.5701350128995135,3.3516576228868273,18.469702351729747,44.20910169851746,3.3557053370542747,61,385.28598872375966,ArchType.IV
4,140,66.25249210911116,2.571657994820206,3.351657448346253,18.469940092528525,44.20926923825778,3.3556915558876237,61,385.28598872375966,ArchType.IV
4,141,66.24592832318702,2.57887855693991,3.3516953368305926,18.470801693701787,44.207873396533316,3.3556974939992,61,385.28598872375966,ArchType.IV
4,142,66.40592175530443,2.5761520412405257,3.351691782113012,18.47081797572633,44.20801031434118,3.3556714029604127,61,385.28598872375966,ArchType.IV
4,143,66.39441601679421,2.5769476580929385,3.351681167209836,18.470779966432094,44.20754100609465,3.355670005531511,61,385.28598872375966,ArchType.IV
4,144,65.68777969165322,2.5794694354649774,3.3516629988580573,18.470534127440065,44.20695664992533,3.3556630554548583,61,385.28598872375966,ArchType.IV
4,145,66.04417798204967,2.5806302588620347,3.351669786943604,18.470842122759713,44.20594587674942,3.3556457399449173,61,385.28598872375966,ArchType.IV
4,146,66.02638926563579,2.5812326622795156,3.3516480125967765,18.47067583937982,44.20483147103096,3.3556429152099514,61,385.28598872375966,ArchType.IV
4,147,66.00604573295217,2.5835693505710706,3.3516053770322904,18.46985643618464,44.20367369244018,3.355653955210206,61,385.28598872375966,ArchType.IV
4,148,66.58356745704816,2.585985987445906,3.351608936917173,18.46991812935676,44.2019621622232,3.355649957584818,61,385.28598872375966,ArchType.IV
4,149,66.6989614181711,2.591743247639992,3.351624389310557,18.4701929051175,44.19991887148736,3.3556606997115273,61,385.28598872375966,ArchType.IV
4,150,66.2987602534337,2.5858956596399896,3.351656082008287,18.470800237352577,44.19807620651472,3.355647216020159,61,385.28598872375966,ArchType.IV
4,151,66.24049831357605,2.587980771882041,3.3517514510055397,18.472635272998467,44.194683051333854,3.35564797556242,61,385.28598872375966,ArchType.IV
4,152,66.72254587164763,2.5914384656683165,3.3517310348356135,18.472504027746165,44.192051349234056,3.355624527581041,61,385.28598872375966,ArchType.IV
4,153,66.13904026342145,2.590351319028608,3.3517610320030817,18.47315552327732,44.18883087223514,3.355638002887678,61,385.28598872375966,ArchType.IV
4,154,66.52681823716657,2.593453276362789,3.3517796308481174,18.473624737186274,44.18525939638835,3.355631287788077,61,385.28598872375966,ArchType.IV
4,155,66.33578712790738,2.595135094124909,3.351775870708037,18.47380882411672,44.1815778519282,3.3556280968514156,61,385.28598872375966,ArchType.IV
4,156,66.90283772057181,2.5989385785498786,3.351852266404612,18.475584253110355,44.17769190586798,3.3555641355907597,61,385.28598872375966,ArchType.IV
4,157,67.03026753010562,2.5942394077877315,3.3518685910662946,18.477336822326897,44.17492672997602,3.3555794512885924,61,385.28598872375966,ArchType.IV
4,158,66.42283513911416,2.5946395224558576,3.3519113439175574,18.47905860720201,44.17217408125279,3.3555996314614593,61,385.28598872375966,ArchType.IV
4,159,66.40487682807469,2.6003441026147502,3.3519617984654553,18.480958500501885,44.16987165553451,3.3555600105908696,61,385.28598872375966,ArchType.IV
4,160,66.88399461160806,2.618970670917919,3.352426331042384,18.493072129172717,44.16125786197919,3.3554592818944844,61,385.28598872375966,ArchType.IV
4,161,67.0339209013597,2.6272312228243435,3.352918402595827,18.506285276133646,44.147072901939374,3.3554492080135176,61,385.28598872375966,ArchType.IV
4,162,67.13738983882328,2.6355403379968196,3.3534299804175,18.52037326507146,44.13204284430037,3.3554473197081176,61,385.28598872375966,ArchType.IV
4,163,67.37345160287998,2.647643234155341,3.3540267246937128,18.537094357467215,44.1175612018583,3.355434224602034,61,385.28598872375966,ArchType.IV
4,164,67.66916976804845,2.6578057268801443,3.3546048939690882,18.552844464134445,44.10218392394838,3.3554178461401545,61,385.28598872375966,ArchType.IV
4,165,67.8875617136684,2.667469888401261,3.355126503520518,18.566766931987118,44.086457358942404,3.3554079795042493,61,385.28598872375966,ArchType.IV
4,166,68.09200698877842,2.6774077856916776,3.3556554198897763,18.580987364454135,44.070570645239826,3.3554003856695824,61,385.28598872375966,ArchType.IV
4,167,68.31114959728296,2.6882575458668447,3.356217418283875,18.596246086634572,44.05489235926797,3.3553954693707766,61,385.28598872375966,ArchType.IV
4,168,68.51518011175104,2.698576619674098,3.3567972263920405,18.612059064377284,44.039604944478185,3.3553917965005784,61,385.28598872375966,ArchType.IV
4,169,68.69783614271647,2.7070532789631767,3.3573431838097765,18.627001644951164,44.02487350187218,3.3553958048828263,61,385.28598872375966,ArchType.IV
4,170,68.86683190389554,2.714967795096213,3.357849945087733,18.641017433156346,44.010845368849154,3.355400988793719,61,385.28598872375966,ArchType.IV
4,171,69.10078224332095,2.7233131490440163,3.3583294811299322,18.654371584208643,43.99752457215793,3.355398299336247,61,385.28598872375966,ArchType.IV
4,172,69.26255965624931,2.7303520447969314,3.358771776679249,18.666749330284265,43.984608974505576,3.355403830198074,61,385.28598872375966,ArchType.IV
4,173,69.46076404427693,2.7372858057972604,3.359180661050142,18.67823073037508,43.97247111215763,3.3554045242533292,61,385.28598872375966,ArchType.IV
4,174,69.69468225646541,2.7440771322821305,3.359568799869593,18.68913786667722,43.9607966456655,3.355400870128881,61,385.28598872375966,ArchType.IV
4,175,69.87220555323546,2.751086844371656,3.359945236882972,18.69962840559849,43.94912486923277,3.3554007502227696,61,385.28598872375966,ArchType.IV
4,176,70.10431150760043,2.7570478125366824,3.360289503128149,18.709286937206492,43.93800782010999,3.355407392602239,61,385.28598872375966,ArchType.IV
4,177,70.25075245882361,2.7628699762394295,3.3606166795701027,18.71843608545807,43.92725485739508,3.355411797215566,61,385.28598872375966,ArchType.IV
4,178,70.48034231601399,2.7687955914338906,3.3609283550432507,18.727147432876883,43.91688461026944,3.3554118598208977,61,385.28598872375966,ArchType.IV
4,179,70.6567850706024,2.7743556669876344,3.361225373126512,18.73546980317217,43.90665340975705,3.355411385850006,61,385.28598872375966,ArchType.IV
4,180,70.89405024140862,2.782794970965395,3.361573117969701,18.74412781612297,43.89557786875672,3.35538256883654,61,385.28598872375966,ArchType.IV
4,181,71.08793914758539,2.7945676524792624,3.362052356632943,18.75479894773251,43.88170772088712,3.3553903940526646,61,385.28598872375966,ArchType.IV
4,182,71.2788686344729,2.8015321895948087,3.3625639331129826,18.7663278471277,43.8673799727282,3.3554044481486556,61,385.28598872375966,ArchType.IV
4,183,71.42992330792458,2.807197920183909,3.362994217304979,18.776588550749956,43.85427568784179,3.355413538725698,61,385.28598872375966,ArchType.IV
4,184,71.70705775904354,2.812279463923381,3.3633418219879907,18.78526153301475,43.842282082599496,3.3554095385634017,61,385.28598872375966,ArchType.IV
4,185,71.88367695218969,2.8155312436464137,3.3636100753606533,18.792066579916973,43.83117950305028,3.3554178023566283,61,385.28598872375966,ArchType.IV
4,186,72.05155660369415,2.818172533843761,3.3638256291043005,18.797615887125108,43.82099089639906,3.3554256238617377,61,385.28598872375966,ArchType.IV
4,187,72.27353130952528,2.817860319214827,3.3639465386222693,18.80053221526627,43.810662724119595,3.35543435356239,61,385.28598872375966,ArchType.IV
4,188,72.47078938055161,2.8183997304956905,3.3639894370646872,18.801340500835416,43.80010658630491,3.3554285546282854,61,385.28598872375966,ArchType.IV
4,189,72.7129248273477,2.8217843496873876,3.3640685985384584,18.80337583893696,43.79038421611542,3.3554135803092713,61,385.28598872375966,ArchType.IV
4,190,72.93356347752609,2.8254427075154926,3.364202922698523,18.80715100415331,43.780028009480894,3.355412664514853,61,385.28598872375966,ArchType.IV
4,191,73.11606375314597,2.827546392340042,3.364359200996539,18.811268516983027,43.76858750592509,3.3554042189986433,61,385.28598872375966,ArchType.IV
4,192,73.3858291791763,2.8307036010553164,3.3644764855034586,18.81436272402395,43.755873391172585,3.3553924583503645,61,385.28598872375966,ArchType.IV
4,193,73.55467377621875,2.8325094707911327,3.3645763001572813,18.81706282852169,43.74211686554645,3.355406637285922,61,385.28598872375966,ArchType.IV
4,194,73.76009815778707,2.835994029369946,3.3646897565412686,18.820064727408564,43.72862784132612,3.3554143676769845,61,385.28598872375966,ArchType.IV
4,195,73.9320811985154,2.8401786931213584,3.3648429568812332,18.82391713241881,43.71421905106606,3.3554237608308775,61,385.28598872375966,ArchType.IV
4,196,74.2108580299585,2.847311396245649,3.3650648292693752,18.829805755014668,43.69931610214365,3.355429158963371,61,385.28598872375966,ArchType.IV
4,197,74.41398026678564,2.8539924847192477,3.3653474773635494,18.8374400253647,43.684409172455226,3.3554284284762703,61,385.28598872375966,ArchType.IV
4,198,74.59505514885822,2.861305128594482,3.365669396053485,18.84613970385148,43.66936158582878,3.355439640706618,61,385.28598872375966,ArchType.IV
4,199,74.85028233148141,2.868460494935276,3.3660122296966515,18.855387823787435,43.6546783737948,3.3554403363672405,61,385.28598872375966,ArchType.IV
5,0,0.0,0.0,1.9951546379198906,6.08783839821776,7.256234684706575,0.8308607865765321,61,4.233288269042969,ArchType.I
5,1,0.0,0.0,2.272025727707137,9.795201252152472,18.7318101560939,0.9630129647150724,61,8.388306304931632,ArchType.I
5,2,0.0,0.0,2.530358110413498,11.679305576501859,31.359306960765686,2.5185101410399113,61,12.392604736328114,ArchType.I
5,3,0.0,0.0,2.7257701433610073,13.005889197479139,43.78927939146388,4.728081994845218,61,16.33222647094726,ArchType.I
5,4,0.0,0.0,2.8896421923492914,14.156145261607495,51.6505474598626,6.026797944158348,61,20.200010162353532,ArchType.I
5,5,0.0,0.0,2.9942186750805018,14.85466111355175,54.62026674197063,6.462091107429153,61,24.009621887207036,ArchType.I
5,6,0.6573629494643739,0.6573629494643739,3.0650379801340857,15.298650032362234,56.22845512135914,6.518293733096513,61,27.759885375976534,ArchType.I
5,7,0.7880512836264442,0.7880512836264442,3.1198741642143357,15.605527353611643,57.76127889910802,6.587087117717739,61,31.412407714843685,ArchType.I
5,8,0.6316908708372919,0.6316908708372919,3.1656085180337254,15.859507343952231,59.16057610277758,6.551644127401017,61,34.999222106933594,ArchType.I
5,9,0.9753293344184355,0.9753293344184355,3.20220133115066,16.093746402000058,60.98226931536967,6.6667947037998365,61,38.553319488525425,ArchType.I
5,10,0.9054185644375294,0.9054185644375294,3.2295469467110984,16.301590090497697,62.56297260009321,6.617023537256311,61,42.06544277954108,ArchType.I
5,11,0.8264428457337868,0.8264428457337868,3.244230043237257,16.390054361503964,63.36180241421921,6.627007402356874,61,45.53584274292,ArchType.I
5,12,1.0014782202612367,1.0014782202612367,3.2539253357972897,16.471568536901398,64.9054338043945,6.678199007765123,61,48.95736608886731,ArchType.I
5,13,0.9403945310827836,0.9403945310827836,3.259774002826116,16.541538908502847,66.55803588216122,6.65568814303831,61,52.31189544677746,ArchType.I
5,14,0.8801061160513507,0.8801061160513507,3.260661830405103,16.54426211445609,67.16230484670353,6.6462529904555785,61,55.632308959961044,ArchType.I
5,15,0.8083132466412126,0.8083132466412126,3.2592352343444104,16.510856350466337,68.24906002902003,6.746582025892365,61,58.939156097412145,ArchType.I
5,16,0.8651478677136036,0.8651478677136036,3.260658444628472,16.52137561554444,69.73719844737145,6.868925046390853,61,62.210389862060616,ArchType.I
5,17,0.7988183158925144,0.7988183158925144,3.264314297634058,16.53760914208346,70.38104754068374,6.862081412558235,61,65.32690692138685,ArchType.I
5,18,0.7394810173277496,0.7394810173277496,3.268324782642444,16.542034852059256,71.54021098610716,6.932088929503691,61,68.30828189086931,ArchType.I
5,19,0.6859619342005493,0.6859619342005493,3.2712838951697742,16.535802010201454,71.74932013890466,7.065871053366415,61,71.26207847595235,ArchType.I
5,20,0.652373559790744,0.652373559790744,3.274079668989369,16.533958650523072,72.48136478328195,7.173758372342432,61,74.18969450378437,ArchType.I
5,21,0.7142336092060361,0.7142336092060361,3.2776761684718583,16.56173942815747,72.55051430331838,7.232475015758657,61,77.1581486358644,ArchType.I
5,22,0.6637621052695116,0.6637621052695116,3.2802868135089334,16.584792863453853,73.26673742261077,7.1302698140752145,61,80.1536937255862,ArchType.I
5,23,0.6175043033452476,0.6175043033452476,3.2812770508365063,16.583234644267446,73.06590695278874,7.131923781892294,61,83.15435679626479,ArchType.I
5,24,0.5757629547948602,0.5757629547948602,3.2815324728264446,16.57076207981655,73.51326572832856,7.103113827523461,61,86.06341032409678,ArchType.I
5,25,0.5395850707095412,0.5395850707095412,3.281240245365792,16.55305543875992,73.23149645304736,7.182103601148318,61,88.85729719543478,ArchType.I
5,26,0.5077475190243631,0.5077475190243631,3.2807378364149726,16.53443252429248,73.62921221172378,7.247821175584051,61,91.52601962280299,ArchType.I
5,27,0.47975366739060815,0.47975366739060815,3.280429096355657,16.518457187768593,73.40590951463805,7.357216621846646,61,94.08550155639664,ArchType.I
5,28,0.5232109100442429,0.5232109100442429,3.2817423699724837,16.535943026603004,73.33488092103377,7.414315370345087,61,96.73477676391623,ArchType.I
5,29,0.4978674898471153,0.4978674898471153,3.2826961471142133,16.548109120525744,73.8587410005461,7.326966568924437,61,99.46535757446303,ArchType.I
5,30,0.47127082014715826,0.47127082014715826,3.2828768237654717,16.547233671998665,73.44154621595614,7.330755442559842,61,102.22375695800785,ArchType.I
5,31,0.44646794291563724,0.44646794291563724,3.2825007363996317,16.539112014529397,72.59437279247072,7.467890041075788,61,105.00515603637704,ArchType.I
5,32,0.423219250261975,0.423219250261975,3.281805984133077,16.527425986305214,70.05991868647068,7.4866434087816405,61,107.79856353759776,ArchType.I
5,33,0.28069581118662307,0.28069581118662307,3.2801240170563766,16.495683611203678,65.5328217111954,7.532890033143717,61,110.60422921752935,ArchType.I
5,34,0.2772148092150675,0.2772148092150675,3.2771298717197785,16.43136609230213,60.155572917957656,7.815902202936789,61,113.39874803161617,ArchType.I
5,35,0.26317004123266374,0.26317004123266374,3.275602431554201,16.398097399954718,57.449069220435746,7.816982811913489,61,116.17174252319323,ArchType.I
5,36,0.22502916438332204,0.22502916438332204,3.274843925483609,16.381725403184657,52.51862617429747,7.731965103524269,61,118.9264564971924,ArchType.I
5,37,0.21644026387626317,0.21644026387626317,3.273765451547248,16.35791786932885,50.286262680344784,7.9372171747062685,61,121.67328755187977,ArchType.I
5,38,0.2037978743867787,0.2037978743867787,3.273284620760687,16.347477664270695,45.82192380805219,7.817847223204636,61,124.40777885437,ArchType.I
5,39,0.15991913873046995,0.15991913873046995,3.27285929661843,16.339685214373542,41.807677181783866,7.767344728426605,61,127.13102963256814,ArchType.I
5,40,0.16023273359276013,0.16023273359276013,3.2721325655054674,16.324303496804568,40.175735895469785,7.949441360984056,61,129.83754727172843,ArchType.I
5,41,0.15117815977169485,0.15117815977169485,3.2718296473714656,16.318080781874688,36.77267097128062,8.020110988362234,61,132.52743399047822,ArchType.I
5,42,0.13117283097549687,0.13117283097549687,3.271913094821773,16.321280604755554,35.49121995075124,8.061322947285047,61,135.20173564147896,ArchType.I
5,43,0.2672655993200174,0.0,3.2718849298848487,16.324317684596323,33.01257585884373,8.074264868627877,61,137.86535670471156,ArchType.I
5,44,0.14042483251628526,0.0021658779738011995,3.272274973438224,16.343201767100577,32.82931304414556,7.3835298162034535,61,140.5229629821774,ArchType.I
5,45,0.2017622194426912,0.0005923427250553578,3.27248021777815,16.35303088595274,32.21046732387522,6.854815701237687,61,143.18759011840788,ArchType.I
5,46,0.19496257584421514,0.01789970036556242,3.2725717156882497,16.358035730238505,31.295503034645996,6.641227385028507,61,145.85523849487274,ArchType.I
5,47,0.1461258497764078,0.012082554290300519,3.27256078178664,16.360334055102406,30.180988225223214,6.82914418661202,61,148.51032052612263,ArchType.I
5,48,0.14137046533898426,0.006311795404267086,3.2723605748082334,16.360542438192414,28.857593249282193,7.456923572256468,61,151.12961999511654,ArchType.I
5,49,0.20268245647837957,0.11368475981305369,3.273300185600027,16.39389033298204,26.97111609494588,8.118560187810209,61,153.7107984619137,ArchType.I
5,50,0.4801705080458279,0.0,3.272762302845447,16.480392900691342,25.03603339081393,8.181186313022371,61,156.22985620117143,ArchType.I
5,51,0.8515693685114067,0.0,3.2704614394985443,16.515812528776287,24.74273971777076,7.874407868793152,61,158.67614535522418,ArchType.I
5,52,0.7820294141137354,0.0,3.2687554030465784,16.45694909643031,24.983121255830998,7.58590339286622,61,161.04746897888126,ArchType.I
5,53,0.5820621508415289,0.0,3.267581220811712,16.40211483639901,22.994088416861253,7.516146840232943,61,163.34123535156166,ArchType.I
5,54,1.779009622752973,0.0,3.266705742343395,16.378297316199802,23.95066846340355,7.142628981513239,61,165.5479532470694,ArchType.I
5,55,2.752660042367319,0.0,3.2661393328548054,16.354309452304708,26.85693896198948,6.476050282456388,61,167.65516004943763,ArchType.I
5,56,3.0672941919506953,0.0,3.266315922899332,16.344283093410063,27.945294352325686,6.116643634171925,61,169.6931779327385,ArchType.I
5,57,1.3963281826531335,0.0,3.267039598424619,16.34190654523122,26.93583453055773,6.351296445400698,61,171.66395207214256,ArchType.I
5,58,2.475046314131999,0.0,3.2679715067686197,16.342273075965828,26.768346854092215,6.5417952939793205,61,173.5073990631091,ArchType.I
5,59,2.0457488383977878,0.0,3.269274061206564,16.34695041415475,30.31962459203769,5.828313955317827,61,175.2152306365953,ArchType.I
5,60,3.5079841147843602,0.0,3.270708876557272,16.353947252180003,34.10667131509066,5.274227415138907,61,176.9133343200671,ArchType.I
5,61,3.555785193102461,0.0,3.2716612282141635,16.358929030102672,37.27272118066095,4.893455742538013,61,178.59710272216657,ArchType.I
5,62,2.0981965119009125,0.0,3.272136533480506,16.361722307500077,36.942820897974634,4.8767897028876215,61,180.25940873718125,ArchType.I
5,63,3.0454205874459754,0.0,3.2722755955677085,16.361557552415803,36.27740794516427,5.048347532776798,61,181.8510791625965,ArchType.I
5,64,1.9499889947998024,0.0,3.2722274014261266,16.36139708781519,35.80880909240464,5.23569920381283,61,183.35224279785044,ArchType.I
5,65,3.0548664263138128,0.0,3.272166367773555,16.35987520843469,35.04523986224234,5.524977153186465,61,184.79905029296756,ArchType.I
5,66,2.0070327827768724,0.0,3.2721654092050416,16.36019919481085,38.07169777032369,5.127949381284627,61,186.22833963012553,ArchType.I
5,67,1.5473520100302824,0.0,3.272181613994029,16.360612666756452,40.41394588091244,4.879938800114723,61,187.66911672973495,ArchType.I
5,68,1.1663485886857863,0.0,3.2722119174325557,16.360928976441496,42.576741330695455,4.669953121565162,61,189.12191282653689,ArchType.I
5,69,1.8156318284051036,0.0,3.2722570598049683,16.36119847457954,44.62889242861503,4.484133512960828,61,190.58812977599976,ArchType.I
5,70,1.9601211155471272,0.0,3.2723090215769113,16.361405230813148,46.5763222106761,4.327388715966325,61,192.06492912292364,ArchType.I
5,71,1.5962522268810775,0.0,3.2723620296784555,16.361815135437084,48.39002538267978,4.19530046688827,61,193.53853652953975,ArchType.I
5,72,1.7999250707860803,0.0,3.272383472062428,16.36268011138741,48.7390798991216,4.096854416779496,61,195.00927073669286,ArchType.I
5,73,2.5611447543890318,0.0,3.27242195296982,16.362752886442912,50.061497434659756,4.156213532573111,61,196.47130175781112,ArchType.I
5,74,2.419736972414703,0.0,3.2724178641117865,16.362627625384906,49.382805684898344,4.178305666391607,61,197.8726164245593,ArchType.I
5,75,2.521328037431863,0.0,3.272364407475146,16.361880367563327,49.04563265100093,4.269367360266745,61,199.2067533111563,ArchType.I
5,76,2.385306767250665,0.0,3.272317136753372,16.361676797288645,50.35029448709007,4.329881378875884,61,200.49173814392,ArchType.I
5,77,2.4051814930516677,0.0,3.272322836503413,16.361645727945355,62.08406478564822,3.335447913204583,61,201.76169432067806,ArchType.I
5,78,1.4175349162200217,0.0,3.2723753620794347,16.362459840853045,61.63858619701601,2.2360123225621327,61,203.0156137542721,ArchType.I
5,79,1.2305690828966402,0.0,3.2724299851291185,16.36358541738859,61.78401320475475,1.7591521326454498,61,204.24562057495106,ArchType.I
5,80,1.3496690143279904,0.0,3.2723729494585436,16.360115275995277,60.38051994150291,2.567417319220793,61,205.4857792663574,ArchType.I
5,81,1.9570240533297527,0.0,3.2723130932446147,16.361330706384322,59.49825082117864,2.5979041283223476,61,206.74477236938506,ArchType.I
5,82,1.0324016515338925,0.0,3.272330214194164,16.36208938931858,59.38172910716168,3.5167869952771453,61,207.99018801879927,ArchType.I
5,83,1.3660055077709043,0.0,3.272411448061141,16.362313264812286,58.87141744177913,4.7728572167711505,61,209.2665462036135,ArchType.I
5,84,1.2844054229195454,0.0,3.272492809803546,16.362581268469558,47.71642603720823,5.201418619492334,61,210.58838865661616,ArchType.I
5,85,1.5144731842297963,0.0,3.2725437034900406,16.36273722755292,46.02640811464117,5.400096263123482,61,211.95358691406247,ArchType.I
5,86,1.5339563627852348,0.0,3.272572632320854,16.36286000994912,46.868651508610135,5.485774785484371,61,213.35065623474108,ArchType.I
5,87,1.572413860403549,0.0,3.2725858926890052,16.363254538794322,45.096115970083865,5.951287894896784,61,214.77380540466297,ArchType.I
5,88,1.3518866023863523,0.12060695604601877,3.272513211026092,16.361454981950352,46.09028902749425,6.201235715942196,61,216.2747434539793,ArchType.I
5,89,2.268566119598576,0.5645804622480832,3.2722414271112235,16.360543285923978,47.090784030443885,6.0428881619498895,61,218.01061163330056,ArchType.I
5,90,2.4848317230735915,0.3430997656808873,3.271939096567987,16.35936512575765,47.566386084739875,6.028322161667103,61,219.76110815429675,ArchType.I
5,91,2.2433213639080174,0.9697716333076091,3.271882465286688,16.359220020547685,49.66039829950428,5.873267788777191,61,221.52065228271468,ArchType.I
5,92,5.546335710849607,0.4072598565452501,3.271893956809204,16.359754188780684,49.53833142046686,5.426336634029363,61,223.36830735778804,ArchType.I
5,93,3.8939418668633916,0.0,3.2713957943974434,16.35786940832201,51.067549076406536,5.497005835497513,61,225.42617227172875,ArchType.I
5,94,2.3195352932757567,0.0,3.2692847971678227,16.34810860084309,46.809604889791686,6.395373379820503,61,227.72855924987843,ArchType.I
5,95,1.3350026101239028,0.0,3.262362398628572,16.31330706378846,46.173765801630445,7.557417195281046,61,230.47006033325218,ArchType.I
5,96,2.989488502220223,0.0,3.2406571236952826,16.204609932872717,55.622771446826974,7.098685078851033,61,233.53527421569842,ArchType.I
5,97,3.0927994591235293,0.5733615267676797,3.205834897141827,16.072911347024604,61.202835973942726,6.049553960914796,61,236.74255738830587,ArchType.I
5,98,3.584203510548556,0.8425448238332204,3.172835172761222,16.10970799338206,62.30480194652771,4.759553436552069,61,240.00632365417485,ArchType.I
5,99,7.002268309887771,1.5726305553272881,3.143958377361032,16.132636262718222,65.7953172114242,4.3084281439781575,61,243.08118334960912,ArchType.I
5,100,3.918745900152962,1.6883883707226879,3.15261995406475,16.457202968114345,68.30246710894444,4.800674708310468,61,245.6256557617186,ArchType.I
5,101,5.364717752096359,1.6443444184607188,3.1933198277169748,16.79591600382848,69.27559865169593,5.8255776797994185,61,247.7762903747557,ArchType.I
5,102,6.722663502341229,1.8470603181775842,3.247688664662571,17.175521563405855,69.53660064155827,6.921228010872031,61,249.41162930297853,ArchType.I
5,103,7.807336759317343,1.6653670405273029,3.288259050693386,17.480152027834624,68.812667168346,7.793499608672504,61,250.0866352996828,ArchType.I
5,104,7.173734181168299,1.1742913901112346,3.3079235803906077,17.58090395708135,68.02492165460463,8.221831858280712,61,249.7404062042239,ArchType.I
5,105,4.868572325242939,1.2341119876149178,3.3129439907411604,17.50603176380443,68.20495082345408,8.324246035926068,61,248.87915182495132,ArchType.I
5,106,2.3090023515202778,1.1393062382916275,3.316422854815158,17.5002989080274,68.237429948629,8.334791699010362,61,247.92294036865243,ArchType.I
5,107,2.3775682281659227,1.0786500264762324,3.317593689656034,17.48302898382406,68.23993508234261,8.344562524833755,61,246.95725178527843,ArchType.I
5,108,1.2557180198313223,1.0002405422859497,3.3172880960781663,17.456439934928504,68.22469594588118,8.35384927068801,61,245.98074162292474,ArchType.I
5,109,1.6069703209782553,0.9400608332849318,3.3159874168837313,17.42081987103895,68.19037414333276,8.362612979355076,61,244.99405088806142,ArchType.I
5,110,1.3088685728845726,0.8650686815318946,3.3140587265439905,17.377359808438218,68.13452764964018,8.371415882742525,61,243.9978034667969,ArchType.I
5,111,1.307663782242807,0.9697453823151378,3.3130958099779706,17.347365667795824,68.09880534943946,8.378321378327351,61,242.9918618927002,ArchType.I
5,112,1.4087477364909262,0.8441238712574421,3.3122698564280597,17.32289111521665,68.0603438597347,8.38493942014716,61,241.97844526672358,ArchType.I
5,113,0.8191415465734128,0.7772319812584861,3.3096391941232977,17.264916568118633,67.95896365748288,8.387653093323596,61,240.95769760131807,ArchType.I
5,114,0.8778457247307071,0.8778457247307071,3.3087549719604255,17.26267154872842,67.5787927417816,8.383627857039343,61,239.93367088317845,ArchType.I
5,115,0.8730610606008755,0.8730610606008755,3.307034565600587,17.230678548281226,67.0028243463323,8.379934657252381,61,238.91223286437972,ArchType.I
5,116,0.8618897480333931,0.8618897480333931,3.30498668220031,17.1822826412818,66.4873014549612,8.378807474382251,61,237.89179689025852,ArchType.I
5,117,0.8597994713566303,0.8597994713566303,3.3036524990013985,17.14887643950743,65.98601429996536,8.377680298079246,61,236.8703256378174,ArchType.I
5,118,0.8786734855243193,0.8786734855243193,3.3033318998450762,17.14141205069183,65.52468425969681,8.376308758569147,61,235.84787046813935,ArchType.I
5,119,0.9001961376974418,0.9001961376974418,3.3040481810287123,17.159443500515845,65.18382772787055,8.37159746257459,61,234.82451144409154,ArchType.I
5,120,0.911654879939013,0.911654879939013,3.3047932980795496,17.180330080258123,64.81898607199916,8.357528965324622,61,233.80397174072218,ArchType.I
5,121,0.9246310729182222,0.9246310729182222,3.3053958316267362,17.199517763535507,64.42623347641423,8.344864852862914,61,232.7961006011959,ArchType.I
5,122,0.9351200186843899,0.9351200186843899,3.3058883399164753,17.21604094966488,64.05379494722061,8.332250323069001,61,231.79905003356905,ArchType.I
5,123,0.9157299908118226,0.9157299908118226,3.306374362250988,17.229291755781855,63.82445973782296,8.323039469893589,61,230.81312014770472,ArchType.I
5,124,0.9326578304426123,0.9326578304426123,3.306692637914686,17.238880671198203,63.582410771441644,8.309535244342076,61,229.8358063354489,ArchType.I
5,125,0.9525813655870117,0.9525813655870117,3.3070097826059848,17.25023328466236,63.31492539372176,8.295303144644205,61,228.87171548461905,ArchType.I
5,126,0.9952321140806987,0.9952321140806987,3.3072572952338986,17.262571119822045,62.975682354468326,8.280527182957409,61,227.9213974609373,ArchType.I
5,127,1.0181038872465762,1.0181038872465762,3.307489212018137,17.27678648944073,62.46092103220809,8.265006237886801,61,226.98505569457964,ArchType.I
5,128,1.0365300290364443,1.0365300290364443,3.307815294428299,17.291197744796566,61.774806320125684,8.24758941272252,61,226.0625940093988,ArchType.I
5,129,1.0572594937530881,1.0572594937530881,3.308163494341986,17.30462409092195,60.965459380151415,8.228806632664142,61,225.1552737731927,ArchType.I
5,130,1.0737497311175292,1.0737497311175292,3.3085343744795166,17.3176426674432,60.131537699307486,8.21130496019346,61,224.26408393859825,ArchType.I
5,131,1.0685429382194394,1.0685429382194394,3.3088844436403426,17.328265884677005,59.6021293461431,8.196881555859568,61,223.38759445190394,ArchType.I
5,132,1.0702132408077716,1.0702132408077716,3.3092250586598513,17.337279396330807,59.39931967355554,8.187263182342262,61,222.52589242553674,ArchType.I
5,133,1.0721817407213106,1.0721817407213106,3.309574263205115,17.34573831679586,59.39460910057775,8.181340293164832,61,221.67628039550763,ArchType.I
5,134,1.0695147209398712,1.0695147209398712,3.309904997842907,17.353317558864116,59.540602176904486,8.174488225381491,61,220.83591134643555,ArchType.I
5,135,1.0682948660867262,1.0682948660867262,3.310216001000911,17.360121175890253,59.79010832209688,8.168088828775023,61,220.00671937561023,ArchType.I
5,136,1.066453653364392,1.066453653364392,3.31049772331638,17.36599588597783,60.103710995015405,8.161818862533806,61,219.188602767944,ArchType.I
5,137,1.0638432813996155,1.0638432813996155,3.310742042155419,17.37078523083436,60.45946882463627,8.155631448641575,61,218.38164410400364,ArchType.I
5,138,0.8585707654293049,0.8585707654293049,3.306497151257718,17.266992836298716,60.881494490786785,8.151901541722708,61,217.58582374572725,ArchType.I
5,139,0.7773578086872953,0.7773578086872953,3.299455050665666,17.094196189353223,61.45825593387154,8.14539484614609,61,216.8048573150634,ArchType.I
5,140,0.7373385085044315,0.7373385085044315,3.2934838780512057,16.94601324947029,62.41217498732925,8.019404626898957,61,216.0433179626461,ArchType.I
5,141,0.7398975793876701,0.7398975793876701,3.2905711724884985,16.871678443244626,63.974868430327625,7.502133136636586,61,215.43890525817855,ArchType.I
5,142,0.7817508419509576,0.7817508419509576,3.2896008109114048,16.846707452416346,65.19958501483075,6.9455417844611285,61,215.44524180603017,ArchType.I
5,143,0.7867679445243299,0.7867679445243299,3.2893825539873807,16.840895029615254,65.47956493925808,6.86021235528841,61,216.06348776245105,ArchType.I
5,144,0.9163875885904006,0.9163875885904006,3.294232557468021,16.95352557150206,65.53538014307784,6.849523277422543,61,216.76114248657214,ArchType.I
5,145,1.0318155570491625,1.0318155570491625,3.3006664388358504,17.107434420407092,64.96184176381894,6.839878704176706,61,217.46731710815445,ArchType.I
5,146,1.089172171228163,1.089172171228163,3.3062412152776703,17.24405558851427,64.34364187017323,6.8307840597754845,61,218.17723101806635,ArchType.I
5,147,1.0918015566084727,1.0918015566084727,3.3094861307251264,17.32633975302215,64.13940640600195,6.817871389012213,61,218.88870036315907,ArchType.I
5,148,1.0959054891604119,1.0959054891604119,3.3110355228482726,17.367785114115055,64.09420645540922,6.804382569898248,61,219.60674644470234,ArchType.I
5,149,0.8634254538862745,0.8634254538862745,3.305114561866548,17.227349829774635,64.1853289761609,6.800599655432838,61,220.33332249450675,ArchType.I
5,150,0.7375548508839508,0.7375548508839508,3.3008471930839125,17.121714847462034,64.25426096993023,6.79839646574042,61,221.06358395385743,ArchType.I
5,151,0.6571091634337471,0.6571091634337471,3.2975417031119263,17.041637992086375,64.2970228607664,6.796965567529481,61,221.79626995849625,ArchType.I
5,152,0.5977920664653705,0.5977920664653705,3.2943507747453027,16.967329108750192,64.3535106024504,6.795496825063681,61,222.53034019470206,ArchType.I
5,153,0.5416969842901304,0.5416969842901304,3.2913597525923155,16.898617613153398,64.40379045644036,6.794060554054701,61,223.26588127136202,ArchType.I
5,154,0.6137727014354794,0.4892381255396862,3.2881583942766346,16.824953301857782,64.40865494556469,6.793240625971223,61,224.00284182739247,ArchType.I
5,155,0.6787107987276094,0.4473936488520541,3.284413638329729,16.737603276538344,64.35470261813342,6.793416511029151,61,224.74043785095196,ArchType.I
5,156,0.5782090792480906,0.4131762832665221,3.281634492056862,16.669666038032123,64.35505270828584,6.793128768913627,61,225.47750415039044,ArchType.I
5,157,0.5730659131042083,0.4133833182038404,3.2811312213764516,16.645404494139513,64.51770284888401,6.790554779187068,61,226.21466763305645,ArchType.I
5,158,0.5939300037573209,0.39318205198480116,3.2800891138341868,16.610716242477686,64.64569147462957,6.788418756963565,61,226.95477078247026,ArchType.I
5,159,0.6172258112145177,0.3627776391755178,3.278963685292159,16.57852418944857,64.79282886069048,6.7857165494622524,61,227.69730552673266,ArchType.I
5,160,0.6364510664363202,0.33403082729732314,3.2777965848777217,16.547515952679337,64.9610519465806,6.782743488666615,61,228.44282777404723,ArchType.I
5,161,0.6496398924855119,0.3048809607788295,3.276733297919886,16.520420617996344,65.16638390154789,6.779055462920313,61,229.19167741394008,ArchType.I
5,162,0.6685742782725475,0.27998462879553654,3.2757908233828847,16.49688204400342,65.39238207559967,6.7748091929698875,61,229.94466061401303,ArchType.I
5,163,0.681979008256479,0.2545373646318301,3.274956111172324,16.476173048937465,65.64051016776523,6.770276964615612,61,230.70237860107372,ArchType.I
5,164,0.7253504088318544,0.22702185235658146,3.273934140506153,16.450875270678527,65.8690770490349,6.766082973516134,61,231.4651783142087,ArchType.I
5,165,0.7332488220361973,0.21389718963802953,3.272876229737332,16.424627358200393,66.16446799913517,6.761350364826337,61,232.23263879394514,ArchType.I
5,166,0.5653276639346347,0.3209824671608906,3.2751302656938104,16.472387439572124,66.36710840736681,6.758002383920981,61,233.0055148468018,ArchType.I
5,167,0.552013241114502,0.5408441724894831,3.2802465482488503,16.58588172738717,66.4632671863477,6.755875484754611,61,233.78213925170897,ArchType.I
5,168,0.5339510494644213,0.4158914994285853,3.284351130007622,16.67553492359247,66.54363644534055,6.755790262472725,61,234.5610039062498,ArchType.I
5,169,0.6293382126422368,0.6293382126422368,3.287439267623269,16.738643989178293,66.56190716231113,6.758851567224143,61,235.34032778930649,ArchType.I
5,170,0.6124924548511317,0.6124924548511317,3.2889790115847615,16.767409688135274,66.57547213595814,6.763281796347274,61,236.11681724548296,ArchType.I
5,171,0.6017666893647886,0.6017666893647886,3.2892027151645284,16.770161680011576,66.7215517458578,6.765012791413511,61,236.88923759460428,ArchType.I
5,172,0.5761204365682066,0.5761204365682066,3.2889950216184864,16.76371220192284,66.8725343916178,6.766795157274642,61,237.66066999816897,ArchType.I
5,173,1.8881477269547104,0.6985979200608075,3.288610438206925,16.745867599287127,67.1710591618353,6.782790116987431,61,238.43134255981428,ArchType.I
5,174,1.1843541072876569,0.7697361701635816,3.290015133244303,16.751505290690776,67.69601036459008,6.908680795197806,61,239.18812698364272,ArchType.I
5,175,1.429338149041274,0.8405408610296645,3.291518035782554,16.772310372457653,67.78158717482887,6.921839109185492,61,239.82911129760768,ArchType.I
5,176,1.5095290785398334,0.9310976333801488,3.2939985065478794,16.81308468171917,67.84248622571336,6.932558255610195,61,240.45725282287626,ArchType.I
5,177,1.9490921072556042,0.8312682345643009,3.29579811567151,16.84776395913868,67.81437399925838,6.949345557787968,61,241.07496250915548,ArchType.I
5,178,2.004963956094914,0.7385544040511333,3.295033613577624,16.838891002892545,67.76297211440016,6.954736522114846,61,241.67594862365738,ArchType.I
5,179,2.3838646146242395,0.6789288793282962,3.2937705763940928,16.819683892738006,67.69827244804138,6.964338640440997,61,242.27145269775426,ArchType.I
5,180,2.742285766210597,0.6586313510594344,3.292514269267078,16.80028338993298,67.65914282298645,6.974293675933275,61,242.85749223327687,ArchType.I
5,181,1.8598365370782957,0.6945027772192052,3.2922032130272836,16.796739847425794,67.65252314386306,6.9827576824944435,61,243.43367547607502,ArchType.I
5,182,1.890020740988797,0.6939694404290079,3.292178324426201,16.796793382817953,67.62284128948579,6.990770222582148,61,244.0017567596441,ArchType.I
5,183,2.1651313183168077,0.6956270218851262,3.2921298793073857,16.795920597583407,67.59008327942693,6.998950505742766,61,244.5619299469,ArchType.I
5,184,3.98233093753192,0.845048877875216,3.293139499230184,16.806406386114496,67.71777439849211,7.003908537217907,61,245.11405354309133,ArchType.I
5,185,3.2655298933278356,0.9113730274288262,3.2951222290272586,16.840284576993565,67.9009738189898,7.0513500189096305,61,245.6619761047369,ArchType.I
5,186,2.9500881007519792,0.9421234013596991,3.2978810058789305,16.898481094579854,67.50320662025356,7.163966895483438,61,246.16435548400952,ArchType.I
5,187,3.0710251921445315,0.9392484144826192,3.3003058321113783,16.95507312156417,67.55853066967313,7.290871513839725,61,246.5424712524423,ArchType.I
5,188,3.4411962856173544,1.0006822333641288,3.3027161785262904,17.01323132398657,67.46591657508863,7.416088538045376,61,246.7717380676278,ArchType.I
5,189,3.248920981558693,1.0143284545514921,3.305153063986992,17.07266593112347,67.32935254504375,7.521743636950936,61,246.851388534547,ArchType.I
5,190,3.228889363840013,1.0148262531879735,3.3064962850420856,17.105735820742414,67.23475681135078,7.58819828308425,61,246.80646269226182,ArchType.I
5,191,2.305126213113253,1.0138441562345764,3.306991541058392,17.117842259923815,67.18458796539319,7.610657495788258,61,246.68566394043066,ArchType.I
5,192,2.40541115724444,1.0190140171241913,3.3074824264756586,17.13000834588961,67.14290595544475,7.627261594472547,61,246.5371659545909,ArchType.I
5,193,2.565439316651691,1.0074184544161027,3.3076944575935623,17.137161354613376,67.08063223941691,7.63739609891043,61,246.36774386596787,ArchType.I
5,194,2.4957659745995917,0.9910010360213746,3.3076638388308566,17.139032161051095,67.01645483681207,7.647106592185927,61,246.18631436157355,ArchType.I
5,195,2.357902319563529,0.9782377064857852,3.3075395454435883,17.138582531932762,66.950866768644,7.656853252734889,61,245.99283816528472,ArchType.I
5,196,2.227327512979141,0.9801279305351961,3.3073833045544747,17.137158941367787,66.89325767701862,7.666409905280989,61,245.787271469118,ArchType.I
5,197,2.1498188966046743,0.9567479149954999,3.3071766083105967,17.13470547258551,66.83808487291172,7.67528981143128,61,245.57010220337085,ArchType.I
5,198,2.2639821013260533,0.9608738192267522,3.306868371271073,17.130178232034407,66.80481819166747,7.682498999635486,61,245.3419235382096,ArchType.I
5,199,2.0821346525475364,0.9609927206769832,3.3067545438672665,17.128632247342583,66.77349958879401,7.690895171055621,61,245.10510765075853,ArchType.I
6,0,0.0,0.0,2.0259562482341447,6.200510820686459,8.072200519459434,0.7896631637966783,61,4.3954080200195325,ArchType.I
6,1,0.0,0.0,2.26467393533519,9.879372550084792,20.456908191191697,1.01493236404344,61,8.68315719604492,ArchType.I
6,2,0.0,0.0,2.480076463379118,11.569913317543541,34.609283020605915,2.8333276278755846,61,12.885313629150371,ArchType.I
6,3,0.0,0.0,2.638499563289493,12.74728596681168,48.98842834892736,5.259201302627517,61,16.902939758300768,ArchType.I
6,4,3.2990532342140373,3.2990532342140373,2.8320933790079246,14.02001744324447,52.05797356515872,5.872122411264486,61,20.75184674072264,ArchType.I
6,5,2.210906982774078,2.210906982774078,2.963976323199768,14.651825779631283,52.59527217532279,5.840198480130616,61,24.538812255859384,ArchType.I
6,6,2.2041526015488984,2.2041526015488984,3.0589358414183656,15.104348572029668,54.462517343355934,5.886387383082901,61,28.349198425292975,ArchType.I
6,7,1.9313684738485204,1.9313684738485204,3.1327741248978085,15.499561536702531,56.99293885169297,6.065590980184069,61,32.17879263305665,ArchType.I
6,8,2.188096760644177,2.188096760644177,3.1953966984461992,16.01612283702472,59.648561521776806,6.048791142229244,61,36.017995391845695,ArchType.I
6,9,1.8377400360957161,1.8377400360957161,3.2283272507594187,16.264827783195532,61.211971458936816,6.126259280026715,61,39.85437429809567,ArchType.I
6,10,2.0637509091319926,2.0637509091319926,3.2462639402340625,16.456593825591145,62.98639081363997,6.015545163519701,61,43.687890075683505,ArchType.I
6,11,1.731152983446215,1.731152983446215,3.2535663734348605,16.530475035791273,64.34331239973456,5.9896989440772135,61,47.47236004638669,ArchType.I
6,12,1.7497480529883467,1.7497480529883467,3.262481018498782,16.645552057151583,66.11100892609966,5.989581744748129,61,51.19179882812501,ArchType.I
6,13,1.6021988519702524,1.6021988519702524,3.2670575172771907,16.667941679776288,67.26385062157837,6.08154972952345,61,54.8266821594239,ArchType.I
6,14,1.4837878590292768,1.4837878590292768,3.2692389228757475,16.656401410671663,68.12666097960746,6.272795799314853,61,58.38356915283216,ArchType.I
6,15,1.5839379694011888,1.5839379694011888,3.275378080750285,16.73326226386642,68.66639009331875,6.329518976277249,61,61.857105163574424,ArchType.I
6,16,1.3999633772389943,1.3999633772389943,3.2808444884781873,16.772911230037053,69.35132034766838,6.332237581014887,61,65.28772344970724,ArchType.I
6,17,1.42091584750344,1.42091584750344,3.2855516319835085,16.79388184640274,69.78116837807681,6.420975179589312,61,68.7460142822269,ArchType.I
6,18,1.2758341693764386,1.2758341693764386,3.288450560648374,16.81565797430517,70.03583375975057,6.430951416150689,61,72.2113597106937,ArchType.I
6,19,1.151503432067823,1.151503432067823,3.28615561814626,16.773613814872125,69.67895062055976,6.539125536871034,61,75.65683242797886,ArchType.I
6,20,1.0414016732845708,1.0414016732845708,3.2820478452999176,16.707047259453752,69.50771379204068,6.598788421758411,61,79.01186935424826,ArchType.I
6,21,1.0412203523205315,1.0412203523205315,3.2805364017326584,16.688735858962044,69.49443514266922,6.555572562936803,61,82.28628448486336,ArchType.I
6,22,0.9556253378093914,0.9556253378093914,3.2779620972115096,16.64923975419319,69.28645652698181,6.556655141536878,61,85.40674627685544,ArchType.I
6,23,0.8816569433323636,0.8816569433323636,3.275719342170431,16.60593725190057,68.8698524147411,6.568529619100281,61,88.3296350708006,ArchType.I
6,24,0.8204131593317889,0.8204131593317889,3.2754770154734785,16.574609358058034,68.62437927303765,6.554589296543579,61,91.05602642822257,ArchType.I
6,25,0.7675532778186828,0.7675532778186828,3.277015003046976,16.556793142753808,68.24614714006238,6.614879654159014,61,93.76404965209954,ArchType.I
6,26,0.7203730415918481,0.7203730415918481,3.27903072267684,16.545480580614694,67.96339047494331,6.634269599228939,61,96.4640021362303,ArchType.I
6,27,0.6775490087442989,0.6775490087442989,3.2805744472450704,16.53481108719565,67.43678969396166,6.665163345472888,61,99.16272396850584,ArchType.I
6,28,0.6387883223478581,0.6387883223478581,3.281345795100409,16.522532154030078,65.82845675748825,6.776187107457747,61,101.87629368591308,ArchType.I
6,29,0.6037568309572219,0.6037568309572219,3.2814889723674674,16.50891617385096,64.20868726398305,6.743830076118962,61,104.6028497009276,ArchType.I
6,30,0.5708996768057557,0.5708996768057557,3.2812291547235937,16.494908780177212,60.477756790608844,6.709652853596342,61,107.32670019531241,ArchType.I
6,31,0.429234914733812,0.429234914733812,3.2793008680916365,16.450319426993758,58.07127894293246,6.695832064288947,61,110.04133389282214,ArchType.I
6,32,0.40888693046369445,0.40888693046369445,3.2768224422138092,16.393295033080847,53.758160284559395,6.906684932910977,61,112.69226171874976,ArchType.I
6,33,0.3893805867827321,0.3893805867827321,3.275516208966029,16.36347174903767,51.61174202050629,6.891841055280185,61,115.2523388366696,ArchType.I
6,34,0.37219243274557745,0.37219243274557745,3.2746615818216434,16.34737654064011,49.520826186446904,6.856344407306596,61,117.69067306518534,ArchType.I
6,35,0.3081004646598725,0.3081004646598725,3.27297823975304,16.320581664505603,45.719105281273976,6.829934224081441,61,120.02363499450661,ArchType.I
6,36,0.29809097884684566,0.29809097884684566,3.2709170081825376,16.290573806644588,43.769376732383506,6.993317652245496,61,122.27026901245102,ArchType.I
6,37,0.2856333939707059,0.2856333939707059,3.2694197214959617,16.275319127396678,41.833539005003786,7.097609639689929,61,124.46743122863748,ArchType.I
6,38,0.27415672047735434,0.27415672047735434,3.268311159010249,16.268010517821764,38.13602936267771,7.0825081477664495,61,126.63941543579088,ArchType.I
6,39,0.2634514176280619,0.2634514176280619,3.267516852085126,16.26541148941149,36.20194501832844,7.014937258142171,61,128.79286685180654,ArchType.I
6,40,0.22466692205416752,0.22466692205416752,3.2665205567826896,16.256937128135803,34.49926874712401,7.054982925794857,61,130.93125134277312,ArchType.I
6,41,0.33789050227669143,0.0,3.266117905653374,16.261538080370524,33.26623614194893,7.113360853798802,61,133.05724018859814,ArchType.I
6,42,0.26962800190187386,0.006033722495350887,3.2671511464355882,16.300407211227025,32.81785773657893,6.718446723056892,61,135.16687757873473,ArchType.I
6,43,0.2611582484752993,0.0037359846372377816,3.267743913656127,16.32075617979749,31.645143617095993,6.065303206470249,61,137.24964909362734,ArchType.I
6,44,0.34672451550256417,0.0015105524767233273,3.267982365928265,16.33085291405666,30.026220858638858,5.365483971024326,61,139.31158110046334,ArchType.I
6,45,0.3852940231569332,0.03628909436267236,3.2680388759399825,16.335691471135487,28.163217305932047,4.762717526657366,61,141.35950260925262,ArchType.I
6,46,0.3150316006048516,0.027975049893571132,3.268021732067074,16.33795665254902,26.158575005626993,4.423508681448895,61,143.40012832641588,ArchType.I
6,47,0.2481342251301335,0.01998584670741255,3.2680066931541893,16.339074501956137,24.043606208874344,4.504010679076483,61,145.4387454223633,ArchType.I
6,48,0.24839645315065018,0.012027785533825289,3.268099227230497,16.340123167094603,23.852277072266,4.87351574532704,61,147.45860363769515,ArchType.I
6,49,0.32053457021764475,0.0,3.2683049247711904,16.341436134568134,21.728836978606722,5.639237263726035,61,149.45497120666505,ArchType.I
6,50,0.48625148704669224,0.0,3.268544320640881,16.342000139643453,21.122662113810787,5.633953598068827,61,151.41096694946293,ArchType.I
6,51,0.6816587710872667,0.0,3.2689742641429547,16.344193842613752,22.11696890451052,5.331500150768462,61,153.32950736999538,ArchType.I
6,52,0.6245295744546637,0.0,3.2695484594366064,16.347393307379317,22.53130197233673,5.225839325901936,61,155.23182171630873,ArchType.I
6,53,0.8949632415664719,0.0,3.270151604679016,16.350567673503384,24.796142081315725,5.281380111732839,61,157.10875714111364,ArchType.I
6,54,0.7634036101407516,0.0,3.2706936222546106,16.353371541090066,24.38312380094458,5.5261030684162495,61,158.95073077392635,ArchType.I
6,55,1.8616776066121945,0.0,3.271122273847578,16.355219019607798,25.48734119874664,5.346527012746489,61,160.7455075988775,ArchType.I
6,56,1.5693714019420255,0.0,3.2714577714003927,16.357052432615955,26.33759482821366,5.115411419996828,61,162.5311285552986,ArchType.I
6,57,1.610057949580789,0.0,3.271730236298012,16.35859142494874,26.647012300699174,4.9827874971047645,61,164.32257345581132,ArchType.I
6,58,1.182466761857731,0.0,3.271943854319405,16.35979011664911,28.778656096032716,4.934599311896465,61,166.1130691833502,ArchType.I
6,59,1.2803292938598065,0.0,3.272163446359317,16.360982542889023,28.32342541593627,4.984835322823795,61,167.87574885559167,ArchType.I
6,60,0.8921461581144411,0.0,3.2723992642781217,16.362179184759988,27.572865953264127,5.230164162748342,61,169.55200846862903,ArchType.I
6,61,1.4438732664931786,0.0,3.2725261194773587,16.36207614939833,26.905287151545323,5.566731741497736,61,171.1285782318128,ArchType.I
6,62,1.8148631221207385,0.0,3.2724769092057726,16.36188772013937,28.422138018999178,5.265150780619371,61,172.55475921631006,ArchType.I
6,63,1.8886978553248948,0.0,3.2723302965148653,16.361551388759505,29.37963615513653,5.290059438463844,61,173.8857353820818,ArchType.I
6,64,1.3290679583308673,0.0,3.272168888802765,16.360967397584943,31.175378560396236,5.373924823182841,61,175.12182949829253,ArchType.I
6,65,1.179293553845427,0.0,3.272032604830475,16.36033863841933,31.00071122800705,5.735390331037381,61,176.24616441345376,ArchType.I
6,66,1.116630355853666,0.0,3.2718680290898523,16.358655811046525,32.896790633705805,5.577901923610711,61,177.27641790771662,ArchType.I
6,67,1.6370330301845795,0.0,3.2717938817549537,16.358605388734198,34.831201097920435,5.384024754524574,61,178.28912857055843,ArchType.I
6,68,1.2614603962399686,0.0,3.271830026101136,16.358952757037596,35.21182829925531,5.185795675258581,61,179.29397494507043,ArchType.I
6,69,1.7763952830757896,0.0,3.2719416321650803,16.359645137947048,37.26039922022379,4.950861671972531,61,180.29394403076373,ArchType.I
6,70,1.1378113821975322,0.0,3.2720623368767043,16.360293825656814,39.06552291351342,4.782427893568573,61,181.28838122558778,ArchType.I
6,71,2.147275858360993,0.0,3.2721552667635634,16.360825820883388,40.8107656603899,4.668566554069468,61,182.27554679870792,ArchType.I
6,72,3.0678625732695792,0.0,3.2722041380705416,16.361074580483507,42.7408282041215,4.612451213118067,61,183.24763587951867,ArchType.I
6,73,1.9823283035283306,0.0,3.2721901519887853,16.361094753716333,44.61317387456239,4.697102734645545,61,184.19807676697008,ArchType.I
6,74,1.998180396056052,0.0,3.27218245579528,16.361105300392943,44.77998162997801,4.748652704770958,61,185.11076725769294,ArchType.I
6,75,2.0859464583129244,0.0,3.2721324975884136,16.361033900868055,45.98107880726182,4.79783759362013,61,185.96829342651608,ArchType.I
6,76,1.8963317960579882,0.0,3.272017184296577,16.360644479387773,47.03161998096683,5.119320433743303,61,186.74836456299067,ArchType.I
6,77,1.6936348808652175,0.0,3.27176738609531,16.35948400292335,46.803143846058255,5.5334684922488915,61,187.40367761230732,ArchType.I
6,78,1.482082784893871,0.0,3.2712300188140535,16.356648245018825,46.40618143886378,6.166342674095013,61,187.88489874267856,ArchType.I
6,79,1.6946767108556755,0.0,3.2703209369659825,16.350404031426717,46.42445633220077,6.765531746762408,61,188.2210011444118,ArchType.I
6,80,1.2756955528510259,0.0,3.2691524521472415,16.345217360100374,48.26517841272748,6.833563171573734,61,188.4258805084254,ArchType.I
6,81,0.8854647698460549,0.0,3.2682408893675774,16.341057188440413,49.79388205633855,6.9360786797546545,61,188.56910643005614,ArchType.I
6,82,1.5620558377994975,0.0,3.2682455952710936,16.341236232891227,50.82401552429725,7.016323287867776,61,188.70130986023213,ArchType.I
6,83,1.575087074213977,0.0,3.2690255673515316,16.345171449923278,51.65883172519728,7.082008313785334,61,188.82872563171668,ArchType.I
6,84,1.5493965680010553,0.0,3.270038058701957,16.350246610238923,52.3761234356407,7.137955425392647,61,188.95360607910447,ArchType.I
6,85,1.58469537573708,0.0,3.2709337900129536,16.354719145119915,52.983069924392666,7.182319578221787,61,189.07745225525196,ArchType.I
6,86,1.5629243604920058,0.0,3.271599956556289,16.358035407610743,53.479767871235374,7.217948286895135,61,189.2009172515896,ArchType.I
6,87,1.5645775530277308,0.0,3.27204724005615,16.360262033487786,53.888442238977966,7.240510830409781,61,189.32445878601322,ArchType.I
6,88,1.5584540222707988,0.0,3.2723254207068084,16.361644245571952,54.24921645511142,7.2586719345606685,61,189.4490245208766,ArchType.I
6,89,1.5379280125260704,0.0,3.272490012902881,16.362460329983207,54.56202254486197,7.27272787208103,61,189.5747791137723,ArchType.I
6,90,1.5618745038177906,0.0,3.2725849121934316,16.36292791764954,54.8348571309348,7.286793394218972,61,189.70185247802982,ArchType.I
6,91,1.2730123827493283,0.0,3.272639198273279,16.36320629584599,55.078963915649126,7.303355740693433,61,189.82999133301018,ArchType.I
6,92,1.1410410657167156,0.0,3.2726704625306415,16.363353043516245,55.3249978149927,7.318051689920637,61,189.95893081665258,ArchType.I
6,93,1.3277331560284045,0.0,3.2726892938222063,16.363448612372125,55.488903759688874,7.32657484018284,61,190.08875401306364,ArchType.I
6,94,1.3180828960171833,0.0,3.272700539286377,16.363507649121832,55.67544954086486,7.336964564585555,61,190.2194050292989,ArchType.I
6,95,1.3174806704240767,0.0,3.27270724880692,16.363541288516508,55.905041049901016,7.349494623653332,61,190.35118649292178,ArchType.I
6,96,1.3113794581924068,0.0,3.2727111051484177,16.36355721149054,56.173279862285966,7.364280226498217,61,190.48438793945496,ArchType.I
6,97,1.3012235614203658,0.0,3.272713208194374,16.363568662885488,56.473292999755884,7.381097578972242,61,190.61916093445035,ArchType.I
6,98,1.2889292395426142,0.0,3.2727147403138854,16.363572088812315,56.77327317697861,7.396211113742461,61,190.75510717773648,ArchType.I
6,99,1.2803282451180455,0.0,3.272716456137466,16.36358365270063,57.04732708283976,7.406589379732548,61,190.89213804626695,ArchType.I
6,100,1.2695765668675774,0.0,3.272718100523615,16.36359311686581,57.31091134809441,7.415080822631843,61,191.03047308349852,ArchType.I
6,101,1.276229201062,0.0,3.272719181680857,16.363603711690885,57.57050993699088,7.430812948857876,61,191.17024623108165,ArchType.I
6,102,1.2458681059111987,0.0,3.272720024372997,16.363598141877766,57.83998321853468,7.447307607191503,61,191.31108638000768,ArchType.I
6,103,1.1927674533844255,0.0,3.272720926710843,16.363609140819705,58.132593950281226,7.4646706204562845,61,191.4527231292754,ArchType.I
6,104,1.1290107584437725,0.0,3.272721825712488,16.363603768701058,58.38574530316724,7.4805083460921304,61,191.59516654968536,ArchType.I
6,105,1.1167027517332813,0.0,3.272723222604561,16.36362329164002,58.52665579425466,7.486739270899777,61,191.7383677978542,ArchType.I
6,106,1.115370548849157,0.0,3.272724143387028,16.363622908461803,58.66321077604442,7.493913153106598,61,191.88221911621343,ArchType.I
6,107,1.1205596097902875,0.0,3.272724595163517,16.363623006336866,58.87870739914439,7.506081986544051,61,192.02691134643817,ArchType.I
6,108,1.1271685226612926,0.0,3.272724657261834,16.363625848974632,59.17796769047726,7.522823710941857,61,192.17269122314735,ArchType.I
6,109,1.1371500397564074,0.0,3.272725019071467,16.363629288178128,59.46415609002104,7.534664800977832,61,192.31969218445101,ArchType.I
6,110,1.1780706074278213,0.0,3.2727252128545876,16.3636205891834,59.743088960211246,7.544788124214253,61,192.46816700744893,ArchType.I
6,111,1.1599988858331527,0.0,3.272725462313581,16.363633712116513,60.022389995334954,7.554110827306228,61,192.6182813568139,ArchType.I
6,112,1.1955880195304125,0.0,3.272725411863189,16.363626963433934,60.27735932742112,7.561658804666001,61,192.7701168060325,ArchType.I
6,113,1.2016401669941033,0.0,3.2727252968979093,16.363625567888814,60.55780032439021,7.559644061842959,61,192.92374082946975,ArchType.I
6,114,0.7724345750835415,0.0,3.2727253240308674,16.363633137233947,60.594434514115456,7.545559514761711,61,193.07918061828786,ArchType.I
6,115,0.7670709958926252,0.0,3.2727251250558,16.363616117962074,60.57565894106395,7.526114410061161,61,193.23571006775092,ArchType.I
6,116,0.9345592305095871,0.0,3.272725172238105,16.36362415308565,60.67073233206815,7.522429643493744,61,193.3934867858904,ArchType.I
6,117,1.2568630843813435,0.0,3.272725201653937,16.363632456113585,60.71928000473487,7.508752434410524,61,193.55268801880032,ArchType.I
6,118,1.2536758158792916,0.0,3.2727252590274936,16.363636799821617,60.78810197411997,7.483989777124779,61,193.71306300354144,ArchType.I
6,119,1.0844151976155016,0.0,3.2727249143289607,16.363605537912626,60.85736929205895,7.474281999283373,61,193.8750387420668,ArchType.I
6,120,1.1604963641989954,0.0,3.272725510722558,16.36367965765791,60.93887311132451,7.474479318021001,61,194.03823002624625,ArchType.I
6,121,0.8599924637164691,0.0,3.2727250232576997,16.363616586279722,61.05988848849738,7.472504098246428,61,194.20238458252044,ArchType.I
6,122,0.8098614752444074,0.0,3.2727250103580414,16.363611393555058,61.21878551349707,7.475913084306429,61,194.36791581726135,ArchType.I
6,123,0.9169394739539224,0.0,3.272724922599472,16.36360614384999,61.41762664324456,7.483642552732016,61,194.53478092956584,ArchType.I
6,124,0.8814910437233475,0.0,3.2727248017020263,16.363610361338107,61.67971257227905,7.499302984682139,61,194.70295927429237,ArchType.I
6,125,1.12765276094454,0.0,3.2727250544067465,16.36365252252408,61.928464170140906,7.514257732727253,61,194.87245890808163,ArchType.I
6,126,1.366926297838468,0.0,3.2727245526691826,16.363617423308874,62.15689865709092,7.533805989977969,61,195.04329191589403,ArchType.I
6,127,0.958477342454974,0.0,3.272724725931767,16.363623371855127,62.303865302184434,7.548217277258493,61,195.21492152404812,ArchType.I
6,128,0.8691288234262358,0.0,3.2727250116258335,16.363634148885033,62.471296611314536,7.559197880267879,61,195.38723242187513,ArchType.I
6,129,1.2103824043903848,0.0,3.272725347153979,16.363638185776928,62.575421103293486,7.560695882250756,61,195.5605050811768,ArchType.I
6,130,1.222579984841126,0.0,3.2727252961181583,16.363640259258705,62.77357025592594,7.577751745210584,61,195.7346604461669,ArchType.I
6,131,1.2074993280889337,0.0,3.272724735578265,16.363621737871917,63.05020097787734,7.601568331761576,61,195.90941300964369,ArchType.I
6,132,1.1905942165093626,0.0,3.2727243221036604,16.363617689822355,63.38307637978206,7.629407649503747,61,196.08488563537617,ArchType.I
6,133,1.174757277514701,0.0,3.272723981938351,16.363614670042242,63.72231524527802,7.65478593882386,61,196.2610843658452,ArchType.I
6,134,1.1558956945297751,0.0,3.2727236402080435,16.363620991628924,64.05362341391296,7.6771203487643,61,196.43806559753438,ArchType.I
6,135,1.112686319383187,0.0,3.2727230494142123,16.363624242061434,64.37299472591951,7.699040517568115,61,196.61583789062547,ArchType.I
6,136,1.3420966467082533,0.0,3.2727222891579415,16.36360490634799,64.6273293009416,7.712031327150533,61,196.794317153931,ArchType.I
6,137,1.4351306639239536,0.0,3.2727215221459085,16.363628057708997,64.86868072578066,7.720611457122103,61,196.97348475646987,ArchType.I
6,138,1.2385814522941068,0.0,3.2727201985585315,16.363623764949967,65.1129907386684,7.724564103808801,61,197.1537092895511,ArchType.I
6,139,2.238447555107921,0.0,3.272718659788826,16.363646443950056,65.37258144351247,7.7299936849416415,61,197.33535128784234,ArchType.I
6,140,2.421402366720183,0.0,3.272715907199879,16.363611328271848,65.704882626872,7.737860727207248,61,197.51853713989317,ArchType.I
6,141,2.550568464019202,0.0,3.2727121400318095,16.36359173933393,66.04190408629967,7.755502271346545,61,197.70397129821833,ArchType.I
6,142,2.4816500751487935,0.0,3.2727071434001953,16.36357965224171,66.30148907150591,7.772605398525047,61,197.89132897949287,ArchType.I
6,143,2.3277432634860142,0.026337934365430644,3.2728932909291637,16.367472766634613,66.65547048849092,7.800205028211215,61,198.0794555664071,ArchType.I
6,144,1.9815424745469479,0.08545782917716006,3.273523394772902,16.381566531088644,66.8544279980644,7.808001639202048,61,198.2691199646007,ArchType.I
6,145,1.95470027821007,0.10795302899910193,3.2749710531076865,16.413776506779662,67.02847974527707,7.824537044775765,61,198.46008802795495,ArchType.I
6,146,1.937885614077453,0.1253860055715833,3.2759833153071565,16.436214066529743,67.19786508320642,7.84747475735358,61,198.6530521240242,ArchType.I
6,147,1.9209354653765347,0.1414899278954718,3.2767623491176154,16.453476391572448,67.36733360120796,7.876721485048992,61,198.8477453765878,ArchType.I
6,148,1.9384034183001209,0.1455857586018922,3.277401936172646,16.467585659370492,67.3649166238126,7.8674158198640995,61,199.04396183776942,ArchType.I
6,149,1.968313254020805,0.15842432136896345,3.2778757529610334,16.478575492264806,67.49322879415296,7.854575743522925,61,199.24156555175875,ArchType.I
6,150,1.9891835894396264,0.17349328594045682,3.278473065767957,16.491822820960557,67.60576852434538,7.846412812677976,61,199.4416567535411,ArchType.I
6,151,2.182044656585409,0.20916730565060213,3.27910213604944,16.5070396856796,67.74531085718436,7.843937339149192,61,199.64513929748625,ArchType.I
6,152,2.153391732519388,0.22582060487394431,3.280333218871461,16.535620404710286,67.8573803901358,7.848468846521596,61,199.85237019348256,ArchType.I
6,153,2.1408302225378484,0.22639967036159037,3.281040782329912,16.55168125756359,67.96818799384083,7.8602197926659985,61,200.06414503479084,ArchType.I
6,154,2.110922551280419,0.23457176655565098,3.2814510718882044,16.560833765105954,68.0827425869057,7.879886447856364,61,200.2805836639413,ArchType.I
6,155,2.092647245929047,0.23793892222338905,3.281698006820049,16.566236183803362,68.20333658075302,7.907859587795927,61,200.50198568725654,ArchType.I
6,156,2.095677396574839,0.2355422563817158,3.281854253350088,16.569558694163323,68.3283732732375,7.9445499158310415,61,200.7288224182135,ArchType.I
6,157,1.7879779496807269,0.2421485505393061,3.282030189979298,16.573862375997503,68.46166260147048,7.9885430852747215,61,200.96206971740776,ArchType.I
6,158,1.4870482864114096,0.260545209179854,3.282569243638668,16.585989857104643,68.4471914624649,8.002619500710278,61,201.20131266784728,ArchType.I
6,159,2.7183082726855377,0.2864634900330373,3.2832916565520684,16.604166175262478,68.57093502489562,7.994624639249186,61,201.44672599792517,ArchType.I
6,160,2.678258142566741,0.29427882707901437,3.2840885983364436,16.623547540143463,68.64213593670083,7.99576529593783,61,201.69801211547866,ArchType.I
6,161,2.661084633383495,0.29815938530720715,3.2845779551527627,16.635159113511698,68.72486316713572,8.006928077080222,61,201.95500485229513,ArchType.I
6,162,2.3854311431469326,0.3190576621488001,3.2850967415477026,16.64731956887393,68.78668007060419,8.02895655789991,61,202.21776211547888,ArchType.I
6,163,2.3301656135231203,0.3293901586576484,3.2855962797038702,16.658776792572798,68.85074045620951,8.061525103063344,61,202.48640777587917,ArchType.I
6,164,2.3172392803782818,0.48253721206509387,3.286484116022787,16.677022824028324,68.97104571552006,8.09854312105275,61,202.76105361938488,ArchType.I
6,165,1.903743457535383,0.518402379278664,3.2893811199844856,16.737290057816452,69.2162667679366,8.103969942382694,61,203.0415123291014,ArchType.I
6,166,1.7640887901384257,0.5763152975565714,3.2920736648196165,16.797630444042294,69.45193821517482,8.115462324541529,61,203.32579341125478,ArchType.I
6,167,1.8242956949449798,0.6193166741700642,3.29468497285811,16.85775248524075,69.49048082989235,8.108215834000832,61,203.61393463134755,ArchType.I
6,168,1.6735143627180318,0.6705094153426284,3.2971089521060053,16.913844442988417,69.68723391833835,8.068629140808534,61,203.9087120056152,ArchType.I
6,169,1.6076885559171625,0.6907301759223521,3.2988990789728008,16.956125971674872,69.80273784874399,8.044894245260124,61,204.2113652496339,ArchType.I
6,170,1.4271683812719822,0.7549374185465567,3.3011846202677413,17.0099876728855,69.94185277365456,8.030983628388011,61,204.52057156372086,ArchType.I
6,171,1.4861482748113735,0.5837264629966714,3.300246550783809,16.98708372848344,70.08047453563533,8.030315494494538,61,204.83807772827186,ArchType.I
6,172,1.6769974851371434,0.5983662240871066,3.2983310276820186,16.940870378745164,70.31655409360147,8.039268706708397,61,205.16469796752938,ArchType.I
6,173,1.9549238712924535,0.5922044310897903,3.2972029646792005,16.912846994720336,70.58909857998076,8.054985187516394,61,205.49672270202632,ArchType.I
6,174,2.1234184979969286,0.6318283521240018,3.2975411302362962,16.923177270550283,71.04125936222938,8.082161618409424,61,205.83171681213355,ArchType.I
6,175,2.072325045918169,0.6241459283506028,3.2987429342464796,16.954905851140747,71.1656276077125,8.095860846711716,61,206.1808860778807,ArchType.I
6,176,2.0847720664967664,0.6170963396109971,3.299064994344165,16.96689715993168,71.25329631288558,8.07532184471981,61,206.5545742187499,ArchType.I
6,177,2.6298619180183453,0.5333522940388105,3.2975039870676137,16.92907364817181,71.09981684632271,8.065808453028009,61,206.9474140014645,ArchType.I
6,178,2.0281005235425043,0.5902522087532271,3.2962663633280433,16.896010574198247,70.7231141245624,8.073656673624347,61,207.36653152465794,ArchType.I
6,179,3.428405012256863,0.6268201885434614,3.2963861080453754,16.89680502454414,70.35565909379709,8.10468512295526,61,207.8191636657711,ArchType.I
6,180,3.452587011598161,0.6642865135598012,3.297157393373516,16.91427083594349,70.00429877840497,8.165272252523744,61,208.33681893920874,ArchType.I
6,181,3.396752117022812,0.68914984266161,3.2978671525388585,16.930508537024448,69.23038480906393,8.228717109957438,61,208.95169419860838,ArchType.I
6,182,3.315629413127646,0.9379908865052793,3.300210117497192,16.967809622423086,68.98523009326549,8.187173068838222,61,209.67807034301734,ArchType.I
6,183,3.3616068640375505,0.8736099468096765,3.301690523072991,16.992840097173982,68.64085166324814,8.151416945925279,61,210.51676612853953,ArchType.I
6,184,3.237451088250473,1.020221961266381,3.3035309117840197,17.031019713554702,68.32964767469694,8.184344157774897,61,211.49529800414973,ArchType.I
6,185,2.3148443042451787,1.1765327414441469,3.307941596260621,17.130344381928154,67.17521570417038,8.150504384191333,61,212.6572539062492,ArchType.I
6,186,5.319543894672396,1.1321777500135592,3.3122129612431523,17.230701799870587,67.19243700503655,8.156079470221052,61,214.0534707336417,ArchType.I
6,187,2.1571296343330264,0.6350526530382725,3.316419970140933,17.335992023561758,66.1990403116248,8.202000592635207,61,215.61780094909597,ArchType.I
6,188,2.9617441689601507,0.49555655578154867,3.3073755635301936,17.136484981958496,67.72240544727718,8.190384967892951,61,217.41331797790457,ArchType.I
6,189,3.4032275284636437,0.5168457900622734,3.301191899554568,17.00667366375722,67.73196045882565,8.27724741621861,61,219.43112275695756,ArchType.I
6,190,6.338720372505433,0.46580622922826553,3.295861679487834,16.895332621731917,67.3652620028638,8.382959356917327,61,221.78748066711387,ArchType.I
6,191,4.292085552316201,0.40006964140369883,3.2912340835784835,16.826530575090903,67.05524923919968,8.472215250484112,61,224.4769660644527,ArchType.I
6,192,3.2504611118465396,0.5946643133293815,3.284706714749404,16.78260064569279,52.34721605575479,8.282871767436895,61,227.4788663330075,ArchType.I
6,193,4.106019325910216,0.8329943515568446,3.275652560273807,16.797964854796106,53.39135313887241,6.95375464240087,61,230.85301562499967,ArchType.I
6,194,9.766838354114048,1.0240455150036838,3.264197103196219,16.834640002808538,54.88355963874198,6.6925118069120115,61,234.4941247253414,ArchType.I
6,195,4.606871667849184,1.1057288233899962,3.2514563254123496,16.810357545534867,56.48955392053365,7.61485051439579,61,238.3787185974117,ArchType.I
6,196,7.28710120504563,0.7951779883083607,3.248728675968626,16.850017166137075,61.420685080199604,8.720229062487888,61,242.2289267272945,ArchType.I
6,197,11.391984225432614,0.8990611571690381,3.24526444123745,16.728436210299908,60.34036140595435,8.753248456737229,61,246.04565649414008,ArchType.I
6,198,9.744938082717795,0.8140006136473422,3.2477618920220976,16.65318240538637,59.598368283633235,6.345625702451524,61,249.83384863281185,ArchType.I
6,199,3.6951228009661534,1.0490070361684483,3.25980793600674,16.6649670353735,62.3039855742736,4.346910641906345,61,253.30875125121997,ArchType.I
7,0,0.0,0.0,2.0367676226206433,6.3022506169177674,9.495291076935414,0.7537258371743282,61,4.539523193359373,ArchType.V
7,1,0.0,0.0,2.2520384664224826,9.81239197245129,23.11504792059524,1.1371913079681937,61,9.300979675292966,ArchType.V
7,2,0.0,0.0,2.4622119507257065,11.438988611880896,39.35320020301439,3.454840079838212,61,14.304702362060548,ArchType.V
7,3,0.0,0.0,2.673968394755277,12.957822467345116,52.77086630525329,5.7116415611756794,61,19.392173828125,ArchType.V
7,4,0.9368773285617209,0.9368773285617209,2.879856574858686,14.266213416746986,56.24561006061373,6.437907469039589,61,24.512279724121118,ArchType.V
7,5,0.7625048751382646,0.7625048751382646,3.0172949320428244,15.054410982523148,57.32358346407578,6.462950364750026,61,29.623565612793026,ArchType.V
7,6,0.7860077308257694,0.7860077308257694,3.1114705986618594,15.577676477808149,58.11056746457501,6.225115057232156,61,34.72146035766608,ArchType.V
7,7,0.5489771754518726,0.5489771754518726,3.171290095792692,15.869405876142672,60.751690045156565,6.696309873732416,61,39.79176916503915,ArchType.V
7,8,0.21919005979530473,0.21919005979530473,3.213725268873224,16.083558858750358,62.361214449533215,6.726623107080186,61,44.8295049743653,ArchType.V
7,9,0.15388662072410952,0.15388662072410952,3.2391828542468444,16.21273835599511,63.55958846295626,6.8285650630879955,61,49.83612301635741,ArchType.V
7,10,0.11864392579359019,0.11864392579359019,3.2526803788561205,16.28016935410611,64.9177652409639,6.904591362050494,61,54.81714108276366,ArchType.V
7,11,0.15632612931228748,0.15632612931228748,3.2597663046939602,16.317946560128085,66.08689534987286,7.142583317577406,61,59.770205627441335,ArchType.V
7,12,0.16755319482826617,0.16755319482826617,3.2639054385917117,16.35044298356945,67.1432861437257,7.009253022065717,61,64.68348547363277,ArchType.V
7,13,0.15696257986687379,0.15696257986687379,3.266267064813616,16.36566003847113,67.94968441347062,7.030014473812099,61,69.55951141357414,ArchType.V
7,14,0.14592541346880633,0.14592541346880633,3.2677825463649173,16.372679569163342,68.95450666862547,7.4155001335657,61,74.39102642822269,ArchType.V
7,15,0.23144734520107915,0.23144734520107915,3.269875536101894,16.411108847848087,70.6439666901076,7.489015662765591,61,79.1524406127931,ArchType.V
7,16,0.22902259257839294,0.22902259257839294,3.2699172219448376,16.425626137500043,71.83972767381682,7.509088848279007,61,83.94914086914088,ArchType.V
7,17,0.48963901496930945,0.48963901496930945,3.2684157367281634,16.43755303802248,73.27480498284052,7.75143120356524,61,88.7134755859376,ArchType.V
7,18,0.3077763587061409,0.3077763587061409,3.266206286145092,16.450370946786364,75.32285052596811,7.545180817852158,61,93.41866549682615,ArchType.V
7,19,0.29733554117925837,0.29733554117925837,3.262931699013097,16.439030328496333,75.71226948083644,7.616181245066089,61,98.15206372070307,ArchType.V
7,20,0.27330563428821747,0.27330563428821747,3.258180492143204,16.410660029105735,73.56279786273893,7.945372766369797,61,102.91989401245118,ArchType.V
7,21,0.2556344031393064,0.2556344031393064,3.254951239171065,16.380994798574868,68.53156939650597,7.999510140331481,61,107.58957730102537,ArchType.V
7,22,0.18249348301297041,0.18249348301297041,3.253104100842255,16.346588821880793,65.26996981045546,7.954286766972422,61,112.23645223999014,ArchType.V
7,23,0.17756766981778443,0.17756766981778443,3.2523286649307943,16.31926584490418,60.76550335029107,8.031660976785151,61,116.82689242553693,ArchType.V
7,24,0.14111609624292087,0.14111609624292087,3.2522588829627557,16.30127297446819,57.98200228947139,7.913658439558028,61,121.37184381103512,ArchType.V
7,25,0.12900884655417172,0.12900884655417172,3.255077290445953,16.298145653108275,53.79681672471866,7.843805179533107,61,125.85546905517572,ArchType.V
7,26,0.10905290466793258,0.10905290466793258,3.260843972735714,16.31408222901614,51.38678510625365,8.16668861828732,61,130.29862780761724,ArchType.V
7,27,0.1134017227355975,0.1134017227355975,3.2653776182136744,16.33535747110863,47.04984203011314,8.117100872525151,61,134.72996545410135,ArchType.V
7,28,0.0894785130938429,0.0894785130938429,3.2668530266843385,16.33974886947553,44.60790447800885,8.041528471032258,61,139.1952759399414,ArchType.V
7,29,0.07240880168307573,0.07240880168307573,3.2661333421675356,16.329062662177357,40.619841636121315,8.392407152036169,61,143.6964284057618,ArchType.V
7,30,0.08783535081983837,0.08783535081983837,3.26296122042897,16.314974346272304,38.349937836350556,8.377826417779199,61,148.32904812622107,ArchType.V
7,31,0.0775950067630695,0.0775950067630695,3.2553968214469635,16.278365143463567,35.392076539648166,8.248635755845624,61,153.0940998840334,ArchType.V
7,32,0.14589607740774566,0.14589607740774566,3.2505078314572575,16.262063107889553,35.77487135844621,8.557776962610317,61,157.9648819580082,ArchType.V
7,33,0.23571255920162215,0.23571255920162215,3.256332812305341,16.33733111034544,36.21050446614652,8.492323507956991,61,162.92802636718758,ArchType.V
7,34,0.926940827047381,0.926940827047381,3.269434583343365,16.519154750813197,35.31394224528866,8.657890645627994,61,167.97737380981462,ArchType.V
7,35,0.9246365565902008,0.0,3.281204492033201,16.9980862614387,36.82290884394059,8.568171780083292,61,173.08623968505847,ArchType.V
7,36,3.369940025762558,0.0,3.279531601086376,16.94461466797368,39.94206023459623,8.606552038619316,61,178.20755004882787,ArchType.V
7,37,2.719225869292522,0.0,3.277493153179678,16.695398416386546,37.14095408826487,8.284185015910172,61,183.30370657348598,ArchType.V
7,38,3.033848342246712,0.0,3.275509509864599,16.537967979218283,44.43755686557063,7.3059446886903965,61,188.37398315429627,ArchType.V
7,39,3.135639915476235,0.0,3.274568438181968,16.45755082852482,49.61509524919108,6.883145581132521,61,193.40015365600553,ArchType.V
7,40,3.6368024949811586,0.0,3.271709994818623,16.407022389503933,52.488188077722654,7.39701424115756,61,198.40077856445268,ArchType.V
7,41,2.2262628263033295,0.0,3.238210317016937,16.217747088852253,66.4371208830664,3.6006232077784808,61,203.45466793823184,ArchType.V
7,42,1.9554977283687585,0.0,3.1381777900623424,15.71251459185445,56.35941642719607,0.60002976766128,61,208.5971199340814,ArchType.V
7,43,5.389973125974388,4.544771242445909,3.015453990954778,15.30849131750365,46.95831063019805,3.4168020707429596,61,213.83421228027302,ArchType.V
7,44,32.80741511106511,0.0,2.925964021018313,15.918490113205102,38.984749462016424,3.0433088888910373,61,219.057373687744,ArchType.V
7,45,66.4263733541132,0.0,2.9599537110856855,15.974407522716428,37.39491448019715,2.161330839968822,61,223.36167926025368,ArchType.V
7,46,113.88953700480008,0.0,3.0824427411804516,16.485151358828304,39.96601787123467,1.6065784295054861,61,227.3802893066401,ArchType.V
7,47,85.48484406519204,1.4230379346054816,3.16788331124356,16.886315788251885,43.62326472759741,1.1773990134724022,61,231.8388402709958,ArchType.V
7,48,82.48961610649334,1.2457939546032966,3.2170015354951693,17.09930339230804,46.00869070718448,0.9783290773747222,61,236.11061413574183,ArchType.V
7,49,588.1419218349108,1.202310729174894,3.243458972129361,17.21163291636097,47.63845725204144,0.8687587711879957,61,240.59061791992158,ArchType.V
7,50,354.90351760378155,1.156304397298602,3.2573815549573903,17.290580001444816,49.7185530138492,0.7164602833704745,61,244.95517205810498,ArchType.V
7,51,207.0827295210299,1.0912260545265469,3.26469888853234,17.34129243760668,51.68709631648082,0.5809115920130988,61,249.4004698486324,ArchType.V
7,52,98.05915146049102,1.0401306037348066,3.2685316159067397,17.35461374739268,52.573657116963346,0.5437336881243265,61,253.76416192626894,ArchType.V
7,53,81.6768353963886,1.0335652603251315,3.270534707459914,17.356575731310265,52.877145270221746,0.5328448026105812,61,258.1565598144527,ArchType.V
7,54,114.23000069770784,1.0292725344980702,3.2715807407123267,17.358057055738573,53.04653034007019,0.517640078092469,61,262.5162406921377,ArchType.V
7,55,169.19476450279805,1.0350086726589223,3.2721242921856657,17.357199202814332,52.99454666950263,0.5080094557301867,61,266.8875714721665,ArchType.V
7,56,138.59797030541876,1.0432003162127503,3.272408498408584,17.356121289215537,52.85197033168036,0.4973048432295365,61,271.23164361572145,ArchType.V
7,57,140.37156239849816,1.0361669851258972,3.272553003516116,17.370431044538424,53.56809891362301,0.4558584272440694,61,275.5769524536125,ArchType.V
7,58,95.56619632811434,1.0300288508088062,3.27261880340068,17.3687553603463,53.79040118603876,0.4449851018314144,61,279.85882431030194,ArchType.V
7,59,96.99021173199836,1.0474196831240314,3.2726522391483925,17.364485518516485,53.696281775419976,0.4430453765341993,61,284.09948242187426,ArchType.V
7,60,82.36851391762855,1.040205882205214,3.2726789867519583,17.361284940262298,53.60484158550677,0.4421493722627072,61,288.31821942138635,ArchType.V
7,61,92.17552361851344,1.04568716331461,3.2726943915751066,17.35965920893869,53.47618197092202,0.44217280399404446,61,292.52638610839784,ArchType.V
7,62,56.5674688212399,1.0549040416596482,3.27270129312367,17.364999239818342,54.17851222484125,0.46332201808495105,61,296.7162813415527,ArchType.V
7,63,50.8231940559104,1.0350778651175914,3.272686409977286,17.361553645351563,54.40699084002537,0.4820419532328091,61,300.84924533081033,ArchType.V
7,64,50.44989955277341,1.0372513587278982,3.272690788008323,17.356929637087575,54.26620748572823,0.48509216323177734,61,304.9125838317868,ArchType.V
7,65,75.92366188516583,1.0431906045317376,3.2726997883199065,17.353403006725202,54.11819344242062,0.4891423757736578,61,308.98605255126944,ArchType.V
7,66,52.78054609383117,1.046203211100793,3.27270853649569,17.349805050384603,53.97916953341078,0.4952087010554168,61,313.03375714111286,ArchType.V
7,67,126.80680500682375,1.0504304610562731,3.2727127479474363,17.346544305211463,53.84387317395034,0.5021759089060767,61,317.08221704101487,ArchType.V
7,68,188.39595106693415,1.056987895802012,3.2727167080654165,17.34499174808677,53.70625217590073,0.5071945590315031,61,321.10561273193224,ArchType.V
7,69,170.03920355323876,1.062896015389805,3.2727189727807846,17.34307774895304,53.564961092229204,0.5126552800574982,61,325.12691571044815,ArchType.V
7,70,149.25122781388734,1.0669619226000095,3.272721012773519,17.341117884221816,53.42614017792908,0.5181199132398467,61,329.13215475463784,ArchType.V
7,71,199.9034144789776,1.0711375833626338,3.272722069995492,17.33899291738439,53.295914840628086,0.5242025143381603,61,333.13330606079006,ArchType.V
7,72,193.93120522171972,1.0753224734828029,3.272723096396651,17.337002841847667,53.166258974557714,0.529819700537222,61,337.1209665222154,ArchType.V
7,73,154.41120731727653,1.0788986856270102,3.2727237012802672,17.335075782655007,53.04239686833019,0.5351554120366973,61,341.1034455566392,ArchType.V
7,74,275.12138383667326,1.0826197863451537,3.272724380252416,17.333241418448544,52.92715762041326,0.5404708956116435,61,345.07560202026224,ArchType.V
7,75,348.8151950492144,1.0862073284985894,3.272724774038236,17.3315577905999,52.819310239985114,0.5456391886576591,61,349.04299902343627,ArchType.V
7,76,314.7131766164268,1.089287423370366,3.272725211400382,17.329963562173077,52.71884029867526,0.550639170008161,61,353.001558898925,ArchType.V
7,77,476.9015324514269,1.0903406449573303,3.2727253856777887,17.327967398597046,52.6247400327073,0.5560794350221917,61,356.95560604858366,ArchType.V
7,78,135.17762605342236,1.0952137103460369,3.2727256438825063,17.32644376974102,52.53674406105638,0.5610467216579961,61,360.90161669921844,ArchType.V
7,79,206.0580298906781,1.097892596764847,3.272725833087589,17.325173670968834,52.452881994762485,0.5655164952884993,61,364.8424600219726,ArchType.V
7,80,125.8954953489262,1.0996842589810605,3.2727260599266237,17.323842205975232,52.373155861555354,0.5698857485524204,61,368.77728906249985,ArchType.V
7,81,187.13001955274913,1.1026192861068067,3.272726202011233,17.322473441461046,52.298433443882786,0.574377632196381,61,372.70811898803726,ArchType.V
7,82,185.36206830498728,1.104698649292177,3.272726345188357,17.321299445310522,52.229555378100535,0.578489653959974,61,376.6333384704596,ArchType.V
7,83,215.759322651849,1.1073302236205604,3.2727264817423833,17.320372820608675,52.16757484761578,0.582103146746282,61,380.55450646972696,ArchType.V
7,84,269.4491439907294,1.1090351492716122,3.2727266063828613,17.319309651534144,52.10591446195326,0.5856837859168734,61,384.4713339538577,ArchType.V
7,85,238.20145363042266,1.1111974088924956,3.2727266930839636,17.318320668861798,52.04621562285035,0.5891768187608506,61,384.4713339538577,ArchType.V
7,86,258.7402901814008,1.1131405677180863,3.27272677782031,17.317496214123945,51.991963001923295,0.592452932167148,61,384.4713339538577,ArchType.V
7,87,257.2652510447283,1.1157060729753732,3.2727267983414183,17.316971989916908,51.93862853103416,0.5962360182662259,61,384.4713339538577,ArchType.V
7,88,234.16113840992335,1.1182547878620055,3.2727267600756846,17.316710241738544,51.88691984959164,0.6005645819985277,61,384.4713339538577,ArchType.V
7,89,222.62574349390178,1.120984197918732,3.2727266909505124,17.316606207250043,51.8365857861484,0.6051957101790438,61,384.4713339538577,ArchType.V
7,90,210.26192694005752,1.123664046970949,3.2727266065141194,17.31660379644119,51.787323276795675,0.6100217069505968,61,384.4713339538577,ArchType.V
7,91,195.97012666070844,1.1264030469461264,3.2727265149150027,17.3166624462046,51.73864469620451,0.6150809607322009,61,384.4713339538577,ArchType.V
7,92,184.59685017442365,1.1291470966581927,3.272726426539069,17.31675668679557,51.69003350171003,0.6203862174869256,61,384.4713339538577,ArchType.V
7,93,175.3105416915571,1.1319348379018463,3.2727263357852157,17.316869261766538,51.641117333448776,0.6259318530648421,61,384.4713339538577,ArchType.V
7,94,187.68556770401506,1.1347069565231427,3.2727262388034912,17.316967758247127,51.591160630961326,0.6318435506666031,61,384.4713339538577,ArchType.V
7,95,192.53989821754757,1.1375222223859973,3.272726109671464,17.316975924965266,51.538549556716276,0.6384077228950787,61,384.4713339538577,ArchType.V
7,96,160.16669543226257,1.140208899843657,3.272725915507769,17.316824267015928,51.481161892562326,0.6457469393047292,61,384.4713339538577,ArchType.V
7,97,155.31465984177814,1.1430142593855015,3.2727256140529577,17.316412625403245,51.41473023768723,0.6543310782094868,61,384.4713339538577,ArchType.V
7,98,150.00973298718594,1.1461301640027142,3.272725165880536,17.315713536989243,51.337109849452816,0.6642829627720497,61,384.4713339538577,ArchType.V
7,99,147.03191598895415,1.1494600919449742,3.2727246332983513,17.314817734296415,51.24924288491039,0.6754441291986191,61,384.4713339538577,ArchType.V
7,100,144.6366387973213,1.1534232215042073,3.2727241331865238,17.313846912205264,51.154426084738084,0.6875421473546208,61,384.4713339538577,ArchType.V
7,101,142.76932566049916,1.1574620452668911,3.2727236504663795,17.312822048618255,51.054066443195026,0.7004220077205197,61,384.4713339538577,ArchType.V
7,102,141.91872402250345,1.1616445661118484,3.2727232245245244,17.311784922275525,50.949945424629405,0.7139590562195005,61,384.4713339538577,ArchType.V
7,103,144.64373639337978,1.1661743631138737,3.2727227835921693,17.31072408706294,50.8419186843212,0.7282334053288306,61,384.4713339538577,ArchType.V
7,104,143.54213273163526,1.170922793479575,3.2727222387785893,17.309624499825073,50.72897183382811,0.7434515251440622,61,384.4713339538577,ArchType.V
7,105,142.60206878240143,1.1756740761819937,3.2727217453370763,17.308535198694084,50.61526082908661,0.7589426165331742,61,384.4713339538577,ArchType.V
7,106,141.88277766986823,1.1807207590896478,3.2727213479664616,17.307443915013074,50.50060919642756,0.77484276383561,61,384.4713339538577,ArchType.V
7,107,141.05301792841755,1.1855221768290725,3.2727208225667814,17.306360711754312,50.3816009963899,0.792424521232981,61,384.4713339538577,ArchType.V
7,108,141.1933946151389,1.1910969262322306,3.272720401590995,17.305144419825922,50.2578538009592,0.8103425867559352,61,384.4713339538577,ArchType.V
7,109,140.56207697725947,1.1963818744874246,3.2727200425217973,17.30392160025084,50.13225888890643,0.8290598400645717,61,384.4713339538577,ArchType.V
7,110,140.5845238330343,1.20292979982725,3.272719440510267,17.3026167417705,50.001712314520645,0.848708244018779,61,384.4713339538577,ArchType.V
7,111,140.2995546817761,1.2085130815203926,3.272718719962053,17.301450727730117,49.87453663052483,0.868894467690003,61,384.4713339538577,ArchType.V
7,112,140.21366305949675,1.2145236802872277,3.272718031850646,17.300422956412795,49.753607938366926,0.890416901007038,61,384.4713339538577,ArchType.V
7,113,140.4621908595048,1.2199744834652908,3.2727177973257304,17.299246589035135,49.63239314203041,0.9114303194490577,61,384.4713339538577,ArchType.V
7,114,140.4010385942112,1.226446946507464,3.272717811976685,17.29808377693791,49.51365076146165,0.9328145588638613,61,384.4713339538577,ArchType.V
7,115,140.5038044053298,1.2322955363124635,3.272717964983654,17.29702540416169,49.401327492199094,0.9543509193961768,61,384.4713339538577,ArchType.V
7,116,140.63124632427304,1.2385353317346575,3.2727179067526646,17.295940733850934,49.29025129899496,0.9781529535667522,61,384.4713339538577,ArchType.V
7,117,140.79388062526309,1.2448815026745956,3.272717080298524,17.294886413233716,49.195221427311765,1.00768998905364,61,384.4713339538577,ArchType.V
7,118,140.98347854331033,1.2510670328959854,3.272716236990003,17.29325757876437,49.07016224274448,1.034724001222579,61,384.4713339538577,ArchType.V
7,119,141.14074371743405,1.2571276160507265,3.272716400915152,17.291338897211023,48.93179488135489,1.0580419704279336,61,384.4713339538577,ArchType.V
7,120,141.22284820274848,1.2633798856115048,3.272717411426077,17.28972319639532,48.80110004916165,1.0791669950879745,61,384.4713339538577,ArchType.V
7,121,141.33984433285363,1.2694016493023095,3.2727185856920293,17.288344987935357,48.67822555010505,1.100016082757351,61,384.4713339538577,ArchType.V
7,122,141.20187438879225,1.2767089420855144,3.272719550195429,17.28711410637882,48.5632672921304,1.1211845038118602,61,384.4713339538577,ArchType.V
7,123,143.1182476272727,1.2824374985092364,3.2727199009583896,17.285769401694537,48.44459646267679,1.145842890631033,61,384.4713339538577,ArchType.V
7,124,178.53099976790432,1.2877710524772175,3.2727209744493306,17.284808317758134,48.34268772139112,1.164715298089996,61,384.4713339538577,ArchType.V
7,125,260.49850780431876,1.2933092445934475,3.2727219549049655,17.283799952341685,48.24837145894882,1.1823664072232567,61,384.4713339538577,ArchType.V
7,126,178.49139234177264,1.2978752485218032,3.272722153168888,17.28224833363693,48.134109021921496,1.204210895496351,61,384.4713339538577,ArchType.V
7,127,156.3475829595001,1.3038068781263734,3.2727225055494604,17.281005133569092,48.02831442468936,1.2244286616738354,61,384.4713339538577,ArchType.V
7,128,142.46540133542106,1.3091689663502704,3.2727228061947207,17.279681905038444,47.92422382125001,1.244379479096307,61,384.4713339538577,ArchType.V
7,129,149.63602715661364,1.314324792487939,3.2727230997279224,17.278520924891964,47.82722176844814,1.2638149138749633,61,384.4713339538577,ArchType.V
7,130,142.00858403212402,1.3189741947185798,3.272723131674456,17.277172637006494,47.72939701314896,1.2843718413617937,61,384.4713339538577,ArchType.V
7,131,230.2783184551971,1.3284858051121817,3.272724167478542,17.27780134292312,47.67459562342386,1.2974328466948803,61,384.4713339538577,ArchType.V
7,132,141.75836689738833,1.3326328680070114,3.2727249963427973,17.278516902190407,47.630109403430325,1.3085176924059911,61,384.4713339538577,ArchType.V
7,133,141.7654122115983,1.3374022060943733,3.272725429271207,17.279075573626674,47.58398297776897,1.3206554075002537,61,384.4713339538577,ArchType.V
7,134,148.18306377678007,1.3434264913309004,3.272725568733905,17.279843356508486,47.54103788790942,1.3342653969070575,61,384.4713339538577,ArchType.V
7,135,158.37789829569596,1.3478959042445382,3.2727256638145183,17.28038144812592,47.49917599965379,1.347941890120977,61,384.4713339538577,ArchType.V
7,136,163.98492654589583,1.3526331553327056,3.272725747555979,17.280734153317706,47.45211119585038,1.3605880630903913,61,384.4713339538577,ArchType.V
7,137,203.85800924076625,1.3574569564042505,3.272725775132961,17.280945252810696,47.40194148544062,1.3736651102625141,61,384.4713339538577,ArchType.V
7,138,247.4375829161274,1.3621610093566818,3.272725840822813,17.281091064374827,47.352657390095196,1.3864222442250518,61,384.4713339538577,ArchType.V
7,139,251.231343722767,1.3674894279455587,3.272725788749078,17.281175668330313,47.29982665044881,1.4003221821073923,61,384.4713339538577,ArchType.V
7,140,253.47191995881582,1.371869860350672,3.272725706185268,17.281058263890724,47.243428038936486,1.414942969207251,61,384.4713339538577,ArchType.V
7,141,254.90994476103847,1.3750945793622151,3.2727255174793615,17.280648597038095,47.18199872894658,1.4307436767228028,61,384.4713339538577,ArchType.V
7,142,257.28067218133043,1.3806712223265243,3.272725315215489,17.280038822181375,47.11619978298199,1.4475566610692023,61,384.4713339538577,ArchType.V
7,143,260.20105417671493,1.3855142617449063,3.2727250994629546,17.279289845151006,47.048363364645695,1.4651790301740817,61,384.4713339538577,ArchType.V
7,144,265.1404123844017,1.3905604284405306,3.2727249636424927,17.27855863740981,46.98107928428067,1.4830048658998303,61,384.4713339538577,ArchType.V
7,145,269.98296564935265,1.3957303590613444,3.272724797856308,17.277744701869082,46.91409628496502,1.5015511628419647,61,384.4713339538577,ArchType.V
7,146,288.07216885474804,1.4012252321841863,3.2727243353880713,17.27669263198756,46.84670185572777,1.5229113747474863,61,384.4713339538577,ArchType.V
7,147,457.69343471801324,1.407186516367251,3.2727237479471407,17.275421750072827,46.778805905616125,1.5476768765660032,61,384.4713339538577,ArchType.V
7,148,232.51168646554157,1.4124565286681532,3.272723694734944,17.274451474893628,46.7132338072637,1.569847701993444,61,384.4713339538577,ArchType.V
7,149,257.71717620010884,1.4181965110435766,3.272723568287043,17.273405045779246,46.64900067567299,1.5929438380404044,61,384.4713339538577,ArchType.V
7,150,302.4766266018808,1.4239410741830436,3.272723465030119,17.272337816010573,46.5868530152371,1.6163339416968154,61,384.4713339538577,ArchType.V
7,151,322.74538758868016,1.4297954272573887,3.27272340269411,17.271260904911237,46.52664249497068,1.639879464153075,61,384.4713339538577,ArchType.V
7,152,327.9166473179311,1.4342016732755856,3.272722866483196,17.26983847390175,46.46755626400203,1.6656670228681938,61,384.4713339538577,ArchType.V
7,153,332.3337662303058,1.4415913598934609,3.2727230451544367,17.268756092845837,46.411561153105346,1.689685491630577,61,384.4713339538577,ArchType.V
7,154,335.94779388097885,1.4473245668778125,3.2727232238153046,17.267728293652418,46.35722610478553,1.7128924833803925,61,384.4713339538577,ArchType.V
7,155,338.446365960032,1.4530453896067335,3.272723292283031,17.266637915142628,46.30394381512236,1.736562753102501,61,384.4713339538577,ArchType.V
7,156,341.3862124444304,1.4590067257952892,3.2727233252674863,17.265527697043506,46.25179242915733,1.7604906269255907,61,384.4713339538577,ArchType.V
7,157,342.58701239069364,1.4650120279316332,3.2727233958854893,17.264443361298277,46.201233408912834,1.7841680353966707,61,384.4713339538577,ArchType.V
7,158,341.7464008290124,1.4708247407518207,3.272723483827282,17.263365497277448,46.15243188582432,1.8075014445305841,61,384.4713339538577,ArchType.V
7,159,341.17118042304,1.4767758184561826,3.2727235368481655,17.26224912588105,46.1047432046223,1.8308870245327478,61,384.4713339538577,ArchType.V
7,160,339.54203208347263,1.4828505042230928,3.2727236641825646,17.261196891103598,46.059006934561985,1.8536452688623961,61,384.4713339538577,ArchType.V
7,161,338.75300997658843,1.4886535151911233,3.2727237752129303,17.260170142319318,46.015253956329225,1.8760803717956707,61,384.4713339538577,ArchType.V
7,162,336.02363729014854,1.494546027793484,3.2727237943587397,17.259089120180366,45.972859248769815,1.898890119069186,61,384.4713339538577,ArchType.V
7,163,337.1099467639204,1.5005658711790517,3.272723779660122,17.257999389403924,45.932436405303406,1.9219056913251826,61,384.4713339538577,ArchType.V
7,164,335.31559827761265,1.5063095832339237,3.2727240080592477,17.256883056759534,45.89331330354352,1.9437019140179592,61,384.4713339538577,ArchType.V
7,165,333.01888619621946,1.5106168680120668,3.272724772949726,17.255460576285362,45.84709558353524,1.9594354564478416,61,384.4713339538577,ArchType.V
7,166,330.67711449767546,1.5149801037044774,3.2727251051064017,17.25362962763787,45.79697802640818,1.975997435503686,61,384.4713339538577,ArchType.V
7,167,327.9407407734015,1.5197064402593883,3.272725257978651,17.251535011604446,45.7462296968837,1.992496032502832,61,384.4713339538577,ArchType.V
7,168,325.75702608348803,1.5243207710481894,3.2727255870771113,17.2500520019979,45.699039711058894,2.007313319606961,61,384.4713339538577,ArchType.V
7,169,323.06014021949716,1.5287430147525942,3.2727257576311257,17.248414449972366,45.65201474773002,2.022185163884485,61,384.4713339538577,ArchType.V
7,170,320.31419599935634,1.5329866120319326,3.2727257915470673,17.246569686059832,45.60384285520537,2.0375536083047208,61,384.4713339538577,ArchType.V
7,171,258.7333130676855,1.5378586573985458,3.2727258800940553,17.244859068870916,45.557500871079846,2.0524215235510073,61,384.4713339538577,ArchType.V
7,172,279.85635094945485,1.5348146627916237,3.2727250543832356,17.240160886902448,45.49331241663581,2.073545066879198,61,384.4713339538577,ArchType.V
7,173,286.7808955573308,1.5478728313160786,3.272725774166351,17.23922128715125,45.450798731197054,2.0862432722629,61,384.4713339538577,ArchType.V
7,174,282.89033747483717,1.5519303738573658,3.272726008491468,17.237888672422432,45.40874603036015,2.0995804277722683,61,384.4713339538577,ArchType.V
7,175,282.2273887566344,1.552401267242866,3.2727259945366205,17.235924312703013,45.36367927373266,2.114138802038436,61,384.4713339538577,ArchType.V
7,176,277.31647517993815,1.5613674464656477,3.272726089249185,17.23419021819707,45.32035414806972,2.128200332620391,61,384.4713339538577,ArchType.V
7,177,265.5861295386666,1.5655101418795587,3.2727263018667165,17.233292830419053,45.28447241873562,2.1403138979113367,61,384.4713339538577,ArchType.V
7,178,267.22558901637257,1.5696929931429453,3.272726364338163,17.23213645845335,45.2483827035035,2.1528380290626825,61,384.4713339538577,ArchType.V
7,179,280.9779020207581,1.5744111192632964,3.2727263338938903,17.23084300354607,45.21374558434432,2.165908952094283,61,384.4713339538577,ArchType.V
7,180,301.8223777620294,1.580209954981082,3.2727260943995753,17.229967371929327,45.19756044623849,2.1816363223337683,61,384.4713339538577,ArchType.V
7,181,338.23337051306237,1.5863058399222734,3.272725767627049,17.229497650850806,45.19956196574268,2.1996852252911965,61,384.4713339538577,ArchType.V
7,182,380.7601132331506,1.592609610374622,3.2727254320082473,17.22933535340659,45.21598062420588,2.219352276336578,61,384.4713339538577,ArchType.V
7,183,364.6309739015704,1.5990539333557459,3.2727251551226875,17.229415521305242,45.24351916026272,2.239977683957022,61,384.4713339538577,ArchType.V
7,184,396.6539210279988,1.6055571032705647,3.272724872310638,17.229697267180995,45.28216031075944,2.261703041824621,61,384.4713339538577,ArchType.V
7,185,404.31409711387397,1.6122131453699178,3.2727246256180567,17.230144581529593,45.33005662720774,2.2842452060400653,61,384.4713339538577,ArchType.V
7,186,408.79520841912307,1.6189725237789467,3.272724411235446,17.23073788362174,45.386454274916815,2.307458493805304,61,384.4713339538577,ArchType.V
7,187,409.92271057945214,1.6258339179504637,3.272724223348995,17.2314656979388,45.45108741764022,2.3312705890839,61,384.4713339538577,ArchType.V
7,188,410.9713335975604,1.6327999179697992,3.2727240547036094,17.232324780823888,45.524098983788164,2.35565164862706,61,384.4713339538577,ArchType.V
7,189,413.5706583403984,1.6398741407285584,3.272723896722137,17.23331488513849,45.605832164108236,2.3806088761627193,61,384.4713339538577,ArchType.V
7,190,412.5850783001057,1.6468593307370494,3.2727239429743964,17.23439423885829,45.690000512371306,2.4048370542466375,61,384.4713339538577,ArchType.V
7,191,415.2415300690478,1.6515910580486137,3.2727244768223684,17.23533717644498,45.75365950388783,2.4238746127039428,61,384.4713339538577,ArchType.V
7,192,405.26078917507687,1.6556975326136443,3.2727251970449585,17.236077068849497,45.79538057915405,2.4377518286516993,61,384.4713339538577,ArchType.V
7,193,439.70633087958714,1.6596389549196362,3.2727257308599675,17.23664003216104,45.82830724717632,2.4493947645018603,61,384.4713339538577,ArchType.V
7,194,448.25406441545215,1.6636738872952703,3.2727259499309147,17.237182255914355,45.87237793485117,2.46281500267421,61,384.4713339538577,ArchType.V
7,195,431.6894714560636,1.6670659608154632,3.272726169088648,17.23770147742229,45.91447207258161,2.4754246584684148,61,384.4713339538577,ArchType.V
7,196,416.60142489259323,1.6702126262370172,3.2727263782320595,17.238154912972043,45.948558779501404,2.4860092854149745,61,384.4713339538577,ArchType.V
7,197,196.38850885088698,1.665722625731749,3.2727268296493404,17.237394487068347,45.91095829806275,2.4794646752770775,61,384.4713339538577,ArchType.V
7,198,285.7995192538519,1.6584374439549854,3.2727269233436806,17.236165339391224,45.85850326578134,2.468384723513078,61,384.4713339538577,ArchType.V
7,199,273.89508562745476,1.662932154336748,3.2727256509740297,17.2365366201741,45.89606542171248,2.448767680257576,61,384.4713339538577,ArchType.V
8,0,0.0,0.0,1.9781017408121262,5.852537084617373,6.477460222272975,0.990866059962319,61,3.511149414062502,ArchType.I
8,1,0.0,0.0,2.275449815724575,9.080992758886289,16.02450517636667,1.1188349648864322,61,7.081007598876954,ArchType.I
8,2,0.0,0.0,2.552169605755694,11.360697836259849,27.659688104360757,1.9333681062633143,61,10.732583282470717,ArchType.I
8,3,0.0,0.0,2.7682709181107206,12.828887876795912,40.900516428886924,3.919005541062678,61,14.439233154296904,ArchType.I
8,4,0.0,0.0,2.9387029318374505,14.05825040542561,51.90612468279571,5.931816125982105,61,18.29412420654302,ArchType.I
8,5,1.270122238497574,1.270122238497574,3.0493873313252378,14.894001122884339,52.36426174946324,6.048733379858432,61,22.455058837890707,ArchType.I
8,6,0.5733339082914237,0.5733339082914237,3.055593470213401,15.071693353926724,52.7491528124707,6.057833503651682,61,27.072188659668054,ArchType.I
8,7,0.6826957396753555,0.6826957396753555,3.0277527988060045,15.015019486757632,54.12563770992346,6.2817462025159,61,31.909133850097763,ArchType.I
8,8,0.3714176421758766,0.3714176421758766,3.0366264737823907,15.097255274677792,55.08685247907013,6.3502253432108295,61,36.77177166748062,ArchType.I
8,9,0.6646643779243773,0.6646643779243773,3.0890114149958263,15.406985582461576,56.66978289325376,6.261327858987122,61,41.61895181274426,ArchType.I
8,10,0.6453033914249874,0.6453033914249874,3.148155137124531,15.74641881140458,58.38336967763492,6.288980162196497,61,46.4902827453614,ArchType.I
8,11,0.5518023035750361,0.5518023035750361,3.1914225863565195,15.997041874228822,59.59279252627752,6.353826100256137,61,51.36145758056648,ArchType.I
8,12,0.6090758450856226,0.6090758450856226,3.21914304288809,16.158164039494142,60.65775312453402,6.539104942580516,61,56.24592083740241,ArchType.I
8,13,0.5602297787492769,0.5602297787492769,3.2393091478842426,16.306399602955455,61.99894261033661,6.5001666206889785,61,61.12509490966801,ArchType.I
8,14,0.49659111936306377,0.49659111936306377,3.2543480200394534,16.398650557949424,62.65696372015523,6.558352919730457,61,65.89960617065432,ArchType.I
8,15,0.44886905688664236,0.44886905688664236,3.263676347353544,16.444638078972684,62.904698283620185,6.591608773250753,61,70.52742916870122,ArchType.I
8,16,0.4447530172578016,0.4447530172578016,3.2676868387319535,16.469380103105596,63.2501304338407,6.6638460185925785,61,74.96583047485342,ArchType.I
8,17,0.4164900407495976,0.4164900407495976,3.2656287172929312,16.449932511630525,63.50035479438409,6.850080590355939,61,79.14655322265608,ArchType.I
8,18,0.4537594674975302,0.4537594674975302,3.2602062251180066,16.429916707778048,64.07555789111694,6.925136728419865,61,83.3593746337888,ArchType.I
8,19,0.42542299890509366,0.42542299890509366,3.2524187352233453,16.385857012621877,64.39739699684179,6.828722722925277,61,88.0097270202634,ArchType.I
8,20,0.39315309309258895,0.39315309309258895,3.2447427002149722,16.33153575928822,64.5815473306335,6.858217477801427,61,92.77719274902319,ArchType.I
8,21,0.3989811267166536,0.3989811267166536,3.236924897428818,16.2911051053053,65.11034111970076,6.911566807560406,61,97.6067137451169,ArchType.I
8,22,0.3700564181855517,0.3700564181855517,3.223929162614972,16.212935340316776,65.53761807542357,6.891811002010415,61,102.45432492065413,ArchType.I
8,23,0.33016804729521726,0.33016804729521726,3.2067601779737465,16.10520602751832,64.35623938373229,7.08586272765623,61,107.3167049255371,ArchType.I
8,24,0.25649973902261186,0.25649973902261186,3.1858782880606804,15.970880858254098,59.69031318634978,7.288704005150963,61,112.22306512451163,ArchType.I
8,25,0.23919529521356664,0.23919529521356664,3.167827354250211,15.853241925173592,54.01753887034068,7.267685745494272,61,117.15061126708986,ArchType.I
8,26,0.17376547576092818,0.17376547576092818,3.1619186308358826,15.803283247978976,50.478549632876884,7.413543443458503,61,122.01688464355462,ArchType.I
8,27,0.1639612818883052,0.1639612818883052,3.166814273344529,15.814862959534507,50.08642635041034,7.5159750114402994,61,126.80943875122051,ArchType.I
8,28,0.13241640250987638,0.13241640250987638,3.1812366243959587,15.885578995226213,50.05440828446563,7.46375226739427,61,131.68691287231408,ArchType.I
8,29,0.12699391776594102,0.12699391776594102,3.206370764700846,16.01083366937752,51.55482488880609,7.531166908390443,61,136.61136325073213,ArchType.I
8,30,0.1490905935294488,0.00034793108761067127,3.233380797281231,16.15385279462671,52.57697157505045,7.176238193027616,61,141.54403341674768,ArchType.I
8,31,0.09473468945473205,0.07700133665810796,3.252262143205889,16.257788915548158,52.60320552903165,7.538310278024133,61,146.52143203735326,ArchType.I
8,32,0.19570425131034958,0.19570425131034958,3.2575459112750265,16.29746107654109,50.790358906265936,7.965845313081987,61,151.54149057006825,ArchType.I
8,33,0.12863261930718342,0.09895685987228,3.2467101464251744,16.270582720115833,46.6015521959997,7.933441156568464,61,156.6207905883788,ArchType.I
8,34,0.28309632723144346,0.28309632723144346,3.2139087534781914,16.180277329691055,40.0832906058309,8.05284712419481,61,161.69440563964818,ArchType.I
8,35,0.5613598928158279,0.0,3.158889230165565,15.94261295418297,31.804891561436506,7.840159881075851,61,166.76713446044923,ArchType.I
8,36,1.051517830959884,0.0,3.097756759985243,15.57467761685806,23.828016319730427,7.503580071706613,61,171.8081946411131,ArchType.I
8,37,2.3396449486485746,0.0,3.0389641918572567,15.241737025526916,14.863310885469916,7.365734139377686,61,176.81598190307622,ArchType.I
8,38,3.854616419687916,0.0,3.0056891684770872,15.052394283218995,18.294701576457175,7.162825169052294,61,181.7099822082519,ArchType.I
8,39,2.0977291304076195,0.0,3.03786365357293,15.200131839302296,26.082283314533036,6.20919313890093,61,186.09884524536133,ArchType.I
8,40,2.110677431466731,0.0,3.1095769138848612,15.555557303188223,24.490340400357397,6.9025162114163185,61,190.1368013000488,ArchType.I
8,41,2.667051967758,0.0,3.1707345935632563,15.855052228695925,27.48306954923887,7.391511034019063,61,193.87143389892546,ArchType.I
8,42,2.2591433596434305,0.0,3.214914632951823,16.074825975912947,28.34820256061882,6.887107192326488,61,197.36695648193344,ArchType.I
8,43,2.6535081004028718,0.0,3.2421447352708004,16.211614329513264,27.228491065933113,6.427411188134999,61,200.79346185302708,ArchType.I
8,44,2.6532009883533245,0.0,3.2531437569781985,16.266264035293812,59.104417282856154,6.452897907903727,61,203.94914627075153,ArchType.I
8,45,6.011820970227456,0.0,3.2356259340737163,16.17723556040416,52.21418348334722,3.7571067737798716,61,206.4457335357661,ArchType.I
8,46,6.696147592315952,0.0,3.1711083002111558,15.859086343122513,49.97751368820041,1.6532393834374155,61,207.48912841796837,ArchType.I
8,47,4.2258769351794925,0.0,3.141854111984733,15.71514465477584,51.54687667848753,1.477423555310815,61,210.23498663330057,ArchType.I
8,48,4.204757437419706,0.0,3.1480951655449236,15.746070279632132,54.88793156131088,3.891591747900809,61,210.30303453063934,ArchType.I
8,49,4.617311664358887,0.6119219391397187,3.159592800248858,15.821799583433231,60.42984074046665,5.0680535864516685,61,207.1589612426752,ArchType.I
8,50,1.6136891119657804,0.8564653102554682,3.184970549836192,16.170993748953848,60.496097854483125,5.08572203629898,61,204.21974491119315,ArchType.I
8,51,1.18850258485602,1.18850258485602,3.2084452489630317,16.599168943489797,60.21409208430353,5.039616166912289,61,202.63246988677932,ArchType.I
8,52,1.4536533806447351,1.4536533806447351,3.2116764326856946,16.85951023556075,60.450869526648894,4.994681408348551,61,203.1123938980099,ArchType.I
8,53,2.3278769640987655,1.547850328135416,3.1747560024790977,16.64991185337358,61.35544691463877,4.9980428906355066,61,206.90810590362523,ArchType.I
8,54,4.280615100195951,2.8187100822874753,3.1079409276177485,16.20426904229013,63.23553356064642,5.00758405598619,61,211.54753147125192,ArchType.I
8,55,8.737290689565722,3.1739863242337636,3.0458055282689322,15.93389248079954,64.6030777438062,5.473290339597929,61,215.69817777252146,ArchType.I
8,56,9.353400380051802,4.279540606232699,3.033687688514628,15.977773358709422,65.68241403461914,6.659344000512131,61,219.4489699783318,ArchType.I
8,57,4.469548830193285,3.5897596586800566,3.1020925489233337,16.73851981773583,64.20321909328203,8.55654096194908,61,223.52182941436675,ArchType.I
8,58,20.176434400922258,1.4951198177920721,3.1588342778820158,16.492129922740723,67.50967294771128,9.372495398894442,61,227.5298359146108,ArchType.I
8,59,14.507552822224842,1.6300028817577645,3.2185140682636866,16.722820728408312,70.32108575139846,9.423006755410716,61,230.4461056747427,ArchType.I
8,60,6.065069953612358,2.6661011913123853,3.2537417162082045,17.025455974354063,70.04396618224455,9.488168224907984,61,230.11558300018245,ArchType.I
8,61,4.5779434678083,2.96587101017803,3.2684063805091603,17.21329327883104,59.1115546300675,9.291872484574244,61,227.4031210708611,ArchType.I
8,62,2.8555387526344935,2.8555387526344935,3.2874388977966444,17.426044632496133,58.808845566492394,9.254432016216349,61,224.25792841339015,ArchType.I
8,63,3.024483827893809,3.024483827893809,3.3055007709282003,17.57618153742216,58.41149908367723,9.244176261442133,61,221.0821799392688,ArchType.I
8,64,2.439785341242954,2.439785341242954,3.3120932312135047,17.59607068418851,59.459080848100086,9.237284889968777,61,217.89627984618997,ArchType.I
8,65,1.834968956368312,1.834968956368312,3.3140717752194293,17.602548766593255,69.35955992323885,9.059133744788372,61,214.70718428802346,ArchType.I
8,66,1.6119050828759514,1.6119050828759514,3.3093303988488456,17.426255572360386,75.09407292250042,9.000133762804676,61,211.5656581573472,ArchType.I
8,67,1.5123232277391687,1.5123232277391687,3.3082644379620634,17.354905073734727,78.98915320250322,8.997057585682414,61,208.45314222717118,ArchType.I
8,68,1.4625874676407975,1.4625874676407975,3.3091845844687007,17.344432527058952,81.25247216449709,8.994284941443675,61,205.34546179199035,ArchType.I
8,69,1.4017080900564056,1.4017080900564056,3.310151850276394,17.343719462155367,82.95440760820742,8.99366858121518,61,202.232490158079,ArchType.I
8,70,1.2901023958347202,1.2901023958347202,3.3060615219618246,17.231380071405113,82.22071563988843,8.3458848562683,61,199.1099625930768,ArchType.I
8,71,1.4064847137023062,1.4064847137023062,3.3017426638645158,17.12660307913429,81.64945808250681,7.470600041482824,61,196.2695005340556,ArchType.I
8,72,1.7241089083344345,1.7241089083344345,3.2975089185768724,17.075917067377546,76.50051298750672,7.113987784623001,61,193.8629666213968,ArchType.I
8,73,2.0898147447997446,1.607437652137745,3.2947902987783264,17.065526122656948,70.78352526419411,6.984888886686327,61,191.809695251463,ArchType.I
8,74,1.4707620811216824,1.4096812149356512,3.290621839901483,16.944651557439144,75.51805839493126,7.438401190174631,61,190.2282995605448,ArchType.I
8,75,1.4644973235692822,1.3167396620738467,3.2854600669574547,16.837999228742866,78.00245703289805,8.0476179816346,61,192.9331605529765,ArchType.I
8,76,1.283548580968053,1.283548580968053,3.292227127711122,16.99726383129341,79.78366553342751,8.05407754242955,61,196.53776501464668,ArchType.I
8,77,1.3132602315732402,1.3132602315732402,3.3018969970839716,17.196500713254785,83.36877899585079,8.057250882085013,61,200.1197061462387,ArchType.I
8,78,1.3042328785044865,1.3042328785044865,3.3083517660779878,17.320628061563728,86.59925478198178,8.058909339269546,61,203.6907828979479,ArchType.I
8,79,1.6430177281599192,1.6430177281599192,3.3191028421111812,17.56042964857536,85.59676415269327,8.059392936025235,61,207.24812710571186,ArchType.I
8,80,1.8249844887973408,1.8249844887973408,3.324083474545397,17.651792979059184,84.35556888429048,8.058304423583712,61,210.80978161621013,ArchType.I
8,81,2.2934359063614873,1.4030266985435245,3.3180786533722646,17.428743460997193,87.20617127115615,8.053471485484543,61,214.36120318603426,ArchType.I
8,82,4.4040768299682025,2.9540245514808556,3.327033021731546,17.571965936349596,88.3117409071005,8.032761448861772,61,217.86815914916932,ArchType.I
8,83,6.297960701319919,3.6459003498387945,3.344658779183548,17.893317919766385,89.22128932015626,8.010958832609797,61,220.90865223693757,ArchType.I
8,84,5.034651173225901,3.3448811531165727,3.3679034052072367,18.406256363313517,85.44367771042978,7.867411672692093,61,223.51005085754306,ArchType.I
8,85,6.502698561417893,2.464924271775514,3.3695067692061538,18.492733251878423,82.74792153843521,7.652418595669077,61,224.41141371154688,ArchType.I
8,86,5.72029236020138,2.41808954063112,3.3618017081901113,18.372875838287804,82.89873477590696,7.453781065642719,61,223.09916545867807,ArchType.I
8,87,2.906172164944336,2.906172164944336,3.3588230615331676,18.324664964133625,82.5894161832669,7.43737647831936,61,221.1159422988883,ArchType.I
8,88,2.1252781313094733,2.1252781313094733,3.354316284535676,18.23479637778881,82.56414118462747,7.4291345675589175,61,219.12201891326848,ArchType.I
8,89,1.9774406059399467,1.9774406059399467,3.347607272123682,18.103436291005977,81.95987598711336,7.425519202384151,61,217.1187840652457,ArchType.I
8,90,1.764940070393609,1.764940070393609,3.3399767903145006,17.958667654936725,80.04829185055692,7.422811053208898,61,215.11466978454516,ArchType.I
8,91,1.6109897614682818,1.6109897614682818,3.3284967956667364,17.74451933138504,77.80280809539303,7.422783104234324,61,213.11351808166435,ArchType.I
8,92,1.5136407605431765,1.5136407605431765,3.321442134923856,17.60167230758962,77.59651951523547,7.42244415873792,61,211.1158090820306,ArchType.I
8,93,1.4807061506564503,1.4807061506564503,3.318205573381212,17.534318873288367,78.45076053560614,7.4220168876265795,61,209.12261431884698,ArchType.I
8,94,1.4601338734967115,1.4601338734967115,3.316553380116411,17.49711515933373,78.81577187575138,7.4205274087795114,61,207.13231138610743,ArchType.I
8,95,1.4193023521755004,1.4193023521755004,3.315327545127048,17.46496631490732,79.11473494976894,7.418188283625649,61,205.14398031616142,ArchType.I
8,96,1.3871612276794694,1.3871612276794694,3.3146774749623664,17.4435461710175,79.83568670797226,7.415859324371861,61,203.1577031860347,ArchType.I
8,97,1.320339853362148,1.320339853362148,3.312373865449027,17.384205536198046,80.15215438996297,7.413708634708578,61,201.17243414306571,ArchType.I
8,98,1.2894160132144916,1.2894160132144916,3.3077144975576402,17.272646688451797,79.72317015698577,7.413061823476229,61,199.18882325744548,ArchType.I
8,99,1.2828278243597357,1.2727817976669062,3.3040836670962985,17.18692151746057,79.69343203836127,7.4101600597538795,61,197.2071545257563,ArchType.I
8,100,1.5503269603921541,1.5503269603921541,3.2983339545589576,17.08626948138364,76.63716284203119,7.34225322449584,61,195.23391253662052,ArchType.I
8,101,1.728446325896897,1.728446325896897,3.2956382756435962,17.059332949820615,72.21355128819151,7.2765907586344705,61,193.39865008544862,ArchType.I
8,102,1.5629113837630921,1.3876512829948906,3.2933555902876326,17.01717779071678,71.33678481603343,7.304698038396333,61,191.86256997680593,ArchType.I
8,103,1.5968901551280847,1.3132834100968065,3.2904800990350482,16.93545412464183,75.81425447244666,7.700541780795057,61,192.01985675048743,ArchType.I
8,104,1.3265374409825628,1.3265374409825628,3.291242393403409,16.956405956719028,76.99852156638045,7.792131119919075,61,194.88989952087317,ArchType.I
8,105,1.3103817257872412,1.3103817257872412,3.2987005815651056,17.111876454100273,79.67717908669037,7.7986534398085094,61,197.89337939453023,ArchType.I
8,106,1.2970696181097263,1.2970696181097263,3.30585170424139,17.25310928955981,83.7940811894719,7.802102225875694,61,200.89914080810465,ArchType.I
8,107,1.5846932357682968,1.5846932357682968,3.3120301092538726,17.37930412259061,86.58901195390096,7.80289575789143,61,203.88711819457947,ArchType.I
8,108,1.625603218922108,1.625603218922108,3.3203709675156636,17.57340362838676,86.15341539787434,7.803664575514599,61,206.8594954071041,ArchType.I
8,109,1.6913436983322472,1.6913436983322472,3.3256096278743614,17.702420873916164,84.13018513441943,7.8035258102501395,61,209.83228955078064,ArchType.I
8,110,1.2673376779495882,1.2673376779495882,3.3204175414055763,17.528931937711434,85.78643952766348,7.7956357833826955,61,212.8221763610833,ArchType.I
8,111,3.5473329600474472,2.0399719680610615,3.3212882667770476,17.481995505619285,88.34237593469068,7.792608172939314,61,215.77692514037997,ArchType.I
8,112,2.98392676676421,2.3005569929820453,3.3334666590314908,17.681914019531217,89.83419902800479,7.790290215551914,61,218.65125051879804,ArchType.I
8,113,4.770744222070389,3.4019742740989884,3.3552441463706204,18.109652736806996,89.99122967170553,7.7450638614964396,61,221.43858885192762,ArchType.I
8,114,4.382421361508996,3.2979620362117568,3.371876786802739,18.491383729187753,86.23527822016702,7.611445797453323,61,223.40499125671252,ArchType.I
8,115,6.208974573552373,2.228861840624931,3.3724929396838346,18.550881354520488,83.11772239749348,7.471921823893464,61,223.6483471221912,ArchType.I
8,116,4.487396724064279,2.4200557770974096,3.36579600523553,18.44198308549994,83.30372192532437,7.434326230349267,61,222.1022110671985,ArchType.I
8,117,2.3590904765435368,2.3590904765435368,3.3616880774480196,18.377669123127088,83.27086928317833,7.431979208057499,61,220.14509897613394,ArchType.I
8,118,2.5003292549919656,2.5003292549919656,3.357983886391991,18.308737539959672,83.13218863975821,7.429544376483165,61,218.19386495971546,ArchType.I
8,119,1.752896669433962,1.752896669433962,3.3481152540146617,18.11406130176838,82.13164069878374,7.433130855043765,61,216.2389261474593,ArchType.I
8,120,1.6660859237698815,1.6660859237698815,3.3358432949677987,17.893287768137817,79.7087562984703,7.440850636147573,61,214.28468222045714,ArchType.I
8,121,1.5906577203829595,1.5906577203829595,3.3263907815545974,17.711127772373903,77.76758180992535,7.441522098151436,61,212.34158113097973,ArchType.I
8,122,1.5034083759583226,1.5034083759583226,3.3206785538564665,17.591975704559832,77.84563038789508,7.441750561260706,61,210.40522999572593,ArchType.I
8,123,1.4710083090168473,1.4710083090168473,3.3181646094233646,17.537564010911435,78.87756460814568,7.44204762034157,61,208.47076235198793,ArchType.I
8,124,1.4480966608380266,1.4480966608380266,3.3167038079667375,17.502499408608728,78.90947547815988,7.44366659598145,61,206.53432888793785,ArchType.I
8,125,1.4111945869052376,1.4111945869052376,3.3155667919663183,17.471249772507424,79.40941307966791,7.441719800951424,61,204.59870889282055,ArchType.I
8,126,1.3793920033723612,1.3793920033723612,3.314803536101997,17.44642627628435,80.2062420058858,7.440837401626874,61,202.6634871978741,ArchType.I
8,127,1.3029990641836853,1.3029990641836853,3.311448620936359,17.363640730644377,80.19215124607881,7.438887250845405,61,200.72763607787883,ArchType.I
8,128,1.2903755619510462,1.2903755619510462,3.3071860683316014,17.261081259243618,79.9920407737319,7.437914810986094,61,198.79345620727358,ArchType.I
8,129,1.4575163961692406,1.4575163961692406,3.303087696205108,17.17019437053767,79.60920914133712,7.416992135541413,61,196.8606706390365,ArchType.I
8,130,1.567045040542211,1.567045040542211,3.2978058465930014,17.07923247442825,75.9349899532342,7.362468545881512,61,194.96325246429282,ArchType.I
8,131,1.7438867497337702,1.7438867497337702,3.295609179916877,17.063418064321905,71.61570259766617,7.304756369704439,61,193.20960755920234,ArchType.I
8,132,1.504641783342487,1.35982857428847,3.2931471663611838,17.01076732747593,71.58547650278635,7.367631906092314,61,191.85032136535486,ArchType.I
8,133,1.6010468741659896,1.297039138354682,3.2904680816442538,16.935197325375004,75.93196559087691,7.726015535172557,61,192.4521886749251,ArchType.I
8,134,1.324216667218667,1.324216667218667,3.292437928709142,16.98136156428174,76.99997945342878,7.765949117137446,61,195.32990489196615,ArchType.I
8,135,1.3325970482365603,1.3325970482365603,3.3004537056049323,17.147533476649357,79.9888912907832,7.772299634028091,61,198.27580949401707,ArchType.I
8,136,1.2942545295330061,1.2942545295330061,3.306802973486987,17.27183988371904,84.15220422222183,7.7749060654406295,61,201.21966972350944,ArchType.I
8,137,1.5928778674590598,1.5928778674590598,3.3134292601030375,17.41058668842137,86.47590250858978,7.775557252922689,61,204.14361343383646,ArchType.I
8,138,1.649745374885948,1.649745374885948,3.3216178030680386,17.600717705937942,85.96959342056424,7.776091851488111,61,207.05183662414393,ArchType.I
8,139,1.6928251868454982,1.6928251868454982,3.3260675367347097,17.713860176932535,83.96996037601501,7.776040496625171,61,209.9650010528546,ArchType.I
8,140,1.361050737792525,1.361050737792525,3.320324606544435,17.52592143470406,85.79330531039403,7.767166815149874,61,212.89528131103324,ArchType.I
8,141,3.1365025064598426,2.0802652910568553,3.3217569532379545,17.49241117429858,88.28161880553537,7.763284263163962,61,215.78960931396276,ArchType.I
8,142,2.9657346574802887,2.295756610811408,3.3334845398936324,17.681971842869793,89.79942556534357,7.762353701272499,61,218.59207348632614,ArchType.I
8,143,4.728829708187372,3.3932726056211093,3.355049239985156,18.104124840995773,89.85279453616805,7.719583456356819,61,221.35286770629662,ArchType.I
8,144,5.377426462213199,3.2733339088530853,3.3715512457654135,18.48178195635778,86.48168207457957,7.588486520355492,61,223.31283134460242,ArchType.I
8,145,4.968520109995876,2.444150429417779,3.3740320965911534,18.581857540973616,83.14970578346652,7.455121084378063,61,223.5882375335673,ArchType.I
8,146,5.067841827618097,2.486373790156517,3.366017942596335,18.44501248716662,83.26157619830508,7.427934725996248,61,221.91115236663612,ArchType.I
8,147,2.4597634422081756,2.4597634422081756,3.3614612871417795,18.366302595880715,83.18100817819894,7.423966679915485,61,220.0001595077492,ArchType.I
8,148,2.256643975881083,2.256643975881083,3.356467216197963,18.26743971774432,82.99924668689304,7.421298523394169,61,218.08257354736108,ArchType.I
8,149,1.6871673089202657,1.6871673089202657,3.346157848500813,18.062614257950564,81.92665186991135,7.415035381320113,61,216.1514778594951,ArchType.I
8,150,1.6665260429033233,1.6665260429033233,3.333902298904786,17.848553957211482,79.67693469080214,7.413327188874702,61,214.21772801208303,ArchType.I
8,151,1.5885695627934706,1.5885695627934706,3.3253796051958338,17.687426596997593,77.81828841855473,7.403175220495596,61,212.2955542983989,ArchType.I
8,152,1.5031952437086453,1.5031952437086453,3.320180107595888,17.580103600448354,77.91639912343099,7.399285269692388,61,210.38741928100396,ArchType.I
8,153,1.4713911949765321,1.4713911949765321,3.317940558620393,17.532146691327764,78.93669678249104,7.397911720268973,61,208.48349536895532,ArchType.I
8,154,1.448455600414623,1.448455600414623,3.3165653564407616,17.499170324341023,78.89027744292524,7.395767948817928,61,206.57901882171436,ArchType.I
8,155,1.4128488176530574,1.4128488176530574,3.315515744165795,17.470075595751325,79.3618778022879,7.394323591754841,61,204.67558812713432,ArchType.I
8,156,1.3814278410168381,1.3814278410168381,3.3147973572079894,17.44648860743377,80.14109098001214,7.393705369428143,61,202.77093156432912,ArchType.I
8,157,1.305466090144293,1.305466090144293,3.3117040489476777,17.369479338098806,80.23289597111275,7.39186658818673,61,200.86209813689962,ArchType.I
8,158,1.290187135759788,1.290187135759788,3.307376524838346,17.265542940951967,80.01375848559807,7.390920034384442,61,198.95377504729973,ArchType.I
8,159,1.4024594426369874,1.4024594426369874,3.303570534162452,17.178011214503798,79.90462053674736,7.379975524556623,61,197.04662017059061,ArchType.I
8,160,1.5479916147215877,1.5479916147215877,3.298120077565054,17.08293340868315,76.4063599506848,7.324270973022202,61,195.16191235351292,ArchType.I
8,161,1.7170665785154604,1.7170665785154604,3.295630713181973,17.059041474207557,72.18760350452797,7.270423967097698,61,193.41948405456296,ArchType.I
8,162,1.546373048093989,1.3853276708025344,3.2934678951491607,17.018817536336975,71.44020865371279,7.304190595051479,61,192.04525128173557,ArchType.I
8,163,1.4798981964665519,1.380773590481723,3.291117260118232,16.949516704755407,75.683706776706,7.634780751980894,61,192.31911865234085,ArchType.I
8,164,1.3338332988241837,1.3338332988241837,3.2918454591639548,16.967106000338056,76.82253002271918,7.70204410296094,61,195.08184394836158,ArchType.I
8,165,1.3361266487313743,1.3361266487313743,3.2993272156897175,17.122601471329403,79.5043128044168,7.708296179641988,61,197.9590138244604,ArchType.I
8,166,1.2937159724792415,1.2937159724792415,3.3061549786960933,17.257764302512207,83.66939925081279,7.711155710126367,61,200.83709460448947,ArchType.I
8,167,1.5761254922768573,1.5761254922768573,3.3120254807157035,17.377578550325595,86.53581231342503,7.711846274439857,61,203.69977108764405,ArchType.I
8,168,1.6030250201742302,1.6030250201742302,3.3201629759358964,17.56716411547474,86.25893745304187,7.712734139217388,61,206.54355776977272,ArchType.I
8,169,1.6839942797018361,1.6839942797018361,3.32533970776326,17.69364258035468,84.40105592222324,7.713212357759306,61,209.39281893920614,ArchType.I
8,170,1.2862845064287902,1.2862845064287902,3.3215664165176477,17.564362339107472,85.45509495821476,7.706513153235422,61,212.25956906127666,ArchType.I
8,171,2.383908024179154,1.5179946585349717,3.3202969131710436,17.468463866147324,87.97972735386851,7.701593507205031,61,215.10040852355664,ArchType.I
8,172,3.2356383190036455,2.3134988614181022,3.33160392115169,17.648713274758855,89.97988900012733,7.699722194308727,61,217.8916367034881,ArchType.I
8,173,4.6271769156532505,3.4891670100273213,3.34831062604855,17.959851595133717,89.12331168974956,7.6815331144588015,61,220.5907855377164,ArchType.I
8,174,4.818381526819566,3.2747533094941237,3.3679231929299425,18.39105732406019,87.78735877092338,7.559581986158913,61,222.84298669433232,ArchType.I
8,175,5.999503924733983,3.0859228218330044,3.3755307323169723,18.59940463244292,83.44274936577035,7.441897384294717,61,223.58621582030892,ArchType.I
8,176,5.243844100114138,2.392766631730716,3.3680328431369424,18.47656063519175,83.27770339693271,7.383988647867524,61,222.48434558868055,ArchType.I
8,177,2.5269390944737506,2.5269390944737506,3.362858190350583,18.390534789348024,83.19067111890882,7.3848652539037145,61,220.56566870879797,ArchType.I
8,178,2.204016952895704,2.204016952895704,3.359010172722934,18.31606023621697,83.10980667991673,7.383083325558807,61,218.62002776336365,ArchType.I
8,179,1.6963571221759597,1.6963571221759597,3.3503859232831266,18.14063145846543,82.3242604737378,7.379044873705518,61,216.66310399627392,ArchType.I
8,180,1.7103815982096835,1.7103815982096835,3.3368674800914206,17.90053181150042,80.32529866854142,7.377781539126398,61,214.7025048904391,ArchType.I
8,181,1.6022046161275523,1.6022046161275523,3.326938190810122,17.715737032673808,78.11466661832851,7.367172088175126,61,212.74622414397928,ArchType.I
8,182,1.5100841437341967,1.5100841437341967,3.3210180985612685,17.59615092265663,77.88604503381931,7.362006575003029,61,210.80761135863995,ArchType.I
8,183,1.4776676873022816,1.4776676873022816,3.318205997326821,17.536774779923217,78.76527765328125,7.360793281382192,61,208.87358406066622,ArchType.I
8,184,1.4559767769849907,1.4559767769849907,3.316705066205988,17.502174099672004,79.03168668224406,7.358709479794602,61,206.939702789304,ArchType.I
8,185,1.415913749216762,1.415913749216762,3.315476283786502,17.469437188316753,79.28915719652272,7.356708503317476,61,205.00633663940144,ArchType.I
8,186,1.3855939988098167,1.3855939988098167,3.3147833283394195,17.44677038547962,80.0581223747322,7.356196083348874,61,203.07278342437482,ArchType.I
8,187,1.3181812938044228,1.3181812938044228,3.312377860113206,17.385086564827077,80.37941731076245,7.354394610432414,61,201.13822161865002,ArchType.I
8,188,1.2897178411062764,1.2897178411062764,3.3077658370263783,17.2747726276613,80.01072549033006,7.353291766601839,61,199.2045996704076,ArchType.I
8,189,1.294404922332802,1.294404922332802,3.304660876557609,17.200339232941104,80.06921636709662,7.352728912101982,61,197.27278291320565,ArchType.I
8,190,1.5351810114288815,1.5351810114288815,3.2986281971773694,17.091107243108436,76.85428736738649,7.286192318844684,61,195.3416887359597,ArchType.I
8,191,1.7048924816045254,1.7048924816045254,3.2957552469834495,17.058449011486662,72.59740976496681,7.229689409286739,61,193.562229850767,ArchType.I
8,192,1.5954886633789336,1.4094239710273002,3.2937299903659842,17.026607507474964,71.17279661084885,7.245193287983738,61,192.09565991973673,ArchType.I
8,193,1.470087241119608,1.3739418680036244,3.291150304944226,16.95071103922533,75.47595341218216,7.584238975889678,61,192.06758353423865,ArchType.I
8,194,1.3419415307708935,1.3419415307708935,3.291313358275632,16.955989001127513,76.74676408234069,7.691063578029719,61,194.7821437149025,ArchType.I
8,195,1.326818440965201,1.326818440965201,3.2984016135371372,17.10412515995168,79.17012288408773,7.697908757518845,61,197.6703693160985,ArchType.I
8,196,1.2954856991837593,1.2954856991837593,3.305531854967794,17.245686386814917,83.29421132318191,7.701328645603266,61,200.56347371673323,ArchType.I
8,197,1.5444886975598693,1.5444886975598693,3.310875751263796,17.351886701181986,86.57625265128746,7.7021077018755015,61,203.442307792661,ArchType.I
8,198,1.6032265763035791,1.6032265763035791,3.319558702154888,17.55279051631467,86.29419381983188,7.702946883808925,61,206.2987997970557,ArchType.I
8,199,1.6757634579136627,1.6757634579136627,3.3249206944144145,17.682681519540132,84.56718149705691,7.703209447232782,61,209.16040827178713,ArchType.I
9,0,0.0,0.0,1.9972222484669668,5.981431411698562,6.8909173404912325,0.8820314090726445,61,4.034511810302737,ArchType.II
9,1,0.0,0.0,2.2687949218351435,9.646004787021967,17.869314542648564,0.9696455195238219,61,7.920933532714853,ArchType.II
9,2,0.0,0.0,2.4997382030632305,11.476625066434444,30.32215139840935,2.2887161360131287,61,11.805605957031263,ArchType.II
9,3,0.0,0.0,2.6580081723116176,12.642222378622563,44.46588641994691,4.633892072885048,61,15.646879272460952,ArchType.II
9,4,0.0,0.0,2.805060514269663,13.72655253408502,53.83260916011087,6.293266360284629,61,19.367878021240248,ArchType.II
9,5,1.9892807954317717,1.9892807954317717,2.9343714274376573,14.596698027923109,58.643550011821674,7.086247994441783,61,22.94439401245116,ArchType.II
9,6,1.2161248353442844,1.2161248353442844,3.046645199212829,15.257825700662865,59.88877539683141,7.116128270454873,61,26.437442199707018,ArchType.II
9,7,1.6675811296866505,1.6675811296866505,3.1336177428510466,15.79396102422159,61.29679475985534,7.115974777453283,61,29.84690676879885,ArchType.II
9,8,1.3596081291125701,1.3596081291125701,3.189578613583613,16.098524375694453,62.058394846555714,7.095909321008803,61,33.21814862060548,ArchType.II
9,9,1.437869208405179,1.437869208405179,3.2233174978722223,16.27460277914713,63.050262743308636,7.09686541054846,61,36.53177944946287,ArchType.II
9,10,1.2179258775876933,1.2179258775876933,3.2442335313874393,16.394425247692148,63.96053790205036,7.206431195159748,61,39.8037634887695,ArchType.II
9,11,1.2274371785796272,1.2274371785796272,3.257990442215841,16.500692518726265,64.70024066741324,7.196437719365304,61,43.06981280517574,ArchType.II
9,12,1.1574268121397315,1.1574268121397315,3.2657101707610936,16.5570171036763,65.6416585566588,7.23898172206753,61,46.36922064208978,ArchType.II
9,13,1.132879074130666,1.132879074130666,3.270707498638294,16.58984663965322,66.062493001229,7.31609625994554,61,49.674357757568366,ArchType.II
9,14,1.0118830668177345,1.0118830668177345,3.2743240162980234,16.604086440066883,66.54765652343764,7.297878363634541,61,52.950826324462945,ArchType.II
9,15,0.9228668371139253,0.9228668371139253,3.2764874895438667,16.593826343884242,66.7680848542325,7.433186377907829,61,56.19238647460946,ArchType.II
9,16,0.9442580720909376,0.9442580720909376,3.2790410146666447,16.604069882852762,66.72704524977536,7.533910510412137,61,59.38881735229496,ArchType.II
9,17,0.8556146356910065,0.8556146356910065,3.2815005183148016,16.619772071332964,66.83967579235174,7.490253115035381,61,62.62862316894529,ArchType.II
9,18,0.775483367850462,0.775483367850462,3.282687192281388,16.612243690546173,66.64722507507396,7.557622899414823,61,65.85604190063472,ArchType.II
9,19,0.7073779280940704,0.7073779280940704,3.2830628750023063,16.593994195028312,66.21776203842381,7.587016617774646,61,68.98387249755856,ArchType.II
9,20,0.6496331066440771,0.6496331066440771,3.2828786920291413,16.57164000874909,65.738676120629,7.680919261608028,61,71.9842858123778,ArchType.II
9,21,0.5951953238288148,0.5951953238288148,3.282481274223503,16.552759319115594,65.35240012001113,7.787517234999778,61,74.86373168945298,ArchType.II
9,22,0.5523794799405298,0.5523794799405298,3.2814937649910108,16.528027211541687,64.94411624365692,7.791004563051686,61,77.6281554260253,ArchType.II
9,23,0.5183919273677788,0.5183919273677788,3.2803465682835875,16.50639239557358,64.57725750401539,7.8327466334524765,61,80.29088119506832,ArchType.II
9,24,0.4882082235449521,0.4882082235449521,3.279128448290222,16.48703106416076,63.94905840231408,7.833592636748342,61,82.88291094970702,ArchType.II
9,25,0.4604813328762938,0.4604813328762938,3.278122999183902,16.470808885351513,63.458501248190714,7.8057796330394185,61,85.43083311462402,ArchType.II
9,26,0.4355149711882542,0.4355149711882542,3.277381814317013,16.457617978891836,62.925517978100636,7.820481678601862,61,87.9323037109375,ArchType.II
9,27,0.4123877353283855,0.4123877353283855,3.2768149645229068,16.44665800423154,61.97970073610571,7.736189809734525,61,90.445994720459,ArchType.II
9,28,0.34975134677286246,0.34975134677286246,3.2759583641954624,16.42743914772277,61.34418644451627,7.732536339821415,61,93.08399667358393,ArchType.II
9,29,0.3289543602725635,0.3289543602725635,3.2750764568056114,16.404125318915387,60.74744355396448,7.900383862003674,61,95.82878889465314,ArchType.II
9,30,0.304513835983764,0.304513835983764,3.2746671979375908,16.39112346930414,59.34415982484199,7.946634518868691,61,98.65218321228002,ArchType.II
9,31,0.286644204809117,0.286644204809117,3.2744331810372023,16.38251830225243,58.38288947696399,8.040171814275379,61,101.52357496643049,ArchType.II
9,32,0.26594630539190817,0.26594630539190817,3.2743494372551853,16.377218928126194,56.067455943309476,7.9935236279056445,61,104.42827690124506,ArchType.II
9,33,0.2504715925565494,0.2504715925565494,3.274372112339802,16.374111998931237,53.38904522523012,7.9135492519089325,61,107.32991731262209,ArchType.II
9,34,0.21230172913652592,0.21230172913652592,3.2738689469891864,16.360661708735673,52.33122141758739,7.891360591336909,61,110.22498551940905,ArchType.II
9,35,0.18815321166842364,0.18815321166842364,3.2733821986498377,16.348716818368263,50.265512786178604,7.989230962964457,61,113.10611523437478,ArchType.II
9,36,0.17628691410254904,0.17628691410254904,3.2730463565847305,16.341359336338865,49.484056500510654,8.043917330883975,61,115.97604772949202,ArchType.II
9,37,0.16448604342572873,0.16448604342572873,3.272889294404991,16.339146517839495,47.701474515996516,8.032589312581711,61,118.83618083190916,ArchType.II
9,38,0.15436858414195287,0.15436858414195287,3.272818252911209,16.339342292851626,47.03884836029858,7.966414937738457,61,121.68473704528802,ArchType.II
9,39,0.12964329684001877,0.12964329684001877,3.2724196732302357,16.332876917210495,45.4922261388628,8.175976291473,61,124.52124858093254,ArchType.II
9,40,0.1381751206151554,0.1381751206151554,3.272278657724674,16.331173990324825,44.96681955118494,8.445428009432103,61,127.34271434020977,ArchType.II
9,41,0.13950504492179766,0.041344636071614344,3.27239217402708,16.34099210526872,44.03974939341435,8.358996984655755,61,130.15129148864713,ArchType.II
9,42,0.22363360483416603,0.0,3.2725221581995436,16.3506511477244,44.429629854128045,8.230298640927453,61,132.94705404663046,ArchType.II
9,43,0.19480658117581437,0.0,3.2726197852465404,16.35714508827724,43.047969091464324,7.628372742818483,61,135.72352951049788,ArchType.II
9,44,0.15785294501324088,0.0,3.272634466198459,16.360197299329823,42.20271204400054,6.732038593651741,61,138.44681906127914,ArchType.II
9,45,0.11831697177170977,0.0,3.2724275666931035,16.360641290056957,39.74918424571247,5.704342901629108,61,141.121928390503,ArchType.II
9,46,0.18735443073390734,0.0,3.271848793434115,16.358497971479,38.36690494399052,4.545774666274753,61,143.74315641784688,ArchType.II
9,47,0.15733213386078454,0.0,3.270885466562698,16.35410480764594,36.82536621218622,3.477153243298059,61,146.3072920684815,ArchType.II
9,48,0.1325266527432823,0.0011910392580239831,3.269661031844072,16.348260865899793,35.05896257966548,2.591441193242079,61,148.81671658325206,ArchType.II
9,49,0.11983159907095439,0.0006164548395358255,3.2683067691765055,16.341587594113548,33.08343319238537,2.115096865067227,61,151.2755534515381,ArchType.II
9,50,0.1304709097475984,0.0076558930443432205,3.2666743060986008,16.333548354604048,30.935664093292615,2.480910112581382,61,153.67798829650872,ArchType.II
9,51,0.13713274677281975,0.004117635329642916,3.26485646619815,16.324599404261264,28.54746238607993,3.4761552799431987,61,156.01654405212417,ArchType.II
9,52,0.14018487244391292,0.0023772885822332243,3.2633318102465285,16.317072104976415,25.897403806436344,4.803314499015464,61,158.27015008544925,ArchType.II
9,53,0.14231243044049105,0.0,3.2622449192892913,16.3116917275695,22.987565322497204,6.302148071096977,61,160.42756788635234,ArchType.II
9,54,0.27268327240383367,0.0,3.2624511686487234,16.31180922413604,21.512165871901743,6.546590227884228,61,162.4209892425538,ArchType.II
9,55,0.20661774549084808,0.0,3.263967594260394,16.319766247127507,19.84662869701475,6.723879365161179,61,164.24796846008286,ArchType.II
9,56,0.40769645676550925,0.0,3.2659939071422843,16.32978196854048,18.33935316502978,6.8690568679112,61,165.92279096984828,ArchType.II
9,57,0.30240233229392915,0.0,3.267954387070132,16.339712881558206,16.589599185006538,7.0432587743109,61,167.46720365905696,ArchType.II
9,58,0.35341073588035316,0.0,3.2695246542771566,16.34755135312158,18.144484733290568,7.191835940178941,61,168.88734669494562,ArchType.II
9,59,0.6457337389785567,0.0,3.270656457779501,16.353207405146996,16.34230390347301,7.321889793178094,61,170.1942400512687,ArchType.II
9,60,0.7987922542635114,0.0,3.271426941552892,16.357145565857,15.106972411029172,7.436893674394504,61,171.4140516967767,ArchType.II
9,61,0.9152268379706199,0.0,3.2719531729335634,16.359825896876956,16.656114592131267,7.570778219445378,61,172.5852254028315,ArchType.II
9,62,1.148422913958046,0.0,3.2722850876341822,16.374497149663096,17.841282778630816,7.248572933013026,61,173.7135020294187,ArchType.II
9,63,2.600553376638126,0.0,3.2724879962882363,16.37049286392419,21.684142310227003,6.878803757161058,61,174.83102102661132,ArchType.II
9,64,1.4734475158714446,0.0,3.2726027374696094,16.367173348963572,24.883685868673485,6.608182756194211,61,175.9411631622312,ArchType.II
9,65,1.5047480622332277,0.0,3.2726565566046815,16.365402717612287,24.042838888728156,6.365270792891588,61,177.04629205322266,ArchType.II
9,66,1.3454208378540766,0.0,3.2726357516888376,16.364224204966362,26.771053239169344,6.065598062358403,61,178.14375756835938,ArchType.II
9,67,2.2426828733224955,0.0,3.2725972420348763,16.363492904459793,29.397982856654053,5.747512019761572,61,179.22493406677273,ArchType.II
9,68,1.7862113016139964,0.0,3.2724980574399476,16.362811960211463,31.997686741251258,5.4939467925398375,61,180.29887519836467,ArchType.II
9,69,1.674318744951268,0.0,3.2724115082980685,16.36227594401306,34.37369831116387,5.348083290679454,61,181.36235377502453,ArchType.II
9,70,2.371025371215594,0.0,3.2723607573026987,16.361967211374942,33.030492492486545,5.276131327935343,61,182.4136723632816,ArchType.II
9,71,1.474197705123404,0.0,3.272326448240986,16.362168012108995,34.355489614904855,5.250636023366279,61,183.4490559234623,ArchType.II
9,72,2.073425962506831,0.0,3.2723042192447083,16.36191566907141,32.11966401157818,5.755642726847858,61,184.46142568969776,ArchType.II
9,73,1.9231849238513217,0.0,3.2722936281862496,16.3617012311015,32.15102801281315,6.125608121492763,61,185.44515158081094,ArchType.II
9,74,1.7563324103629434,0.0,3.2722952201824187,16.36170266169534,30.083170190801603,6.774304413476432,61,186.4023217773444,ArchType.II
9,75,0.7996581134082882,0.0,3.272267513053499,16.360832162468984,32.29785288185685,6.676579768997085,61,187.32955651855536,ArchType.II
9,76,1.9394409995900384,0.0,3.2722382908988306,16.360816446153652,34.98647729343175,6.585647998270158,61,188.25509584045483,ArchType.II
9,77,1.6396350765835364,0.0,3.2722423182400777,16.360947216188226,37.35000670560505,6.552797483408166,61,189.180373825074,ArchType.II
9,78,2.497345160374824,0.0,3.2722766781371777,16.361257020145736,39.455280922028116,6.540283150231275,61,190.09280096435612,ArchType.II
9,79,1.7806280132505687,0.0,3.2723258264416564,16.36196560360517,41.40194654389273,6.6213933151493025,61,190.99496746826208,ArchType.II
9,80,1.654058268221633,0.0,3.2723851880832506,16.36225356166171,40.56455242011925,7.051117465185294,61,191.883644134522,ArchType.II
9,81,1.5419878187667204,0.0,3.2724013554034985,16.362275923972962,40.8875649103375,7.433475225527814,61,192.74270358276436,ArchType.II
9,82,1.2415749722630793,0.0,3.2723490199869416,16.361412807106127,42.18813829612428,7.563064630075506,61,193.57966215515216,ArchType.II
9,83,1.2906941889257517,0.0,3.2723073711405486,16.361520335067013,43.931459637025284,7.605750882575573,61,194.4089014587408,ArchType.II
9,84,1.7032798157830393,0.0,3.2723126890532903,16.361590104516523,43.484432801044875,7.543828465745566,61,195.23727014160204,ArchType.II
9,85,2.7715128345770057,0.0,3.2723051431502403,16.361323662940656,45.51678800564639,7.475596605077834,61,196.05654690551836,ArchType.II
9,86,2.0729132049883985,0.0,3.272312554722383,16.361475872750994,47.37030805387786,7.342167256971161,61,196.8670071868903,ArchType.II
9,87,2.34530903530186,0.0,3.272313726995171,16.361504117198766,48.770307364468444,7.3287146682030615,61,197.66941535949803,ArchType.II
9,88,5.489725506974706,0.0,3.2723368419254295,16.361738606139383,50.0827255827326,7.268444394093802,61,198.464766418458,ArchType.II
9,89,5.249834805971374,0.0,3.2723779545398624,16.36220563897405,49.926729359652214,7.46901265955921,61,199.25364245605573,ArchType.II
9,90,3.3014201112400805,0.0,3.2723222276079853,16.36189341847366,50.61418173513942,7.82453690027625,61,200.02809761047484,ArchType.II
9,91,2.9675768239296207,0.0,3.2720558509127806,16.3599438156551,52.52122041977,7.7572264729164555,61,200.76485221862902,ArchType.II
9,92,3.0569349272834625,0.0,3.271665269648883,16.358133480218402,53.855515163032464,7.746288218740823,61,201.47151930236896,ArchType.II
9,93,3.4318776047100883,0.0,3.271371727704696,16.356802522806856,54.551212062876765,7.747437341449654,61,202.15035774231063,ArchType.II
9,94,3.8223166919504474,0.0,3.2712913812883353,16.356320528708686,53.66214968977122,7.73319714229615,61,202.81596667480568,ArchType.II
9,95,3.1568544155347142,0.0,3.271361351484909,16.35680110938279,54.73595643765363,7.6575870814491,61,203.478119812013,ArchType.II
9,96,3.627767870628809,0.0,3.2714676616992002,16.357345479324366,56.29815161281018,7.5965638319578215,61,204.14851187133934,ArchType.II
9,97,5.8473484378309415,0.0,3.2714822907037306,16.357558833060402,59.160391191077196,7.714493481238883,61,204.82915499878044,ArchType.II
9,98,8.501584595714927,0.2562744615815559,3.271401229971049,16.356891142634353,61.44080753891483,8.012284183734689,61,205.52702624511818,ArchType.II
9,99,3.7580611330706986,0.0,3.2712788677430424,16.356874451342705,61.32177635212874,8.308010959530128,61,206.24263619995207,ArchType.II
9,100,3.2333257452651045,0.0,3.2711411730877913,16.356918038701682,58.838706343393156,8.700218612141818,61,206.9688648071301,ArchType.II
9,101,2.1846036197188257,0.0,3.2786218987567577,16.53421190142308,58.6231398155094,8.866213556964015,61,207.7089755096448,ArchType.II
9,102,2.6184534185868404,0.0,3.27484048946424,16.44747948565128,59.300183648387815,8.736963816090555,61,208.46041636657822,ArchType.II
9,103,2.231324585200301,0.0,3.272795715641905,16.402272015540596,60.72958882691311,8.753121629807115,61,209.22307206726157,ArchType.II
9,104,4.357280084611685,0.0,3.27168869001293,16.37760246666457,60.89676586763757,8.862637244110221,61,210.00113508606012,ArchType.II
9,105,4.423881590624615,0.0,3.2711133780638826,16.365391419987272,59.74286266860004,8.894920691977116,61,210.78592288208057,ArchType.II
9,106,4.6361996654255035,0.0,3.270828235874243,16.359310471951165,60.13223470127281,8.932712203830059,61,211.57938063049346,ArchType.II
9,107,4.7528631316241325,0.0,3.2706253061318353,16.358366350020155,60.95468848106768,8.999735136542728,61,212.3867355804448,ArchType.II
9,108,4.004842056657032,0.0,3.2704428853338605,16.414385925616752,61.571645541882276,9.025865083713816,61,213.21379254150406,ArchType.II
9,109,3.8024142997724404,0.0,3.2704170925365723,16.456302789951966,60.63061778678966,8.992479910134808,61,214.04943536376953,ArchType.II
9,110,2.751523871535529,0.0,3.2705777363954014,16.472962582872,61.22569036494293,8.953057623836576,61,214.90115621948212,ArchType.II
9,111,3.2646998859634224,0.0,3.2707735378299363,16.461234750175546,61.62298632698481,8.998990314209099,61,215.77074418640092,ArchType.II
9,112,5.04100446152907,0.0,3.270900838576477,16.42021324091938,61.70335074536739,9.10410385464882,61,216.66428807067837,ArchType.II
9,113,4.2333419872206886,0.6784420294747225,3.2729589939487767,16.410220347993633,64.40680051578252,9.0652797074638,61,217.57345277404755,ArchType.II
9,114,7.754794582245365,0.6150357521194761,3.2741827997010633,16.402600562080174,67.03563609523368,9.00144205717807,61,218.50356927490202,ArchType.II
9,115,9.85683043753102,0.5771303082848885,3.275039893506623,16.41307707936992,68.42014193043968,8.988402615033715,61,219.4466040954586,ArchType.II
9,116,6.963187380958147,0.7098873563744811,3.2771660875846016,16.462002262463454,70.75513732182961,9.002987891243215,61,220.38601141357384,ArchType.II
9,117,8.439702714234832,1.0041675802913728,3.2814531040762898,16.572092013711167,72.22993302649962,9.058723322033602,61,221.35822386169406,ArchType.II
9,118,10.367879586502085,1.0307756779400588,3.2866619707299733,16.712788677993586,72.44260959039548,9.14204294848528,61,222.34913526916506,ArchType.II
9,119,9.77692458619696,1.3483609853487315,3.2908252926984383,16.837732547892262,73.32224105421298,9.172273405697586,61,223.38419908142077,ArchType.II
9,120,10.194630533377337,1.6229384054689087,3.298435649463423,17.023344379874693,74.03706402147553,9.196398573396404,61,224.4569125823976,ArchType.II
9,121,8.696547936318684,1.3132744939857626,3.314687071810302,17.323312056422065,72.70108878180116,9.178171543509443,61,225.56044776916525,ArchType.II
9,122,6.380684979387234,0.9080433567102314,3.303196928044955,17.131622306996373,70.68648897182838,9.27039312020043,61,226.68536830139192,ArchType.II
9,123,4.724146750549678,0.9532824637234985,3.297364895654347,17.052297634603377,33.47006309078542,9.08258307064779,61,227.93067619323762,ArchType.II
9,124,4.8850522194541695,0.674378943176632,3.2917757432969226,16.94208775328192,47.72943763329454,8.919327202739314,61,229.29951000976598,ArchType.II
9,125,4.196667216122918,0.5572932390626568,3.2867174910545236,16.823742064790732,51.359766013807686,9.02952964286032,61,230.78545666503942,ArchType.II
9,126,3.974277163866711,0.5922352019951904,3.2838432308986167,16.742975690373,61.859362892970275,9.242855943314577,61,232.40831837463412,ArchType.II
9,127,3.7522736593534853,0.6294917639731158,3.2812215259831996,16.685408374434612,58.47180978791632,9.35812477961151,61,234.28133172607437,ArchType.II
9,128,6.245274210464655,0.6634528295398241,3.2761110474744832,16.617296491657765,55.669381819520495,9.582656591096502,61,236.57394700622564,ArchType.II
9,129,5.275043151009573,0.5672564015316296,3.271895370765841,16.596558660937195,54.57993284118607,9.614801865794995,61,239.0821202239988,ArchType.II
9,130,3.2401639397185797,0.7661871044445961,3.2706849784998457,16.65094532094976,54.193650880111015,9.580040084468004,61,241.7665284271235,ArchType.II
9,131,4.217585314543826,0.6104474852398283,3.2722793096060543,16.63216331213863,52.24776664357907,9.579916218151833,61,244.57061802673303,ArchType.II
9,132,5.425045191098393,0.5872044907013796,3.2755735503153827,16.620015431357174,49.87837607080548,9.714073719821968,61,247.60066769409133,ArchType.II
9,133,3.48427379893704,0.5612706043162954,3.2765823312128983,16.575421106623082,47.31312739926371,9.798246220882417,61,250.693018859863,ArchType.II
9,134,4.937663153261869,0.5576169289907624,3.2764801211011894,16.55138455168871,46.364978232214746,9.959465395244678,61,253.8287479858393,ArchType.II
9,135,3.2345228307335727,0.7943187153218193,3.2804517645437525,16.640477155466357,78.00227031415042,8.550261165856037,61,256.5609617767328,ArchType.II
9,136,2.51325892327266,0.7318450520845758,3.2844485883834906,16.710138720263863,77.80262103826638,6.427474493367541,61,258.40361418151815,ArchType.II
9,137,4.743013561272506,0.0,3.2787987583288034,16.56733878992806,81.00836098403167,4.5495277341483655,61,258.99575460815424,ArchType.II
9,138,3.4859088007028713,0.0,3.2758059936329946,16.46838184244657,83.64645610295273,4.00369613152766,61,258.1215139312741,ArchType.II
9,139,3.435789326862287,0.0,3.2742994677603505,16.417732647478335,85.08407607109315,3.9074516223928635,61,256.74002036285367,ArchType.II
9,140,2.6595514142443717,0.008659423081828817,3.2735274442325584,16.3916244943059,85.83780937369971,3.8834086342583545,61,255.25998400878848,ArchType.II
9,141,1.3825105525637913,0.004103298750557883,3.273153400138032,16.378366341715903,86.41707729884318,3.8785541182127887,61,253.75707107543911,ArchType.II
9,142,1.3592786155570298,0.016013832486982467,3.2727360514703245,16.370922878857264,86.09351599267993,4.375513907318801,61,252.1903075027463,ArchType.II
9,143,1.2748600039487121,0.01494589957841947,3.2726972216194006,16.367552213308866,84.14849149197563,4.602665197134573,61,250.60864292144754,ArchType.II
9,144,1.2074738349423844,0.014111634886635872,3.2727210639065687,16.365671152194423,83.08798985653087,4.707688527635069,61,249.05011625671386,ArchType.II
9,145,1.1419912588203813,0.013328559222785669,3.272758412039342,16.364826752639424,80.6632050354081,4.742713587102758,61,247.5040192260745,ArchType.II
9,146,1.1171215462272384,0.013025841207044692,3.272784972857546,16.36434267805971,79.87307235125057,4.739085210002289,61,245.9651349029545,ArchType.II
9,147,1.0911022656225235,0.012696123230252323,3.2728028961477786,16.364197018831916,79.35796152835908,4.715401434049455,61,244.42897246551553,ArchType.II
9,148,1.054973289086558,0.012249461634288288,3.272804342086869,16.363999707128002,78.76272519006021,4.682473214649732,61,242.89107936096218,ArchType.II
9,149,1.0319435298515627,0.011967531724774156,3.272799063687284,16.363955533024004,78.05722162816592,4.640336970577118,61,241.35015343475385,ArchType.II
9,150,1.0159453840034487,0.011767286395870429,3.272797285715093,16.363913830973907,77.82617129357686,4.553019779068005,61,239.8054028701789,ArchType.II
9,151,1.0140481298335657,0.011750462520486029,3.2727893360349323,16.363824055395156,77.44613217021359,4.472876186746409,61,238.24950997161903,ArchType.II
9,152,0.9586151886216344,0.011118008974016814,3.2727727382134097,16.363830816742556,77.29278271524261,4.37101917962134,61,236.68459690856952,ArchType.II
9,153,0.94883715922957,0.011009444328941572,3.2727628797422468,16.363773884677492,77.34851298144756,4.233359249548128,61,235.1070661392214,ArchType.II
9,154,0.9424977930800781,0.010934035857288393,3.272756073239242,16.363735440884565,77.2292131805532,4.101767179139222,61,233.51197491455076,ArchType.II
9,155,0.9386615654398346,0.01089132196199706,3.2727506357813443,16.363701226673257,76.981436671877,3.971504118408872,61,231.90077242279062,ArchType.II
9,156,0.92039989086742,0.010698587641331126,3.272750531077653,16.363718628946437,76.71489577874158,3.832850189508645,61,230.2748522109988,ArchType.II
9,157,1.0479973036965338,0.01241432494324032,3.27274504555319,16.363449630655737,76.32650519217142,3.762352765861308,61,228.63500760650635,ArchType.II
9,158,1.292976723952881,0.18971976451982717,3.272745793919233,16.363594479601527,74.03631246235354,3.9109697632578366,61,226.9943246078493,ArchType.II
9,159,2.1235938094697633,0.0,3.272750378490602,16.363825630652762,74.25471883346022,4.009906754818666,61,225.39744052886977,ArchType.II
9,160,3.3287545302599018,0.1840844762287862,3.272721649791373,16.363313735240833,76.83836700255829,3.950083634679832,61,223.85448810577424,ArchType.II
9,161,4.029003827013103,0.21801513087229665,3.272657707072437,16.3602124440711,79.4263112965931,3.9314710897923892,61,222.36478479003966,ArchType.II
9,162,4.683648562922463,0.0,3.272649893816616,16.335736699612966,81.84712494104619,4.316728500308315,61,221.1940781173709,ArchType.II
9,163,4.030297668605902,0.0,3.2725479036688316,16.24645639671957,86.28975264742297,4.921200571542534,61,220.5770396499634,ArchType.II
9,164,4.193643775534266,0.0,3.2723980034208107,16.076541449707484,89.54184390769741,5.580164876177982,61,220.48686821746804,ArchType.II
9,165,3.0639091428810796,0.46318778755180084,3.268669643299542,15.908981051489622,86.9099361100686,6.098723093560504,61,221.06146732330313,ArchType.II
9,166,1.3366417398807005,1.152306424920688,3.2599154931679033,15.849163434111121,84.25493036146193,6.300475268459317,61,222.086989051819,ArchType.II
9,167,1.056412387584508,1.056412387584508,3.2582430391384407,15.967951112400774,82.6740617869376,6.532259403283635,61,223.27195572662362,ArchType.II
9,168,0.995018799686716,0.995018799686716,3.2633843978345944,16.166168268976364,81.63637249493999,6.69861104762045,61,224.6392270584107,ArchType.II
9,169,0.9915975440618643,0.9915975440618643,3.271868294580141,16.399169750635593,80.69690971942674,6.71104345775434,61,226.1326971054076,ArchType.II
9,170,1.0364603802238488,1.0364603802238488,3.2833288732692667,16.683864602742275,79.80598082084427,6.716830657810974,61,227.62791594696012,ArchType.II
9,171,0.7941133036994455,0.721930264572235,3.279549161404767,16.586472945606726,80.7327460395168,6.718795974518132,61,229.1190168380735,ArchType.II
9,172,0.9617605640326634,0.7639427663261499,3.2711925744904207,16.35131866789825,80.76072286881103,6.717247719356682,61,230.61504386138893,ArchType.II
9,173,0.907018434613236,0.7306144647751615,3.2662854438045583,16.21389134168301,80.82047015809496,6.717113819366222,61,232.11154421234113,ArchType.II
9,174,0.9928179683054511,0.6906876495886145,3.262760275507629,16.12201274332694,81.05192390505488,6.788654440417885,61,233.60838999175985,ArchType.II
9,175,0.7958794482396181,0.6566918379953695,3.2611271168602887,16.07828045715865,81.42164950858675,6.876143881570844,61,235.118796104431,ArchType.II
9,176,0.7293441464455966,0.6438976412930644,3.260238255423885,16.0494917546966,81.65763394539773,6.967211833677634,61,236.64930857086176,ArchType.II
9,177,0.8085152120520481,0.49951965427546396,3.2609572640575686,16.061343238598575,81.98177737814945,7.032959337492494,61,238.198439430237,ArchType.II
9,178,0.9651419900072916,0.4852123685452571,3.2615204431383966,16.07208284118805,82.2534843239127,7.078443761857838,61,239.76186478424063,ArchType.II
9,179,0.8724056168122359,0.5255086667165266,3.26366037499956,16.123983334998528,82.49718593971016,7.109820818678127,61,241.33588814544686,ArchType.II
9,180,1.1925102046752738,0.4430106852565579,3.266035283761804,16.176757523051897,82.92746817384717,7.10408608593602,61,242.91665189361595,ArchType.II
9,181,1.3560885969654923,0.45037674740795924,3.2666966378598197,16.18917990868612,83.61860881224457,7.098862104834479,61,244.5001886367798,ArchType.II
9,182,1.4564670617127227,0.33537053783958,3.265986311178747,16.167381355853944,84.48315822651146,7.119128205985371,61,246.08837154388436,ArchType.II
9,183,1.9533147720496895,0.23311899176962003,3.2670091465215534,16.190888059711003,85.4838675761847,7.126495843645402,61,247.68132952117952,ArchType.II
9,184,1.8206598662847262,0.1929913267831891,3.267916642621636,16.216178078645687,86.62835328599144,7.133280939878882,61,249.27821309661925,ArchType.II
9,185,3.4629824371383195,0.2902700111849057,3.2714564411234908,16.305957281257353,87.54105846668116,6.9798323390190555,61,250.87999007415846,ArchType.II
9,186,3.4722952956236726,0.2369720516026727,3.275667758028798,16.41128187318452,87.68781933152503,6.362231066885962,61,252.38524497222977,ArchType.II
9,187,2.5240168293499656,0.0,3.2742694423270366,16.390627557604535,89.84307340854592,5.337925730468825,61,253.48525437164375,ArchType.II
9,188,2.417203664612784,0.0,3.273438851837772,16.377212486901286,89.8504167829677,4.80159953682149,61,253.8437537307749,ArchType.II
9,189,2.415870560082871,0.0,3.272914888576438,16.3698888367574,88.18121656736119,4.4795913198594235,61,253.72059085846018,ArchType.II
9,190,2.317893677733068,0.0,3.2726935005176236,16.366330204995855,88.18287698901861,4.348572202448125,61,253.41551055145305,ArchType.II
9,191,2.446615845944335,0.0,3.272643573078507,16.364696602515163,88.3837877215568,4.261495630307009,61,253.0721944351202,ArchType.II
9,192,2.1412725591079287,0.0,3.2726536826952195,16.36404338825204,88.5625506258433,4.2367419546995375,61,252.70078229522733,ArchType.II
9,193,1.9343977509913424,0.0,3.2726767011369797,16.363790573738797,88.69742520232879,4.221042874725613,61,252.32645767974884,ArchType.II
9,194,1.163584222326367,0.0,3.2726963828517195,16.363692587536413,88.79490402915647,4.211350098402393,61,251.9510564956667,ArchType.II
9,195,0.8246436796900681,0.0,3.272709776906716,16.3636770209304,88.8623004925579,4.196712986849936,61,251.57488489532483,ArchType.II
9,196,0.8387272159160364,0.0,3.27271631454003,16.363579435095406,89.10785197128023,4.200968849230534,61,251.19664223480265,ArchType.II
9,197,1.0408043481637754,0.0,3.2727173133319543,16.363558856143637,89.8029089895852,4.278946416161946,61,250.81809644317667,ArchType.II
9,198,1.0856099046961427,0.0,3.2727162197575423,16.36358755178383,88.01910372508263,4.328282840460071,61,250.4461082534791,ArchType.II
9,199,0.8438450597663507,0.0,3.2727198621106024,16.363640715456743,87.39442420053341,4.374109690205559,61,250.07452037811288,ArchType.II
10,0,0.0,0.0,1.9979808843787874,6.080650738130512,7.7648215525123785,0.8342222616669671,61,4.220405700683596,ArchType.II
10,1,0.0,0.0,2.285016491809178,9.803823712161156,19.74647461915311,0.990700646251533,61,8.46067004394532,ArchType.II
10,2,0.0,0.0,2.562212148601095,11.721398592505471,33.52302439465506,2.6903352300794987,61,12.72540039062499,ArchType.II
10,3,0.0,0.0,2.784959373404247,13.191002602574027,46.8708431381724,5.013972905481068,61,17.0091987915039,ArchType.II
10,4,1.3419832453044058,1.3419832453044058,2.9878619412931697,14.522707386954595,50.75557031888246,5.8205238012107285,61,21.262070770263662,ArchType.II
10,5,0.5341945775365983,0.5341945775365983,3.0996745346819616,15.248903752685672,52.0306428466029,5.903003054352638,61,25.425294494628893,ArchType.II
10,6,0.21060398348889933,0.21060398348889933,3.1489586442930233,15.607136139578351,53.901055019661776,6.010151184226168,61,29.462417694091783,ArchType.II
10,7,0.0,0.0,3.1656147941720465,15.75520518781315,55.916318380243936,6.069378109600784,61,33.37347964477538,ArchType.II
10,8,0.26932462842197763,0.26932462842197763,3.1687458680586045,15.818341341208564,56.90954511371771,5.94201716300754,61,37.14737527465825,ArchType.II
10,9,0.2004705049801004,0.2004705049801004,3.1662772014334952,15.82459472728451,57.79084062609864,5.882607467027518,61,40.82620053100589,ArchType.II
10,10,0.3787180977864163,0.3787180977864163,3.163166203862815,15.829726719202164,59.41314845442096,6.150780946526178,61,44.4247151794434,ArchType.II
10,11,0.44047128628623855,0.44047128628623855,3.1620780596279188,15.850412344991355,60.80961258361424,6.199005059419853,61,47.910614105224646,ArchType.II
10,12,0.535147408731041,0.535147408731041,3.168990744586301,15.901150916403678,62.05846589051805,6.299524513215413,61,51.24605426025402,ArchType.II
10,13,0.6009213728148042,0.6009213728148042,3.1907760541004717,16.042590441343847,63.86517561021309,6.231631417882351,61,54.45800424194342,ArchType.II
10,14,0.5629550007877122,0.5629550007877122,3.216288242128079,16.18911050913986,65.44065788886672,6.257388326167324,61,57.551155029296886,ArchType.II
10,15,0.5236484463175755,0.5236484463175755,3.236618344063796,16.291734482024616,66.19776628396039,6.2596519903166765,61,60.54479623413092,ArchType.II
10,16,0.5191482168251518,0.5191482168251518,3.2511662538554567,16.36838620293694,67.61049670029861,6.4354708536595835,61,63.56093309020998,ArchType.II
10,17,0.4877919943528275,0.4877919943528275,3.260332284460412,16.415815440697486,68.4109835884254,6.463429260374063,61,66.57207130432121,ArchType.II
10,18,0.45621578137330404,0.45621578137330404,3.2658648866111535,16.43822813330251,69.62644785865949,6.647216820611867,61,69.5498102111815,ArchType.II
10,19,0.46962199299782537,0.46962199299782537,3.270583151010383,16.472075965828346,70.37370748513317,6.654693896521979,61,72.4754377593994,ArchType.II
10,20,0.4813840946912373,0.4813840946912373,3.2736004851448626,16.49773791292736,71.33944067051235,6.674284669938944,61,75.43453511047369,ArchType.II
10,21,0.454088574019121,0.454088574019121,3.2742382290736716,16.500143003038627,71.34465477992188,6.53088864917208,61,78.51012745666515,ArchType.II
10,22,0.4265131320004724,0.4265131320004724,3.2736485236859822,16.488390866004863,71.82739404343559,6.562784672427216,61,81.62838072204593,ArchType.II
10,23,0.39968281755592355,0.39968281755592355,3.273407461110429,16.475560944489533,71.6490830925254,6.538245140433022,61,84.73790159606952,ArchType.II
10,24,0.3752118742684492,0.3752118742684492,3.2737921918826003,16.465806157657187,72.03974953719263,6.624988166361543,61,87.73487019348153,ArchType.II
10,25,0.3729606738339147,0.3729606738339147,3.275279626460541,16.470093032287934,71.92507965145778,6.62088401435757,61,90.55901931762719,ArchType.II
10,26,0.35861601353394484,0.35861601353394484,3.2767139208538687,16.472960298875886,72.37072289290631,6.65310625682762,61,93.1562108612064,ArchType.II
10,27,0.33835944207033153,0.33835944207033153,3.277734701669033,16.47325790853293,72.21504427720234,6.63989433545521,61,95.583909317017,ArchType.II
10,28,0.32331217340306895,0.32331217340306895,3.278273184617508,16.4707214174512,71.6683754093487,6.706952138009063,61,97.94205680847222,ArchType.II
10,29,0.3092896288083921,0.3092896288083921,3.278442234379836,16.466403856291098,69.76623449151309,6.792601279579445,61,100.33006120300348,ArchType.II
10,30,0.2960148170738137,0.2960148170738137,3.278379893701201,16.461104621301658,67.99625306994466,6.724690561355586,61,102.7213370971686,ArchType.II
10,31,0.22265984979678374,0.22265984979678374,3.277617555150364,16.443378593846013,65.89659488249829,6.752191209030066,61,105.12636265564029,ArchType.II
10,32,0.21612850304145972,0.21612850304145972,3.2762050701227325,16.411371565787203,61.6114966087746,6.952855149818139,61,107.53832246398977,ArchType.II
10,33,0.2051281134762316,0.2051281134762316,3.275411911466552,16.394123990968676,59.58258303661988,7.034024258697831,61,109.96104443359428,ArchType.II
10,34,0.19671409417435215,0.19671409417435215,3.274957857887714,16.384903638745406,57.68968524468789,7.083522665536682,61,112.3953523559577,ArchType.II
10,35,0.1894276983560073,0.1894276983560073,3.2748296836513715,16.383441421271385,54.1846641452756,6.956181953751712,61,114.8435589904793,ArchType.II
10,36,0.15185443936938017,0.15185443936938017,3.274153781455354,16.370724269794454,52.687873349120515,6.989212971060422,61,117.30758786010813,ArchType.II
10,37,0.14459140072765755,0.14459140072765755,3.2734415506709507,16.357258759921127,51.25638063048684,7.18859705020446,61,119.7822605590828,ArchType.II
10,38,0.13608475570169112,0.13608475570169112,3.2729782965678695,16.350976349025167,48.27770598051258,7.237191216635975,61,122.27031282043532,ArchType.II
10,39,0.12828085267972422,0.12828085267972422,3.272619653657331,16.348166080624544,46.96847121948017,7.227857985778841,61,124.77320088195881,ArchType.II
10,40,0.13191588520194342,0.13191588520194342,3.2723757688778896,16.349054940766276,45.739001717850215,7.245664424863798,61,127.29064527893144,ArchType.II
10,41,0.1105995374701497,0.1105995374701497,3.272058567285609,16.346728805589322,42.939679574933685,7.182364985441778,61,129.8036580200202,ArchType.II
10,42,0.10445632181167037,0.10445632181167037,3.271943794288198,16.346587638254114,41.71635778901932,7.100112326528972,61,132.30925814819406,ArchType.II
10,43,0.09881389065625502,0.09881389065625502,3.2719998801899832,16.347968731044695,38.8671887784095,7.003554505174482,61,134.80292488098232,ArchType.II
10,44,0.0938713156244708,0.0938713156244708,3.2722009508037564,16.35032427960134,37.581309200688345,6.764850095754687,61,137.27118499755952,ArchType.II
10,45,0.11743344604913213,0.0,3.2722586668287508,16.352168182346542,36.99746018994381,6.970254612776266,61,139.71107063293542,ArchType.II
10,46,0.08617092322322452,0.006686068850350224,3.272414931383244,16.357723813851667,36.38420258817471,6.635560394626155,61,142.13485003662177,ArchType.II
10,47,0.10451802322635269,0.003102055512424694,3.272498489231091,16.360393506465467,35.14418676077053,6.335656987241334,61,144.52907717895593,ArchType.II
10,48,0.1922512106454288,0.042519689197959114,3.2724714831810564,16.36122264979656,33.58288838251271,6.153359740119329,61,146.897317626954,ArchType.II
10,49,0.11249217252651607,0.02213613186863713,3.272336548102536,16.36116425659971,31.87550041330269,6.097039136484578,61,149.24391693115317,ArchType.II
10,50,0.09161851030743791,0.014839449969197603,3.2721518505953147,16.36052388101381,29.99106869416781,6.311132253386136,61,151.57163700866803,ArchType.II
10,51,0.08731390273100248,0.0,3.2719641931863834,16.35972260404247,27.989041637008587,6.84580376960192,61,153.8809058685313,ArchType.II
10,52,0.17329796047751286,0.0,3.271753152097474,16.35853103388552,26.49823646347473,6.662337017461922,61,156.17199189758432,ArchType.II
10,53,0.15355712612141298,0.0,3.271599797312445,16.35962329112218,25.38269769764898,6.275698176513189,61,158.45235604858547,ArchType.II
10,54,0.13679263954420062,0.0,3.271558953649811,16.359238928501668,23.899506190169873,6.246486898697892,61,160.7271142883317,ArchType.II
10,55,0.1613886142477603,0.0,3.271562949139484,16.35826672060392,22.74817983451264,6.493573541400954,61,162.96759001159816,ArchType.II
10,56,0.9216811661545398,0.0,3.2714234694899345,16.35732817716109,21.686603156043674,6.391171479598766,61,165.12519966125663,ArchType.II
10,57,1.1209280828155939,0.0,3.271239064769178,16.356121355271327,21.88153854902248,6.422702168656972,61,167.20381092834677,ArchType.II
10,58,1.2542372622827882,0.0,3.2712117951181816,16.358084804667683,22.43661064539602,6.107520249567405,61,169.20200433349808,ArchType.II
10,59,1.3661711306469697,0.0,3.2714112844457985,16.35815970135123,22.27768681925694,5.963761027079176,61,171.1367511901877,ArchType.II
10,60,0.8933641142887163,0.0,3.2715760816244224,16.35845297422418,21.320898680151963,6.060231229943668,61,172.99247247314682,ArchType.II
10,61,1.912307242329964,0.0,3.271524845433804,16.357392794701298,20.47141172844708,6.192353526523526,61,174.77203634643783,ArchType.II
10,62,2.0941406879969686,0.0,3.2712704672441117,16.355863123789074,23.407796570067383,6.011199095773011,61,176.484928497317,ArchType.II
10,63,1.6520197507413676,0.0,3.2711723915364086,16.355405852207742,24.78557833304203,5.490366910868897,61,178.14534976196572,ArchType.II
10,64,2.530934652870065,0.0,3.2713140015800057,16.35651303861652,28.336348702280826,5.265659549311423,61,179.77845095825458,ArchType.II
10,65,1.3374862423522897,0.0,3.2715838689123724,16.35818529786777,27.390237408978862,5.19330998271309,61,181.40977919006636,ArchType.II
10,66,1.3017710177687485,0.0,3.2717698551744943,16.3593765354442,25.333192807095987,5.612875998513193,61,183.02853704834283,ArchType.II
10,67,2.2139807370796833,0.0,3.2716303365115667,16.357577949315125,28.47579025319357,5.292227134431001,61,184.65641754150695,ArchType.II
10,68,1.2936153552148213,0.0,3.271462177750462,16.35699153454026,31.5516516860406,5.015102870688812,61,186.2994631500275,ArchType.II
10,69,1.4355543722631379,0.0,3.2714645436032854,16.35712552628964,31.34242867512924,4.7636744101157085,61,187.9523423919711,ArchType.II
10,70,1.7414160749911756,0.0,3.2716007666525515,16.35782351904218,34.084464852053145,4.387345434721631,61,189.6162124023471,ArchType.II
10,71,1.0685974926273387,0.0,3.2717961758533605,16.35889800402839,36.4743360682012,4.08297124927085,61,191.28254321289373,ArchType.II
10,72,2.3808606616656416,0.0,3.271993097349767,16.360800511231957,38.73455887047876,3.9958680995507807,61,192.9515135803251,ArchType.II
10,73,1.5727044220098645,0.0,3.2720942042520686,16.360932771476765,36.86756561773461,4.116294024384895,61,194.63770703125314,ArchType.II
10,74,2.6908770616141218,0.0,3.271914394507313,16.359975202657697,34.503491861734226,4.361947266077658,61,196.37657429504716,ArchType.II
10,75,2.1050807157397524,0.0,3.2714005658264176,16.357309564690663,32.20794810078745,4.746959995461318,61,198.185535842899,ArchType.II
10,76,2.02704625362529,0.0,3.2710245356558767,16.355262976282013,33.133819766605306,5.199039616158325,61,199.97227767944693,ArchType.II
10,77,2.7988031352611062,0.0,3.271124015740135,16.355085966998605,35.07610975009413,4.42952446762683,61,201.70234457397797,ArchType.II
10,78,2.5150170884158447,0.0,3.271618198663661,16.358162346742073,36.60543919887849,3.906962224123265,61,203.39717071533508,ArchType.II
10,79,2.8796467025603256,0.0,3.272101243054379,16.360679815513077,35.77814304785069,3.940383915057135,61,204.9543864135771,ArchType.II
10,80,2.1214989361481362,0.0,3.2723984034571933,16.362081340423092,36.93474513990003,4.102122434078201,61,206.3155226135281,ArchType.II
10,81,2.63564033868492,0.0,3.2725514666082245,16.36245079423841,34.509214106976806,4.393738528490321,61,207.47737176513928,ArchType.II
10,82,2.6333470276888638,0.0,3.2726230586923695,16.362692435275015,40.85833127451604,3.88161628629665,61,208.50736694336197,ArchType.II
10,83,2.6590748496228094,0.0,3.2726666329624194,16.362858080418462,39.247980842386504,2.8778979961103777,61,209.40175878906538,ArchType.II
10,84,2.84075337503793,0.0,3.272622891616148,16.36293106219288,38.29875030318854,2.177731060750056,61,210.27371591186832,ArchType.II
10,85,2.7030513334534803,0.0,3.2725863309281453,16.36292955806543,37.50637914844328,1.4677495230929776,61,211.13867584228828,ArchType.II
10,86,3.4863926808899945,0.0,3.2726203164088994,16.363239183080392,36.96486311307545,0.6919497288413781,61,212.08105152893356,ArchType.II
10,87,2.481816937127462,0.0,3.2726554368254788,16.362594965418392,36.10602181529085,0.7038698812435843,61,213.11003559875778,ArchType.II
10,88,3.4463710312785083,0.0,3.272682617085404,16.363041892009868,35.06658052495835,0.8229563374195373,61,214.19875915527624,ArchType.II
10,89,2.850134066250791,0.0,3.272699039920736,16.36327352039784,34.412985429342456,0.917307744088151,61,215.2699303131129,ArchType.II
10,90,2.996653633820087,0.0,3.2727064909992354,16.36346719012155,31.786455041601137,1.1001347417698655,61,216.33300907898186,ArchType.II
10,91,2.870246435584555,0.0,3.2727123118291384,16.363554960854998,29.631089977058867,1.4585466949134038,61,217.36931462097422,ArchType.II
10,92,3.5953551162058917,0.0,3.272719367721618,16.36381383296212,27.56065610544936,2.014853461556623,61,218.33385110473884,ArchType.II
10,93,2.334892577623131,0.0,3.2727235941343946,16.363900339152654,26.282115862839166,2.8703033381884073,61,219.21941438293683,ArchType.II
10,94,4.257781629624189,0.0,3.272723146181315,16.36380415812074,41.480583677461325,3.6551799429649394,61,219.99882789612016,ArchType.II
10,95,3.655270272568669,0.7244967893795415,3.272723674437669,16.363518762390196,39.380586858837574,3.9453062922159226,61,220.6605792083761,ArchType.II
10,96,1.5997784243524622,1.5997784243524622,3.2727217477670325,16.364853450629305,38.28744124562622,4.5602993747127964,61,221.24475917053448,ArchType.II
10,97,1.9442034851081345,0.017650934076936107,3.272604944864476,16.361794447472352,35.26249835063611,5.295187581074292,61,221.8561026000996,ArchType.II
10,98,3.998015800377987,0.006129806409536988,3.2724316088057,16.361528422878774,36.9070764874564,5.045314931701893,61,222.54479431152564,ArchType.II
10,99,4.521793057558978,0.0,3.272252681722162,16.36092939059063,38.81768831778548,4.763284292305304,61,223.2654930419943,ArchType.II
10,100,4.87274265501349,0.0,3.272208535583246,16.360919603821724,40.536123359401664,4.519000478740118,61,223.99754257202383,ArchType.II
10,101,4.404778120950229,0.6582277013886468,3.27227182505011,16.361302151555783,42.258041395533205,4.289363289870314,61,224.756763122561,ArchType.II
10,102,5.232382008561882,0.0,3.272367108750713,16.36182682494268,43.78830613672364,4.09458337026127,61,225.52232928467012,ArchType.II
10,103,3.957964662137039,0.4139256866359635,3.2724492231031315,16.362245022404462,46.15278699074668,3.828294708802984,61,226.29135023498733,ArchType.II
10,104,4.121665121630745,0.0,3.2724874964307906,16.362478740775977,45.396119076310434,3.575838263050255,61,227.0174504394553,ArchType.II
10,105,4.216085444710128,0.0,3.2724530305341486,16.36234559573151,46.87743223779059,3.3245742856785805,61,227.7064805297874,ArchType.II
10,106,4.925418767884812,0.0,3.2723548831872455,16.361898812404007,48.03468038519194,3.1643388452613257,61,228.42078782654025,ArchType.II
10,107,5.679630833411361,0.0,3.2721855229739067,16.361099672124165,49.60506627320262,2.897963650569447,61,229.15116862488006,ArchType.II
10,108,6.974827059737995,0.0,3.2720588312682835,16.360419258853007,50.24325715612567,2.7933378805496956,61,229.9248719940205,ArchType.II
10,109,6.307273636696205,0.0,3.2720836300221814,16.36058325011353,47.30947724543183,2.8575820352198464,61,230.73471795654476,ArchType.II
10,110,6.185981172702588,0.0,3.2722044460678816,16.361508790243192,47.17112461239677,2.749894683239054,61,231.56363600158895,ArchType.II
10,111,4.435349572545566,0.0,3.2723183640499465,16.361905131368893,46.65434676009414,3.063489299646899,61,232.39961116028027,ArchType.II
10,112,4.345013045359622,0.0,3.272371486491152,16.362146120768738,43.616346530719596,3.1792632722861107,61,233.24599096679876,ArchType.II
10,113,3.4850260495550307,0.0,3.272269014367938,16.361237083013418,43.715878400472576,3.499411810525165,61,234.13401605224826,ArchType.II
10,114,4.759891480568845,0.0,3.2720810387138752,16.360331384653623,40.80637112898735,3.617774336149498,61,235.11748010254135,ArchType.II
10,115,3.643703394380182,0.0,3.2718593532626787,16.359412029590292,41.34994053562303,3.7584603829327765,61,236.16793461609106,ArchType.II
10,116,3.586340931537547,0.0,3.2714856838500923,16.35758846766193,38.939651732401934,3.94314973922776,61,237.27966592407458,ArchType.II
10,117,3.824229018231235,0.0,3.2705125848837913,16.352914546034697,39.71994146339214,4.099155572208078,61,238.4713986663842,ArchType.II
10,118,3.934193264056993,0.0,3.2680222737110833,16.340966298895857,36.96049379357612,4.500222541371027,61,239.8901640167259,ArchType.II
10,119,6.076276393943404,0.0,3.2633523249024114,16.316888387889804,39.71356740480244,4.071965918904035,61,241.64780375671594,ArchType.II
10,120,6.051778195496868,0.0,3.2593906214825012,16.298285838042958,41.649627152035826,4.108226242938948,61,243.67056336975324,ArchType.II
10,121,5.085917681789411,0.0,3.25875944900125,16.295533152024564,39.995709781290834,4.236701978256095,61,245.84350984192113,ArchType.II
10,122,6.586183343118256,0.0,3.2622162900871574,16.31202824185841,38.12206678649487,4.673439670754969,61,248.08811509704796,ArchType.II
10,123,8.087091169008602,0.0,3.266394547726638,16.33159447968204,37.5200557367788,4.715973272212122,61,250.2152600708027,ArchType.II
10,124,8.09325489648323,0.0,3.2690163684766076,16.345237059757416,38.02457647373694,4.602786110368485,61,252.1436175079364,ArchType.II
10,125,9.157308484254338,0.0,3.2703972043528213,16.351870835499764,39.81420476479534,4.710344123166433,61,253.82264205932782,ArchType.II
10,126,5.352255906483731,0.0,3.2711298527645436,16.35574521743604,38.52502692866509,5.000284498705419,61,255.3236002502459,ArchType.II
10,127,5.225571630518895,0.0,3.2717652643449173,16.358691333280998,47.55680915529472,5.292333877605296,61,256.5963037414566,ArchType.II
10,128,8.47803969131079,0.0,3.2721423218336296,16.359760014093638,46.356877274045736,4.720869808148281,61,257.6708002777117,ArchType.II
10,129,6.546618091247397,0.0,3.2713011494327695,16.356313351054716,44.64396910137391,4.3538097675828995,61,258.69932713318053,ArchType.II
10,130,6.870021330880279,0.0,3.2688356992557135,16.3442083217672,42.07232031440381,4.215505945994583,61,259.6380073394796,ArchType.II
10,131,7.433611949056085,0.0,3.2655537892939606,16.327978442163,39.15221933721457,4.194319971875561,61,260.44559996032956,ArchType.II
10,132,6.44348612680527,0.0,3.2618617421487732,16.309727653156077,35.91913969019422,4.34728263665995,61,261.02976733398646,ArchType.II
10,133,5.990132897923652,0.0,3.2562926887277346,16.28216595964028,32.80423641970922,4.627443559293563,61,261.3389182586694,ArchType.II
10,134,5.622691083660549,0.0,3.247507657067617,16.238479791523925,27.940622473979985,5.136581101972078,61,261.17432562256135,ArchType.II
10,135,4.12135423761948,0.0,3.2373418580204993,16.1883110593053,34.98359794559875,5.662920849141711,61,260.6296710357691,ArchType.II
10,136,3.7322967607868884,0.0,3.230527512263841,16.15468722179444,36.01009347569505,5.895840512513144,61,259.9356564025902,ArchType.II
10,137,2.303205233625898,0.0,3.229465971318599,16.14963388936871,37.76879529526616,6.311049512896093,61,259.1024446716335,ArchType.II
10,138,2.395943223013752,0.0,3.236229511759766,16.183138249932174,39.658410743069545,6.722500987690943,61,258.1433947601347,ArchType.II
10,139,2.003024445319251,0.0,3.2481484522608715,16.242140888997056,44.53653307486995,6.988852234238488,61,257.16967320251797,ArchType.II
10,140,1.7529414356774387,0.0,3.2589091421125764,16.295367826022026,45.44790410252905,7.098198442378224,61,256.2487216339139,ArchType.II
10,141,1.725465467680221,0.0,3.265483577099531,16.32785135256766,45.56660610152402,7.0963571516322625,61,255.3719859161406,ArchType.II
10,142,1.6443979587955253,0.0,3.268856797018202,16.34464024147731,44.496098313988604,6.942266073315571,61,254.52375056457822,ArchType.II
10,143,1.5114598109105455,0.0,3.2706717380079207,16.353603575324662,39.301422729695204,6.924853584909295,61,253.6655713043246,ArchType.II
10,144,0.7630026654382154,0.0,3.2715022893663965,16.357566717471162,37.68686970524886,7.2227442615930295,61,252.73120089722005,ArchType.II
10,145,1.2391352308454633,0.0,3.2714222491485305,16.35709620077075,36.82852080294349,7.525076922068374,61,251.70144590759628,ArchType.II
10,146,1.3235038565865958,0.0,3.2709868807234925,16.354959146123868,36.30442462140534,7.800067670280701,61,250.59312104797732,ArchType.II
10,147,0.8938042629271222,0.0,3.2707462652543327,16.35377149873961,35.85470298637345,8.064051893210236,61,249.42638629913682,ArchType.II
10,148,0.8448468555460503,0.0,3.2707558679979964,16.353808848592283,35.39482295333805,8.296923003545189,61,248.23690287018178,ArchType.II
10,149,1.1271388412832157,0.0,3.270917176162215,16.35459496006512,34.933569631991595,8.49258354788078,61,247.01139215851168,ArchType.II
10,150,0.9518741009018191,0.0,3.2711586515691478,16.355846253010654,34.467711359189835,8.611342818152137,61,245.75257202148782,ArchType.II
10,151,1.0029676723012022,0.0,3.2714104616335877,16.357509120465792,33.95427328018715,8.67100151427606,61,244.4676941909823,ArchType.II
10,152,1.0041319819131125,0.0,3.271636501719123,16.358844854586515,33.33971603705275,8.739748324061472,61,243.15529865265245,ArchType.II
10,153,0.6990361050623751,0.0,3.2718148389215425,16.361031160884124,32.68232772515065,8.797614375283642,61,241.81591865539923,ArchType.II
10,154,0.7112092724551489,0.0,3.271937467911573,16.363416806249255,32.24172579740536,8.859085697092434,61,240.44917352295323,ArchType.II
10,155,0.973361341270499,0.0,3.272029245788651,16.36538470760363,32.02851470499132,8.943420479901384,61,239.06431127167144,ArchType.II
10,156,1.0424369016971808,0.0,3.2721248623027175,16.371993523651295,32.004282599266226,8.99728994853577,61,237.67294655609533,ArchType.II
10,157,1.04636070420473,0.0,3.2722352134532446,16.375808833048595,31.983337982977442,9.068143136804586,61,236.27938313293856,ArchType.II
10,158,1.1282613956992449,0.0,3.27235757908278,16.38720938271282,31.88636305842729,9.11058659464582,61,234.88512658691775,ArchType.II
10,159,1.1369038793206214,0.0,3.2724644518972563,16.395748561609988,31.66799783808112,9.149994743898525,61,233.4892531738319,ArchType.II
10,160,1.140861852720425,0.0,3.2725425207860215,16.4005045674158,31.312062253150057,9.196419668001244,61,232.0908439331095,ArchType.II
10,161,0.7781527866350273,0.0,3.272591337844536,16.419224989998607,30.83896275347991,9.215465555844997,61,230.68893005371478,ArchType.II
10,162,0.7889876873213936,0.0,3.272613572505509,16.429037257355272,30.261249074151042,9.21146394103876,61,229.28200620270167,ArchType.II
10,163,1.242551256968557,0.0,3.2726105180068537,16.428083424838054,32.03792280414792,9.07211346060169,61,227.87332046509164,ArchType.II
10,164,1.0401393686205167,0.0,3.272607544411404,16.42160456935934,31.088038920516297,8.869341792722954,61,226.48284626007472,ArchType.II
10,165,1.154294077279954,0.0,3.272617075337344,16.41618497813569,10.906761213680962,8.5602945523035,61,225.2145696411173,ArchType.II
10,166,1.2003049641280246,0.0,3.2726025881522456,16.39499430077358,12.536440929664737,8.656558919087951,61,224.20208456421307,ArchType.II
10,167,1.2513181021409525,0.0,3.271312248769401,16.376294706223298,29.69878245258446,8.67625747160413,61,223.3746726074259,ArchType.II
10,168,1.481891062014338,0.0,3.267030262750237,16.351569492419504,27.68484288367874,8.586917821619807,61,222.8110330505413,ArchType.II
10,169,1.4948964273000895,0.0,3.261201726413655,16.31508278629312,28.0653767892385,8.520028655421475,61,222.5150491943399,ArchType.II
10,170,1.5083796153740852,0.0,3.259261323483946,16.301425092661354,26.158371271960643,8.378270545237266,61,222.28198367309983,ArchType.II
10,171,1.5102157177983309,0.0,3.261339924260672,16.30958793465613,19.840206296709248,8.24300531814842,61,222.105883636479,ArchType.II
10,172,1.186139264481221,0.0,3.2640786457440067,16.32206852235898,20.80555067554056,8.139780926779448,61,221.98578480530244,ArchType.II
10,173,1.1799551233276409,0.0,3.2661658089299173,16.331772877631675,21.550354429263628,8.029234053092544,61,221.90415794373018,ArchType.II
10,174,1.183147445223018,0.0,3.2677701851964667,16.339371152504608,22.229435128251016,7.954663157321944,61,221.83643533325682,ArchType.II
10,175,1.1860892699052907,0.0,3.2690035905208052,16.34533123250585,22.82648576362557,7.9028828849980695,61,221.77988224792995,ArchType.II
10,176,1.2022015109334334,0.0,3.2698845071905054,16.34962408226187,23.377352386746733,7.850580193887092,61,221.74079293823786,ArchType.II
10,177,1.2006120592562535,0.0,3.27053690876677,16.35280967368285,23.858856755562382,7.802305701666322,61,221.71663359070385,ArchType.II
10,178,1.1981607962113052,0.0,3.2710352469261976,16.355260510493363,24.948171429975115,7.75887337287874,61,221.71771166992755,ArchType.II
10,179,1.1868931258755748,0.0,3.2714006467752177,16.3570595247328,25.29706898265739,7.714975068146375,61,221.74431671143168,ArchType.II
10,180,1.163077270380026,0.0,3.27166840514835,16.35838015058009,25.602065676162415,7.675347441448831,61,221.7931530456603,ArchType.II
10,181,1.1219471562620797,0.0,3.271872692123225,16.359405992873214,25.867649039744673,7.639919545196206,61,221.86204638672473,ArchType.II
10,182,1.0767720461434305,0.0,3.2720324658092537,16.360180825118007,26.094754623583547,7.607933876495552,61,221.9491497497616,ArchType.II
10,183,1.0240424747171861,0.0,3.2721583804647114,16.360812485851365,26.283411069746087,7.580160467832613,61,222.05291928101133,ArchType.II
10,184,1.2038398581331793,0.0,3.2722554475254046,16.361299905978186,26.4759755861326,7.5571832802935,61,222.1724002685603,ArchType.II
10,185,1.101595350934484,0.0,3.2723343291818536,16.361679073925867,26.663436114938193,7.536255171926223,61,222.30580564880927,ArchType.II
10,186,1.0670354609258659,0.0,3.272399384386357,16.361994405852947,26.833889459824423,7.510434421196961,61,222.45103465271546,ArchType.II
10,187,1.0978825596624306,0.0,3.2724443346096477,16.362223015139058,27.2131206267858,7.451098271500424,61,222.60766380310633,ArchType.II
10,188,1.0429900552053282,0.0,3.272481238613444,16.36240529307111,27.534416588448636,7.393472536995798,61,222.77589451599675,ArchType.II
10,189,1.0161029040104457,0.0,3.2725126928275383,16.362564120111447,27.65929642816966,7.358082203725381,61,222.95529173279357,ArchType.II
10,190,1.0297778784441758,0.0,3.272536387453057,16.362707449772444,27.754694802622694,7.3292670693078765,61,223.1460045013484,ArchType.II
10,191,1.0531234305097719,0.0,3.27255844401514,16.362813701791534,27.916947066397345,7.31196543145307,61,223.34884754944414,ArchType.II
10,192,1.0371586475554317,0.0,3.272584300206847,16.362935469305462,27.944536078506044,7.310871859695595,61,223.56201216126044,ArchType.II
10,193,1.0239984926672892,0.0,3.2726116883615277,16.363075953711864,28.002341673509406,7.315189252656473,61,223.7821845398007,ArchType.II
10,194,1.0112107357059712,0.0,3.2726377833218145,16.363203584188994,28.09923610800061,7.326624327677113,61,224.0080071411191,ArchType.II
10,195,0.9998875564938345,0.0,3.2726606051756484,16.363315654413736,28.2596943872276,7.337277532993315,61,224.23902577210032,ArchType.II
10,196,0.987997448730859,0.0,3.27267942896526,16.363405477420855,28.46622408364329,7.344805578828765,61,224.4745153350887,ArchType.II
10,197,0.9756787456273152,0.0,3.2726945471749356,16.363478117365432,28.647308372303957,7.357784093570508,61,224.7134898986875,ArchType.II
10,198,0.9629515270450244,0.0,3.2727060124680967,16.363532763981436,28.810795743361048,7.374139332016711,61,224.95517149353606,ArchType.II
10,199,0.9501361957313592,0.0,3.272714140484424,16.36357210899632,28.964628564323004,7.393524606027206,61,225.19895436096783,ArchType.II
11,0,0.0,0.0,1.9885834282637092,5.849692469762637,5.301381971563736,0.9443361841232951,61,3.7955810546874984,ArchType.II
11,1,0.0,0.0,2.2448132378351375,9.341516377720323,15.606456934715808,0.9693877360704335,61,7.7920907287597645,ArchType.II
11,2,0.0,0.0,2.478030425378428,11.285192853375072,27.430528355890097,2.146537661140793,61,11.840211242675782,ArchType.II
11,3,0.0,0.0,2.6591205376666083,12.588921397812362,39.71893758149509,4.3949119485061425,61,15.94619656372069,ArchType.II
11,4,1.3509182760912926,1.3509182760912926,2.8351882349134496,13.743417466149648,44.86178067531798,5.149243996200834,61,20.133192413330043,ArchType.II
11,5,1.4168700301469128,1.4168700301469128,2.9350647270450807,14.374492847927804,46.03505503534015,5.129483148716219,61,24.196177429199196,ArchType.II
11,6,2.386772447542736,2.386772447542736,3.0087979662437796,14.927580029849711,48.59613464997322,5.126205776312279,61,28.092491699218748,ArchType.II
11,7,1.9301753985181187,1.9301753985181187,3.084422185151858,15.363223789579221,50.84925878297647,5.193647909673863,61,31.69291476440433,ArchType.II
11,8,2.0578332793750156,2.0578332793750156,3.157271429133427,15.83613824916259,53.857672608931736,5.565206927809111,61,35.08711904907232,ArchType.II
11,9,2.274417392152737,2.274417392152737,3.2190131192177365,16.365598583555336,56.988996945116504,5.505836848711545,61,38.48400619506847,ArchType.II
11,10,1.9208265846927666,1.9208265846927666,3.258767280636183,16.686189678270562,58.9162652552152,5.5390510362503,61,42.121341766357496,ArchType.II
11,11,1.8112665958465506,1.8112665958465506,3.2813806940020664,16.851333498542495,59.896006245531986,5.6964038653753875,61,46.02823037719728,ArchType.II
11,12,1.5498309293186412,1.5498309293186412,3.2950610768602817,16.982403652497712,61.71812582149525,5.651875265959752,61,50.210161621093725,ArchType.II
11,13,1.3349953594084425,1.3349953594084425,3.2994438535610935,16.997151240123927,62.933773983544576,5.694471338982642,61,54.63143753051752,ArchType.II
11,14,1.0897611032535464,1.0897611032535464,3.2972469088071534,16.90222226398145,64.53372182954803,5.765788072443362,61,59.227031951904245,ArchType.II
11,15,0.859950897591645,0.859950897591645,3.2937347216441095,16.801582943169674,65.48686271068924,5.765100268594566,61,63.79672024536135,ArchType.II
11,16,0.7854857296281228,0.7854857296281228,3.2897648483406634,16.71318011764856,66.68991868748802,6.050421286685098,61,68.3519740600586,ArchType.II
11,17,0.6498069171755944,0.6498069171755944,3.2859501806404046,16.62843275085875,66.61418565461103,6.190162237673061,61,72.86011364746109,ArchType.II
11,18,0.6976958123680904,0.6976958123680904,3.2832297411116174,16.566374436595563,66.58128966602236,6.089802925970376,61,77.33161163330085,ArchType.II
11,19,0.5682160005274001,0.5682160005274001,3.2805619702164273,16.51091814364187,66.11485810469901,5.992818751041681,61,81.70788717651367,ArchType.II
11,20,0.41907097653973285,0.41907097653973285,3.2776393303261595,16.45463134010232,65.54689861233938,6.045062872433639,61,85.96175415039075,ArchType.II
11,21,0.3667381514024247,0.3667381514024247,3.2755508629166923,16.415416762545725,65.1201174127583,6.159477825234417,61,90.0778938598633,ArchType.II
11,22,0.3551190423099532,0.33183165985480884,3.2742370701893027,16.391960581714415,63.9708323931942,6.251827961707251,61,94.07471472167977,ArchType.II
11,23,0.4970144366634919,0.3441131066961024,3.2739693774742724,16.389631001159074,61.67195308309723,6.208201986630157,61,97.9748629455567,ArchType.II
11,24,0.3503046321855257,0.28576115751589626,3.273647714383413,16.381027086035026,59.16719333863627,6.18060472872035,61,101.85380105590816,ArchType.II
11,25,0.4097271952785397,0.26580307399176456,3.2736954226936255,16.376085843575623,56.88815884358547,6.1222802741146145,61,105.71056527709963,ArchType.II
11,26,0.4000731902619717,0.1683572463989482,3.273506385034287,16.370814208352588,55.21244281539423,6.1609956578716965,61,109.5475655517579,ArchType.II
11,27,0.3940331413568563,0.10407141942265552,3.273024586344285,16.363268783705145,53.876136534267985,6.324229506077439,61,113.36595599365252,ArchType.II
11,28,0.44253535827310986,0.06667990823982978,3.2727392149091306,16.361881391624674,52.42731335885653,6.372235367616548,61,117.13219177246118,ArchType.II
11,29,0.4253309823192152,0.06604309662733107,3.272632846042919,16.362079479931474,50.780535046743765,6.328876137270071,61,120.83046575927749,ArchType.II
11,30,0.42350999743484724,0.0,3.2726229624901495,16.362376532188613,49.10471621511002,6.278201747834818,61,124.48447052001963,ArchType.II
11,31,0.4101092769967092,0.03216353314023255,3.27277641350962,16.365057295757317,47.32980098856851,6.479201928983584,61,128.08480999755864,ArchType.II
11,32,0.4296120496619524,0.02558540928747114,3.272916571834245,16.366974200146316,46.405852695443436,6.658630229127592,61,131.62812457275373,ArchType.II
11,33,0.44709131619231834,0.04167630735768829,3.273294210342973,16.37508777402613,44.10941040075304,6.501365332113129,61,135.13306637573254,ArchType.II
11,34,0.42220095714187733,0.03908844713781346,3.273355309543919,16.377276079900962,41.47329136148869,6.371198789825835,61,138.63357803344746,ArchType.II
11,35,0.47516107977700217,0.0,3.273099526298412,16.373001445064304,38.757706952166174,6.113671034991542,61,142.14260958862297,ArchType.II
11,36,0.4641545591513201,0.0,3.2727205691938535,16.367464587496126,35.909098219246026,5.624488730414286,61,145.63519351196277,ArchType.II
11,37,0.5541127802726388,0.0,3.272425455167214,16.364063333186504,34.6582875728491,5.210475639449006,61,149.11185650634775,ArchType.II
11,38,0.5938345107735009,0.0,3.2721962477346427,16.361951142289055,31.046385670562795,4.888478845373227,61,152.58393023681668,ArchType.II
11,39,0.5225885526943415,0.0,3.2720285132161067,16.35997883150359,27.687229978979595,4.642196573580894,61,156.05158288574268,ArchType.II
11,40,0.7079425331984804,0.0,3.271693300437167,16.358420185650985,26.66424635335454,4.665491699972675,61,159.46374642944397,ArchType.II
11,41,0.6614766773119164,0.0,3.2709925988340895,16.35497087130791,22.58816356156872,4.952702479007091,61,162.8149977417001,ArchType.II
11,42,0.4983514816564539,0.0,3.2697098987784687,16.347905759259696,19.621210531913647,5.176804587314904,61,166.0934492492687,ArchType.II
11,43,0.7532450955662567,0.0,3.2681157483499073,16.340414155613097,16.944692615304664,5.604211531323911,61,169.31359988403443,ArchType.II
11,44,1.002955634921992,0.0,3.2671140577034996,16.339515580064365,18.88242011812098,5.446843311078929,61,172.42964562988385,ArchType.II
11,45,1.4868521472610734,0.0,3.267660205176594,16.340696999606052,17.768164448844463,5.65760703993557,61,175.3886120605481,ArchType.II
11,46,2.209472753504295,0.0,3.269043003252155,16.34574254950783,21.878201326916265,5.274657609567742,61,178.2805709075941,ArchType.II
11,47,1.6051099361472396,0.0,3.270380978022033,16.351541602107815,28.600748464679977,4.512251935152558,61,181.14942079162716,ArchType.II
11,48,2.3909653220570366,0.0,3.271383916634508,16.35686166100664,33.639680294564165,3.8265567361188113,61,184.00660516357556,ArchType.II
11,49,1.0400056934156543,0.0,3.2719338708274144,16.361305045683128,33.05150006101485,4.085740541895194,61,186.8516894683853,ArchType.II
11,50,2.429066178285371,0.0,3.2722805470247427,16.36077653591166,30.07618376350585,4.536109671425877,61,189.60104325866826,ArchType.II
11,51,2.804695274539378,0.0,3.272408984054552,16.361754519683178,32.53798603546525,4.005657266209222,61,192.21295327758918,ArchType.II
11,52,1.8381016673552404,0.0,3.272502916152847,16.363010591548456,33.5754598113645,3.99434470620768,61,194.75227095031892,ArchType.II
11,53,1.9883071734254611,0.0,3.272484684198307,16.361770494110555,33.96554020457532,4.450889367905948,61,197.31551533508463,ArchType.II
11,54,2.397145161407838,0.0,3.2722576103361547,16.361031589340733,34.36521512006742,4.195227672713865,61,199.98152569580247,ArchType.II
11,55,1.8633046873435757,0.0,3.2718886427989147,16.35936000997302,35.5390834232368,4.320685955312525,61,202.71421835327317,ArchType.II
11,56,1.6770923051321989,0.0,3.271955468549598,16.3591759009789,36.816162322518466,4.492383331011833,61,205.6243182373065,ArchType.II
11,57,1.745183064193508,0.0,3.272210086948308,16.36036693054314,36.851446689571226,4.109111060903596,61,208.68212554931813,ArchType.II
11,58,3.5301990645694685,0.0,3.272422829596763,16.360233686753553,39.11130900475503,3.688848356885238,61,211.8052722167987,ArchType.II
11,59,2.704823172795486,0.0,3.2725025597481197,16.361307305980393,45.39566931779838,2.623273795458298,61,215.0512383422867,ArchType.II
11,60,4.18812073112407,0.0,3.27253155382867,16.363221093278973,49.01967135406527,1.7551145195258464,61,218.2543763732928,ArchType.II
11,61,3.1515947350731697,0.0,3.2725932763124512,16.363388270636662,50.55374360118095,1.5642719027634082,61,221.4014371643085,ArchType.II
11,62,2.61674764955953,0.0,3.2726406257222025,16.36355240259027,51.54817985655155,2.294905556977517,61,224.60127398681828,ArchType.II
11,63,1.9393286013781932,0.0,3.2726413798018195,16.365407524421194,48.72813870299314,3.2310990304947977,61,227.91742755127126,ArchType.II
11,64,5.390657042626227,0.0,3.2724985236798045,16.360741262682925,39.02879404717351,2.7705284690626972,61,231.33824896240395,ArchType.II
11,65,3.339357934658197,0.0,3.2724036921741897,16.361528472262776,34.9209090596076,3.579744934752627,61,234.78704000854646,ArchType.II
11,66,2.2679492706874043,7.358066820559731e-25,3.272513224718309,16.36395636731699,49.844342952002684,4.1922443885140925,61,238.2872988891616,ArchType.II
11,67,3.6633797458023944,0.0,3.2721278269553244,16.3590943610234,44.650330083913076,5.116111917403752,61,241.77922720337062,ArchType.II
11,68,3.5776106929993303,0.0,3.269122250980403,16.34396410054542,43.872400905834176,4.349607163171938,61,245.11773190307764,ArchType.II
11,69,5.35894165539738,0.0,3.2472799994401567,16.236240668114547,42.67173883744418,3.7583345428341444,61,248.34827761840978,ArchType.II
11,70,2.1502513887382686,0.0,3.1958920399350275,15.983166540309673,36.88613921279679,3.5025701349584826,61,252.23435894775542,ArchType.II
11,71,1.6808734486372177,0.0,3.130154954880578,15.658212890858405,30.842684922649397,4.936961174981769,61,256.38955624389797,ArchType.II
11,72,5.683471538209322,0.0,3.078444697608343,15.399958103216017,31.893286087570527,6.669558028542726,61,258.8929030303969,ArchType.II
11,73,1.6328958159286227,0.0,3.055003700222658,15.284595684250831,76.20383332363103,5.9532971560825025,61,257.80559618377873,ArchType.II
11,74,0.6809479508978772,0.11523069429781815,3.0529426860050437,15.281833692191425,89.19994645609867,5.399844270254031,61,254.64006856537083,ArchType.II
11,75,0.7577247190811705,0.12989315131254017,3.0685086316798573,15.560136651175085,86.7068518290336,5.389320136550727,61,250.95161637878613,ArchType.II
11,76,0.7378262537894995,0.13823178049962181,3.1121547181690037,15.826669928957676,80.34694146189133,5.388532889785969,61,247.9028604507467,ArchType.II
11,77,0.7344075800636363,0.14820276519842734,3.1675889636639556,16.12676507004932,75.55677925491428,5.4004908270177685,61,245.3024213256855,ArchType.II
11,78,0.7308961682042595,0.1528653712991128,3.211940014966831,16.38212804899099,72.490674257686,5.410807000764881,61,242.9303977813738,ArchType.II
11,79,0.7180908905923141,0.14815332654278685,3.2408488851395694,16.555685076252402,71.04444305457464,5.403865502775898,61,240.65339476013378,ArchType.II
11,80,0.6933919310325224,0.13554925564321949,3.2575156403382945,16.643405195756515,71.6054693005697,5.380353122707747,61,238.41408825683772,ArchType.II
11,81,0.6820172466546764,0.12659986002968784,3.266657798715895,16.692368176633284,72.21997349992102,5.357742284812033,61,236.18752635193027,ArchType.II
11,82,0.9840861679711939,0.12714139247691986,3.2698689093694737,16.595648815408627,73.17401953286107,5.341119979245147,61,233.9729844512956,ArchType.II
11,83,1.0194511592703819,0.13486205025340486,3.2697224201666035,16.407208368987693,73.77584849347797,5.338810523230782,61,231.77253663635406,ArchType.II
11,84,1.3679704052167283,0.15404322071746415,3.2691421182780807,16.275016141436097,75.24162171781748,5.332150386898732,61,229.59074246215988,ArchType.II
11,85,2.70927499259147,1.0067100512642977,3.2648902622351494,16.123240720376813,76.27423564586766,5.958646747723127,61,227.4149565277118,ArchType.II
11,86,0.9388556961453167,0.8667649235776571,3.2692921120957537,16.291429225548658,50.620313868640295,8.46839236735055,61,225.60604885864456,ArchType.II
11,87,1.4768100661884282,0.6160592794916383,3.264881859052516,16.322229740138898,49.85208103831184,8.436158478152166,61,225.9508861694356,ArchType.II
11,88,0.8141025323838554,0.10751749845377741,3.2525017182391345,16.291056554225165,48.560855038049084,8.329488468077463,61,227.25549345398179,ArchType.II
11,89,0.6196703913127437,0.0,3.2512106817837516,16.29258521944511,48.96311984992748,8.308624015071958,61,228.646149185183,ArchType.II
11,90,0.5424305417189341,0.1152785040759166,3.2576188743432457,16.3077279267088,49.39628251309113,8.30113699826557,61,230.10910118103266,ArchType.II
11,91,0.483754275314154,0.18053038325060058,3.2631457442304685,16.31452976019136,49.45711503913345,8.298506665943968,61,231.5872117462181,ArchType.II
11,92,0.44944257340573457,0.21832692221355474,3.266564673140634,16.316064183279494,49.8758221735283,8.290624402471204,61,233.07226109314178,ArchType.II
11,93,0.5394817702629762,0.21255465923013334,3.2685208962332766,16.318345019712336,50.9279937608551,8.272718718375726,61,234.5732676239034,ArchType.II
11,94,0.5731905621991098,0.14893622168145204,3.2696967035595814,16.321444360611107,52.53213005086239,8.250396363833525,61,236.11054766845922,ArchType.II
11,95,0.8106607378443987,0.18108502941205323,3.2703082361047717,16.31811906555974,53.236487962922524,8.242074039943635,61,237.70171203613512,ArchType.II
11,96,0.8119047797739531,0.14863689844986844,3.2707221485062896,16.321236908811496,54.1920826591417,8.23161336552019,61,239.31978457641833,ArchType.II
11,97,2.397714001719601,0.23552225402531765,3.271513527487738,16.335418979100496,54.93889842091612,8.2231185685449,61,240.97158322143792,ArchType.II
11,98,0.9133113595285587,0.2110462546737019,3.2713838085918296,16.32179861184865,55.56702929335964,8.221332719429068,61,242.6531733093284,ArchType.II
11,99,1.154222923007518,0.13981033666132875,3.2714451421086927,16.318736673028276,56.16792058606556,8.218373829718336,61,244.34085321045154,ArchType.II
11,100,1.2938907403438988,0.1364090439732286,3.2723013619274695,16.337346053182678,56.70511113297519,8.216526213567235,61,246.0312769012474,ArchType.II
11,101,1.364484512718699,0.04672518075052378,3.2728935728687483,16.353010958265237,57.24799649580451,8.21347379281082,61,247.72290052795637,ArchType.II
11,102,2.1367772422184648,0.0,3.272853800627053,16.356439473117092,57.89261651521702,8.181412148399662,61,249.41035887146228,ArchType.II
11,103,2.1382541934502455,0.3238400428854411,3.274137110656678,16.386438629016396,58.274496333923,8.210409547527563,61,251.1009250640891,ArchType.II
11,104,1.5053161164821582,0.6271121161443748,3.2792192857085056,16.497323205296887,57.75466071561938,8.343650163550798,61,252.51957611084225,ArchType.II
11,105,1.543575734946794,0.5424656913521513,3.28252790292537,16.575473633948384,58.23373544087035,8.293523162601534,61,253.05466897583273,ArchType.II
11,106,2.1168843247151474,0.4923056756203663,3.2820182263380206,16.576719874806347,59.28750077250951,8.294500289826011,61,252.81462489319136,ArchType.II
11,107,2.1114321914301604,0.5868127098076031,3.282640525700687,16.591488046077057,59.53085403115515,8.298032932391092,61,252.24399267578394,ArchType.II
11,108,2.0468209478639237,0.5858609858279885,3.284101808994605,16.61723216411511,59.54829210066639,8.298382838331172,61,251.63443681335724,ArchType.II
11,109,0.5583359756910425,0.5137535731129391,3.2854829375196153,16.661058398784792,59.52770515039914,8.29806964881774,61,251.03208157348888,ArchType.II
11,110,0.5655653360426224,0.5655653360426224,3.2871414746893817,16.714977783265066,59.37070690046011,8.297862510794994,61,250.43050682068144,ArchType.II
11,111,0.582988858174345,0.582988858174345,3.288768212844522,16.7615748824869,59.14243297756754,8.29769947435516,61,249.8292019653348,ArchType.II
11,112,0.610972896321913,0.610972896321913,3.289429562620837,16.78005062678056,58.89654844462184,8.297584284448247,61,249.22513217163345,ArchType.II
11,113,0.6323484335618793,0.6323484335618793,3.290104524096822,16.798924485181843,58.67196373632336,8.297445305636739,61,248.61687846374798,ArchType.II
11,114,0.6525866654822912,0.6525866654822912,3.2914292951033746,16.834309452969794,58.49354665382016,8.297169731298629,61,248.00477569580391,ArchType.II
11,115,0.6654572451548825,0.6654572451548825,3.2923773036511546,16.85924053584402,58.30424421773318,8.29747531433805,61,247.38923979187354,ArchType.II
11,116,0.6799252263216744,0.6799252263216744,3.293092719686582,16.879261283928017,58.11246197472502,8.29729684604025,61,246.76944142151194,ArchType.II
11,117,0.6946056478299094,0.6946056478299094,3.2937308157220175,16.896083147892938,57.92966564728146,8.297233332223433,61,246.14659613037446,ArchType.II
11,118,0.7078679332982438,0.7078679332982438,3.294293878148217,16.909965809482614,57.74368157633184,8.29715295206042,61,245.52089929199576,ArchType.II
11,119,0.716307709586024,0.716307709586024,3.29473736506122,16.92037881909787,57.560102926388474,8.297117474547921,61,244.89220437622453,ArchType.II
11,120,0.7318086068636385,0.7318086068636385,3.2950849088961167,16.92824549222108,57.37257402156217,8.297023841997001,61,244.26056324768422,ArchType.II
11,121,0.7437891813919184,0.7437891813919184,3.295376495250314,16.934478814364976,57.18714398797032,8.296945185527518,61,243.62599504089695,ArchType.II
11,122,0.7561391972589175,0.7561391972589175,3.295625896805477,16.939552779576708,57.00156542456438,8.296876286321012,61,242.98854759216647,ArchType.II
11,123,0.7522055332928347,0.7522055332928347,3.2956750950927014,16.942027276873713,56.840323414671715,8.29647993013193,61,242.34823701477416,ArchType.II
11,124,0.7597327280405387,0.7597327280405387,3.2947752861804678,16.93284977716868,56.77831354322527,8.29600886592365,61,241.705466140751,ArchType.II
11,125,0.8121894230768384,0.8121894230768384,3.2955360373021403,16.961331745892576,56.271857747704736,8.295629907419634,61,241.0616126556434,ArchType.II
11,126,0.8197578655884931,0.8197578655884931,3.29611185718658,16.982038450106018,55.53895306400781,8.295624453325882,61,240.40872817993522,ArchType.II
11,127,0.8365681059928061,0.8365681059928061,3.2966042481830966,16.99847336734115,55.01991683487777,8.296278809116268,61,239.74458605957398,ArchType.II
11,128,0.8504078171937778,0.8504078171937778,3.2970629381079366,17.012854146470815,54.554492573223804,8.296189936111118,61,239.07365017700573,ArchType.II
11,129,0.8504460924641578,0.8504460924641578,3.296784962481189,17.009733159149686,53.72412044045506,8.295582659905342,61,238.3980635986366,ArchType.II
11,130,0.8725487800422074,0.8725487800422074,3.2966077017803874,17.008637708351074,52.90510696408274,8.29541760282182,61,237.71779208374397,ArchType.II
11,131,0.8949247808159233,0.8949247808159233,3.2966969624001066,17.01419539468098,52.15974317741958,8.295136190283026,61,237.03458493042388,ArchType.II
11,132,0.9123503760888511,0.9123503760888511,3.296949640751005,17.023527205913947,51.465255073033674,8.294179698680692,61,236.35019647217172,ArchType.II
11,133,0.9282632121340805,0.9282632121340805,3.2972681665620427,17.03445221808245,50.80701454539509,8.293060026191478,61,235.67034642029176,ArchType.II
11,134,0.9299468604157985,0.9299468604157985,3.2975783977129294,17.044332684641034,50.245661739080575,8.292057732590598,61,235.00106567383153,ArchType.II
11,135,0.8944143021201848,0.8944143021201848,3.2961947962870766,17.014351172128904,49.66538453248843,8.290643179043322,61,234.3431689605746,ArchType.II
11,136,0.8797596554936218,0.8797596554936218,3.2926130599866523,16.933648126354825,49.064301390508376,8.290328509252154,61,233.70160557556483,ArchType.II
11,137,0.8774497506038926,0.8774497506038926,3.2900371637173733,16.874973591506897,48.48600796074621,8.290102242942682,61,233.0793574829134,ArchType.II
11,138,0.8787312368280888,0.8787312368280888,3.2878773763590297,16.825709246190183,47.85668182055679,8.29062408672009,61,232.4714839477569,ArchType.II
11,139,0.8845720539414028,0.8845720539414028,3.286650394018744,16.798085007544753,47.174271965286565,8.289554464967262,61,231.87863201904622,ArchType.II
11,140,0.8900981631239536,0.8900981631239536,3.2860468668686504,16.784914788568788,46.40195263683859,8.292316337219065,61,231.35892633056983,ArchType.II
11,141,0.8948693708719918,0.8948693708719918,3.285868717960601,16.782109040796815,45.71280723895996,8.30182496339688,61,230.9556189575232,ArchType.II
11,142,0.8976144123707485,0.8976144123707485,3.2859141520763795,16.78492080181758,45.10951291698061,8.318687411664948,61,230.70487011719098,ArchType.II
11,143,0.8614757514798786,0.8614757514798786,3.285384901361982,16.770636783897523,44.71270914620777,8.327225656697543,61,230.60901422119485,ArchType.II
11,144,0.8263797733014323,0.8263797733014323,3.28494363672898,16.75723072090092,44.46485934865781,8.333873882170773,61,230.59029512024296,ArchType.II
11,145,0.7943685975940205,0.7943685975940205,3.284664320765247,16.743486913896472,44.32302917145443,8.337731358726947,61,230.61189447021832,ArchType.II
11,146,0.7805935325112769,0.7805935325112769,3.284535458574885,16.732526586105234,44.23263242713923,8.34027943686607,61,230.65755548096035,ArchType.II
11,147,0.7792795463711047,0.7792795463711047,3.2844710258712144,16.725450746938865,44.17508106637164,8.340359554606843,61,230.71145339966154,ArchType.II
11,148,0.7764507601241494,0.7764507601241494,3.284424224804313,16.72073641426508,44.12650193347047,8.34074209068161,61,230.7646231994663,ArchType.II
11,149,0.7682826291666144,0.7682826291666144,3.284310469578463,16.714747348810484,44.079336830576956,8.340663494690366,61,230.8194113769568,ArchType.II
11,150,0.7528711419438301,0.7528711419438301,3.2841762194577995,16.70724825243909,44.059552147922865,8.340595943597275,61,230.87570765686417,ArchType.II
11,151,0.7513016143684275,0.7513016143684275,3.2841042723052714,16.702263963858265,44.06866443599937,8.340317010882954,61,230.93097570801143,ArchType.II
11,152,0.7504234357133971,0.7504234357133971,3.2841505431858247,16.701174609442937,44.090533994498294,8.339941652103716,61,230.9845120849647,ArchType.II
11,153,0.749757639894216,0.749757639894216,3.284277140583772,16.70265550617387,44.12349346072137,8.339489723190924,61,231.03602976990095,ArchType.II
11,154,0.7494370280505619,0.7494370280505619,3.284462756804608,16.70597189185855,44.16652062106259,8.338976248813527,61,231.08532130432508,ArchType.II
11,155,0.7494547064708138,0.7494547064708138,3.284693387724548,16.710665909731865,44.2179422742841,8.338417518700615,61,231.1322361297648,ArchType.II
11,156,0.7497459413028442,0.7497459413028442,3.2849562891893087,16.716350453904187,44.275516505960326,8.3378289268371,61,231.17667102051178,ArchType.II
11,157,0.7502976888834759,0.7502976888834759,3.285240820187487,16.72271775785902,44.33733682161523,8.337222265773432,61,231.21852828979866,ArchType.II
11,158,0.7532522098489565,0.7532522098489565,3.285555016935748,16.730080499194735,44.40112776385364,8.336651021663066,61,231.25772787475955,ArchType.II
11,159,0.7565654431627918,0.7565654431627918,3.2859324634759792,16.739093405687804,44.467948967699144,8.336134321286554,61,231.29409152222019,ArchType.II
11,160,0.7619660996688131,0.7619660996688131,3.2863155490295224,16.74894092560377,44.52902109552624,8.335707731441465,61,231.3280754394563,ArchType.II
11,161,0.7592327315991587,0.7592327315991587,3.2865836192364783,16.755560926648243,44.584222936410185,8.33527030132205,61,231.36009957886057,ArchType.II
11,162,0.7605242030350697,0.7605242030350697,3.286851671754229,16.76201252607381,44.639376940511774,8.334613599115979,61,231.3891281585726,ArchType.II
11,163,0.77196696244606,0.77196696244606,3.2871690982427286,16.770085267989806,44.69414063836,8.334111261186465,61,231.41482431030573,ArchType.II
11,164,0.7715818473843495,0.7715818473843495,3.2875205371254395,16.779106773489485,44.7459882281524,8.33343481369685,61,231.43781494140916,ArchType.II
11,165,0.7709373239892481,0.7709373239892481,3.2878924165776975,16.788347711787132,44.79709925753132,8.332952798426838,61,231.45861366272248,ArchType.II
11,166,0.773625420289582,0.773625420289582,3.288206847638792,16.796078963131603,44.84649831324737,8.332534260132313,61,231.4774707336452,ArchType.II
11,167,0.7763035550500198,0.7763035550500198,3.2885104419224365,16.803697654671794,44.89316846047507,8.332154296507278,61,231.49408000183337,ArchType.II
11,168,0.7856621914838874,0.7856621914838874,3.2888035282431427,16.811041537122772,44.93645602742383,8.331439303652475,61,231.50868769836677,ArchType.II
11,169,0.7795650131976831,0.7795650131976831,3.289064869912463,16.817578339395975,44.978721158396134,8.331135705760968,61,231.5215727844265,ArchType.II
11,170,0.7920257331338543,0.7920257331338543,3.2892749406561976,16.823571669899213,45.02007346855669,8.33197988825623,61,231.53279266357703,ArchType.II
11,171,0.7842199703250999,0.7842199703250999,3.2895418139352746,16.830674542815196,45.048716442927514,8.330787271664148,61,231.54299237060815,ArchType.II
11,172,0.7850901597967547,0.7850901597967547,3.289717746599443,16.8345746055894,45.080652875040734,8.33057907960091,61,231.55280032348907,ArchType.II
11,173,0.7860151488436755,0.7860151488436755,3.289871638410349,16.838187277986627,45.11053386620909,8.33038734747467,61,231.56135043335257,ArchType.II
11,174,0.7868815068130874,0.7868815068130874,3.2900073553722033,16.84148776327052,45.13826759672967,8.33021197764875,61,231.5686910400422,ArchType.II
11,175,0.7876583741952616,0.7876583741952616,3.290126847495479,16.844459068361655,45.16383456980994,8.330053097268774,61,231.57487652588236,ArchType.II
11,176,0.7883312635685156,0.7883312635685156,3.2902312386423604,16.847093984071353,45.18725147984148,8.329910639299621,61,231.57997235107757,ArchType.II
11,177,0.788806290277859,0.788806290277859,3.2903200139681648,16.84932692803003,45.2088050377139,8.32978831200377,61,231.58403340149266,ArchType.II
11,178,0.7759445544020975,0.7759445544020975,3.2903853745358624,16.850707015743517,45.230755345763036,8.32970755673751,61,231.58715081787432,ArchType.II
11,179,0.775868713744939,0.775868713744939,3.290435693539933,16.851834946658,45.25135922738905,8.329650757621854,61,231.58968261719053,ArchType.II
11,180,0.7757384098130479,0.7757384098130479,3.2904745766270356,16.852745226332747,45.27057116054394,8.329604853691539,61,231.5916559906035,ArchType.II
11,181,0.7853328542468626,0.7853328542468626,3.290510185571455,16.85357117869884,45.28670510007209,8.3289935060285,61,231.5931092071562,ArchType.II
11,182,0.7753014787744907,0.7753014787744907,3.290519505405583,16.85377990295942,45.30606715614195,8.3295549732116,61,231.59421900940225,ArchType.II
11,183,0.7971501047864138,0.7971501047864138,3.290538244565174,16.854247469159727,45.3198960045962,8.32897576789285,61,231.59480815124823,ArchType.II
11,184,0.7969530371151647,0.7969530371151647,3.29054302835374,16.854389053535822,45.33454847052292,8.328953985274916,61,231.5950941619904,ArchType.II
11,185,0.796218298210891,0.796218298210891,3.2905400458673397,16.854320769270668,45.34848469083251,8.328964684285411,61,231.59497381592104,ArchType.II
11,186,0.7959691232171621,0.7959691232171621,3.2905314571911033,16.854110297821656,45.36123238393043,8.328956955830911,61,231.59449645996392,ArchType.II
11,187,0.7950791954887338,0.7950791954887338,3.2905156420095065,16.85370826086857,45.37348285241505,8.328986159177893,61,231.59366662597984,ArchType.II
11,188,0.7947767581858645,0.7947767581858645,3.2904952284293434,16.853193654664892,45.38462402583064,8.328991822706692,61,231.59253718567248,ArchType.II
11,189,0.7937758575638519,0.7937758575638519,3.2904683225261646,16.85250740406622,45.39541533406762,8.329036814536085,61,231.59110914612148,ArchType.II
11,190,0.7933925118236641,0.7933925118236641,3.290437634911965,16.85173073649507,45.40518153548766,8.329057557479505,61,231.58942279053093,ArchType.II
11,191,0.7923446021083698,0.7923446021083698,3.290401237728067,16.850803450479702,45.41465424810363,8.329115067420421,61,231.58748013306007,ArchType.II
11,192,0.7918387593227566,0.7918387593227566,3.2903615146454204,16.8497969264416,45.42322469743669,8.32915316186182,61,231.5853300170935,ArchType.II
11,193,0.7908381854947595,0.7908381854947595,3.290315803772381,16.848612545888653,45.43154796636335,8.329211789469648,61,231.58297193909078,ArchType.II
11,194,0.7899416121322812,0.7899416121322812,3.2902659585383183,16.847327755388182,45.439477030792744,8.329279319068938,61,231.58046430969603,ArchType.II
11,195,0.7891452485603693,0.7891452485603693,3.290212487477654,16.84595658409947,45.447081623533315,8.329354786797701,61,231.5778166961706,ArchType.II
11,196,0.7655759508870709,0.7655759508870709,3.2901465811146524,16.844242312194083,45.45690654187503,8.33002994877602,61,231.5750517578159,ArchType.II
11,197,0.7638777712739834,0.7638777712739834,3.290086581495203,16.8426858177539,45.464109919209136,8.330112415205894,61,231.57211914062856,ArchType.II
11,198,0.7731529906047575,0.7731529906047575,3.2900321117320375,16.841296990596383,45.46854340599298,8.329618406914983,61,231.56912358093632,ArchType.II
11,199,0.7720138737393611,0.7720138737393611,3.289965911981793,16.839575888086024,45.47545814299787,8.329721481830548,61,231.56616931152718,ArchType.II
12,0,0.0,0.0,2.052612989131742,6.375412938178207,9.447980868145981,0.7259882819346266,61,4.6522819213867175,ArchType.II
12,1,0.0,0.0,2.290244655796642,10.039863838876059,22.784516117805268,1.1222060307794548,61,9.163990600585928,ArchType.II
12,2,0.0,0.0,2.5002548398378925,11.671144233711741,37.9632825261339,3.241386245009202,61,13.613079040527351,ArchType.II
12,3,0.0,0.0,2.6599283626037136,12.888245200992573,51.794939169655756,5.562687198916295,61,17.897703247070336,ArchType.II
12,4,2.605484943783422,2.605484943783422,2.8321103599076674,13.976037266343207,51.30587708688361,5.624013117653848,61,21.98129614257815,ArchType.II
12,5,2.0679923723421423,2.0679923723421423,2.915627954939665,14.374757186138078,52.49275679371396,5.822099788245725,61,25.95482223510746,ArchType.II
12,6,1.0665001285883227,1.0665001285883227,3.0502206436400088,15.891755281188168,56.273224769792805,5.46311178207843,61,29.916414428710976,ArchType.II
12,7,1.163667510307905,1.163667510307905,3.1012901882555055,15.747748598552164,57.45327408981507,5.867238266450321,61,33.85966467285157,ArchType.II
12,8,1.1326046932743399,1.1326046932743399,3.1562458819332186,15.892532914091273,58.653344769290385,5.882921939477449,61,37.80937231445308,ArchType.II
12,9,0.8897457513111807,0.8897457513111807,3.194985463297254,16.016838293726433,59.80851085852032,5.899358870255209,61,41.73547198486322,ArchType.II
12,10,0.7948321861282542,0.7948321861282542,3.2206320570504596,16.12212853748079,60.738627047295665,5.871496179738116,61,45.63280541992186,ArchType.II
12,11,0.5973350048632018,0.5973350048632018,3.2374738101390674,16.203761487580696,61.88311722173773,5.914804375513485,61,49.45531884765621,ArchType.II
12,12,0.6069141640693906,0.6069141640693906,3.249290662722755,16.273854882414884,63.12166579396717,6.05513984290819,61,53.17259844970702,ArchType.II
12,13,0.5294760614577105,0.5294760614577105,3.2575309112336726,16.329375309033377,63.99207762476545,6.047030102610926,61,56.76839297485348,ArchType.II
12,14,0.46631356449990474,0.46631356449990474,3.26272888612942,16.35943173656322,64.71835217520301,6.094529121064737,61,60.24199444580076,ArchType.II
12,15,0.41372476544777526,0.41372476544777526,3.266544889633699,16.377790720148198,65.1400173134234,6.230350572219933,61,63.64055334472659,ArchType.II
12,16,0.3928286822637702,0.3928286822637702,3.26908242196731,16.392771505840415,65.77823858308955,6.234910373130406,61,67.01828784179682,ArchType.II
12,17,0.35293144750185623,0.35293144750185623,3.2696277856521414,16.395817821212283,66.40369123818036,6.334154824979998,61,70.44402380371096,ArchType.II
12,18,0.3474577813488461,0.3474577813488461,3.269320028219766,16.402187141515476,67.06113904631356,6.413368722618364,61,73.88590225219716,ArchType.II
12,19,0.32243221999270333,0.32243221999270333,3.267812846259409,16.39485435340151,67.33984808337217,6.430694183602782,61,77.26165582275382,ArchType.II
12,20,0.29914969393975377,0.29914969393975377,3.26641092525087,16.384941352642752,67.92316032863913,6.463527235389941,61,80.5071909179687,ArchType.II
12,21,0.29543695497001965,0.29543695497001965,3.266060254573538,16.38220940634696,68.54847644492013,6.555106843057853,61,83.57794474792487,ArchType.II
12,22,0.27776962760592416,0.27776962760592416,3.2666228245170257,16.38507254578339,68.81578158654949,6.49842313858222,61,86.47328889465345,ArchType.II
12,23,0.26227672957083553,0.26227672957083553,3.267679235432689,16.388178173864016,69.53573928510873,6.577979700759188,61,89.18925898742674,ArchType.II
12,24,0.2486889589473186,0.2486889589473186,3.268985290634,16.391780582405477,69.89172221872265,6.5844092439073085,61,91.73222279357921,ArchType.II
12,25,0.23743774506110785,0.23743774506110785,3.270543801272842,16.39671831975341,70.28988670920532,6.700712231236427,61,94.1319737701416,ArchType.II
12,26,0.26297103321572485,0.26297103321572485,3.2727245648056935,16.41387793481685,70.70597231116513,6.799381810478828,61,96.38340652465826,ArchType.II
12,27,0.2538004428376065,0.2538004428376065,3.2747555626603897,16.432170012955893,71.50834075076682,6.7346565765349276,61,98.58621292114262,ArchType.II
12,28,0.24519962580502866,0.24519962580502866,3.2760961070564947,16.441699387394745,71.19581276392347,6.714086801595536,61,100.78232928466815,ArchType.II
12,29,0.2368543669283171,0.2368543669283171,3.276834864641207,16.445260546442928,70.25887815650384,6.756950344545591,61,102.94778207397476,ArchType.II
12,30,0.22880983749606465,0.22880983749606465,3.277146541448689,16.44519075369336,68.75906810925999,6.8418163452363565,61,105.09971984863301,ArchType.II
12,31,0.21308373011014264,0.21308373011014264,3.277277453941895,16.44547665795986,66.7549452414165,6.7873779137148285,61,107.22156455993664,ArchType.II
12,32,0.20616638910059643,0.20616638910059643,3.2770217254804033,16.438870061969855,61.78760201282693,6.62991337261746,61,109.30120506286619,ArchType.II
12,33,0.15431441709761987,0.15431441709761987,3.275800139309928,16.41185698508713,59.23848304330086,6.63822650252636,61,111.34102864074706,ArchType.II
12,34,0.1284168729162259,0.1284168729162259,3.2746847516938766,16.387384237953306,57.04759469697354,6.799318689600284,61,113.3412659149171,ArchType.II
12,35,0.12355988311840586,0.12355988311840586,3.2738386286900805,16.36900537757616,55.18315666819588,7.103796702602649,61,115.281923828125,ArchType.II
12,36,0.12060082829399207,0.12060082829399207,3.273424811933364,16.361246156490406,53.44172378593611,7.185983003604255,61,117.1470331115724,ArchType.II
12,37,0.116565374392921,0.116565374392921,3.2730911506365086,16.357745570642567,51.809622049060316,7.158292622198408,61,118.94771646118167,ArchType.II
12,38,0.11135967140769579,0.11135967140769579,3.2727621684252277,16.355752602166636,50.25525516173314,7.076078082606733,61,120.71481066894543,ArchType.II
12,39,0.10668590915118255,0.10668590915118255,3.2724376469993683,16.354365012944474,48.758062587550896,6.950047851183951,61,122.46333079528824,ArchType.II
12,40,0.08907565160539961,0.08907565160539961,3.2718636162209083,16.347550952455002,47.45672437570391,7.003584116106408,61,124.19796076965338,ArchType.II
12,41,0.08491703083603079,0.08491703083603079,3.271420489054607,16.34118791535211,46.18285885157528,7.114824103094244,61,125.92043579101568,ArchType.II
12,42,0.08029345753623943,0.08029345753623943,3.2712553234355255,16.33902217610803,44.97588223754191,7.1905567577720415,61,127.62608502197284,ArchType.II
12,43,0.0760937802234887,0.0760937802234887,3.271274359691174,16.339183685281203,43.80918970544645,7.2368952828630855,61,129.30747570800824,ArchType.II
12,44,0.07226423813123935,0.07226423813123935,3.2713951169098507,16.3405049482358,42.66238883547621,7.2603042092692,61,130.95612017822324,ArchType.II
12,45,0.06873064366648184,0.06873064366648184,3.2715470685332684,16.342252056783334,41.51904986975213,7.268524334987723,61,132.56944483947805,ArchType.II
12,46,0.06542529262553985,0.06542529262553985,3.271689945090796,16.34403465238943,40.36632393646219,7.27112652830498,61,134.14667222595247,ArchType.II
12,47,0.06239011195788394,0.06239011195788394,3.2718166682061756,16.345730554226794,39.19501563309357,7.279433339022011,61,135.6870163116458,ArchType.II
12,48,0.0595713399422553,0.0595713399422553,3.271929979160853,16.347308270432258,37.999219352865815,7.306460383182733,61,137.19061456298843,ArchType.II
12,49,0.05695072709184887,0.05695072709184887,3.2720282110111474,16.34874181955966,38.15821867925919,7.306739440953388,61,138.65797555542,ArchType.II
12,50,0.0819106482473004,0.0,3.272127098689227,16.35396937204153,37.313539604055556,7.1187203066089575,61,140.08934602355944,ArchType.II
12,51,0.0884956192622728,0.00838693393708141,3.2721920397753514,16.357551288261995,36.29649976038674,6.7930852314014984,61,141.4889667816162,ArchType.II
12,52,0.07814532263673471,0.007181215778826164,3.272228808353073,16.35941659235991,36.44731519158118,6.4318240290237005,61,142.8612896270753,ArchType.II
12,53,0.06881436192806625,0.0060781039467984466,3.272247288271601,16.360360527408588,35.03185990791472,5.923091876288695,61,144.2064892883299,ArchType.II
12,54,0.059765531446407616,0.005005155161834389,3.272254108910576,16.360825190749686,33.51681400124354,5.525611412543034,61,145.52507987976063,ArchType.II
12,55,0.050906607745468874,0.003952650374666187,3.272254527934778,16.361044839714175,33.40573657302774,5.190372196248803,61,146.81791993713384,ArchType.II
12,56,0.05216040695266784,0.002916659107074543,3.272242794286836,16.361096063834033,31.780365955370392,4.883500310604307,61,148.08391627502468,ArchType.II
12,57,0.06165560845057778,0.0018947976648900136,3.272219207027074,16.361034944899593,31.61589576850089,4.793725392083705,61,149.32594712829612,ArchType.II
12,58,0.07104497392965359,0.000886013927463484,3.2721929420632763,16.360933782574563,29.90962138655755,4.6829688271117,61,150.5460090332036,ArchType.II
12,59,0.04831321928596358,0.006666413698538679,3.2721709839152227,16.36082553632513,29.722302812830367,4.851542662478025,61,151.74527272033757,ArchType.II
12,60,0.06386670551731381,0.01200077795551572,3.272159457859005,16.360826821268066,27.97874738416564,5.111318541028708,61,152.92238719177342,ArchType.II
12,61,0.06023197439305628,0.010764936245591302,3.272163183765195,16.36083384931986,27.728253457654247,5.556628005643504,61,154.06188369751052,ArchType.II
12,62,0.055702862049535035,0.009147701918142336,3.2721794665083963,16.36089465443118,25.908806570293216,6.09515848481808,61,155.1614766693124,ArchType.II
12,63,0.08470349073585881,0.0,3.2721948217777617,16.360647369657702,25.8535982488917,6.369521469296513,61,156.22258860778905,ArchType.II
12,64,0.08698763619171193,0.0,3.27221863775468,16.36101219914304,24.47266633023687,6.435370579101897,61,157.25031483459586,ArchType.II
12,65,0.3575671318923015,0.0,3.272257605318088,16.36133219402845,24.691884803913418,6.3707216823775354,61,158.25217773437603,ArchType.II
12,66,0.17385288611688532,0.0,3.272310643622807,16.363069551138324,23.902593132172477,6.324790833733373,61,159.2278545379651,ArchType.II
12,67,0.39011283935273483,0.0,3.272375383540039,16.3628408147788,24.853224692346654,6.147990189408007,61,160.18880430603164,ArchType.II
12,68,0.4975177307047779,0.0,3.272442926793859,16.362798176496472,24.128788150177375,6.206989660478939,61,161.13502149963526,ArchType.II
12,69,0.517151914092652,0.0,3.2725036841494193,16.362815509203536,24.97324382396178,6.121731831265674,61,162.065840438844,ArchType.II
12,70,0.39684401657186325,0.0,3.272553120650646,16.36291459116573,25.78540258658894,6.245864567764911,61,162.97158560180796,ArchType.II
12,71,0.40636505487538804,0.0,3.272618090996928,16.363159293656675,24.81601457284247,6.238847531443485,61,163.85944502258403,ArchType.II
12,72,0.42428876954359396,0.0,3.272669463800539,16.363379369668884,25.585388001853076,6.400115218344318,61,164.7168583984387,ArchType.II
12,73,0.42577718988737057,0.0,3.2726819192898167,16.36341292215261,24.775348935317396,6.520041292116688,61,165.53189434814558,ArchType.II
12,74,0.46722079984182974,0.0,3.2726640870449217,16.36327183922169,25.499393029366686,6.6803216441857165,61,166.30084480285765,ArchType.II
12,75,0.5707728688175239,0.0,3.2726389455385365,16.367661171731406,25.140025751565936,6.923879194791816,61,167.01488673400988,ArchType.II
12,76,0.8350650643774836,0.0,3.272632623553374,16.393105078201984,26.615468793071248,6.688791442851916,61,167.67940348816032,ArchType.II
12,77,1.4302632666221171,0.0,3.2726481042332893,16.381126439003534,28.236112909311878,6.582916281711681,61,168.32002626037738,ArchType.II
12,78,1.304276506673452,0.0,3.272665777134247,16.373612330769735,29.403056392829846,6.55670269606624,61,168.9454673004162,ArchType.II
12,79,1.3778902622349332,0.0,3.2726817654659692,16.36949148443954,28.74487507520998,6.50841342449438,61,169.55523918151974,ArchType.II
12,80,0.9391682003240385,0.0,3.2726940521719627,16.367297037684743,29.402849596776644,6.414057764966099,61,170.14594955444434,ArchType.II
12,81,0.7125450795041282,0.0,3.272703365954067,16.365985882642903,29.90575850732915,6.410704380568851,61,170.7198029174816,ArchType.II
12,82,0.7336130558635382,0.0,3.272707610843778,16.3649557484836,30.41697469354553,6.457213746772619,61,171.28340521240344,ArchType.II
12,83,0.6821517032176281,0.0,3.2727059757775656,16.36442554822489,29.50301416858004,6.493637835039679,61,171.83187713623133,ArchType.II
12,84,0.6878797815633504,0.0,3.272699111497524,16.364090887289414,29.866943030926695,6.51129527689499,61,172.3572234802257,ArchType.II
12,85,0.6834750142725649,0.0,3.27270489302414,16.36383281376349,30.218625910030788,6.585972773395374,61,172.8820738372813,ArchType.II
12,86,0.6918726061151801,0.0,3.2727161521592296,16.363740709210152,30.520245827455472,6.722968579171029,61,173.41138404846325,ArchType.II
12,87,0.5907215122612927,0.0,3.272720086592854,16.36369704434261,29.742837603528677,6.8200074599990685,61,173.94721913147103,ArchType.II
12,88,0.6402372055548586,0.0,3.272716532069483,16.36364263739353,29.927212560481465,6.897354689978406,61,174.4911053161634,ArchType.II
12,89,0.6936041708884527,0.0,3.272709384785015,16.363586974051668,30.080484240789463,7.056616479899722,61,175.04350384521612,ArchType.II
12,90,1.2159834467893458,0.0,3.27268504806705,16.384602553748273,30.307178501957104,7.127355065323735,61,175.59648748779446,ArchType.II
12,91,0.8377086657655415,0.0,3.2726703901610947,16.39184445869268,29.590374245274436,7.058297100156917,61,176.1715704956067,ArchType.II
12,92,1.1105873424091846,0.0,3.272678301139747,16.392172198701722,29.676288895721207,6.96947479659913,61,176.79973417663686,ArchType.II
12,93,0.8458180945102722,0.0,3.272697192340371,16.39054268038685,29.985839372927895,6.892986568496288,61,177.47352210998676,ArchType.II
12,94,0.6636357440777438,0.0,3.272711639649874,16.388550043655105,30.811587417293744,6.822831963542802,61,178.1949983062756,ArchType.II
12,95,0.9156600529709071,0.0,3.272720985338786,16.384681950298134,31.740643492545694,6.777324027965353,61,178.97701814270127,ArchType.II
12,96,1.0336421073247943,0.0,3.272726854166365,16.379019726396848,32.7094842365612,6.761332660728475,61,179.81724519348282,ArchType.II
12,97,1.0957278306869274,0.0,3.2727290807619998,16.37411258193163,32.55470688049344,6.752198349631216,61,180.71095121765254,ArchType.II
12,98,0.9749841975945525,0.0,3.272729395078805,16.370541429630748,33.574820146529795,6.6531409631602,61,181.6595828857431,ArchType.II
12,99,1.3028027764530357,0.0,3.272709885848772,16.36714749116573,35.99475946046691,6.563757858020761,61,182.66768464660757,ArchType.II
12,100,1.3061164800388805,0.0,3.272711557421878,16.365421932044747,38.55577422963967,6.417050220912772,61,183.7559963073741,ArchType.II
12,101,2.3774112786625166,0.0,3.2727074206788265,16.36445582679235,41.08680447330557,6.27899126479647,61,184.94260754394637,ArchType.II
12,102,2.1104367950378897,0.0,3.2726942313704823,16.36392514520943,43.587003699201865,6.183344116893425,61,186.22432087707622,ArchType.II
12,103,1.4866091790450315,0.0,3.2726777957230753,16.36362208877646,44.465287765640234,6.110281493947755,61,187.59338632202238,ArchType.II
12,104,2.694458086239266,0.0,3.272637353825167,16.363442903058925,47.439281658787195,6.101125919165194,61,189.04034638977166,ArchType.II
12,105,3.3909052363514136,0.0,3.272587652175653,16.36339888637318,50.30310146552561,6.295776508618062,61,190.5892159118666,ArchType.II
12,106,2.192404298351108,0.0,3.2725461227210735,16.36314612425007,51.25555684196298,6.740127565240113,61,192.28289297485506,ArchType.II
12,107,2.074398730502211,0.0,3.272502470895342,16.362857362701497,53.310085788929165,7.102128687970624,61,194.14972285461565,ArchType.II
12,108,2.1027543186456685,0.0,3.2724628319270828,16.36277479861384,53.281787279698435,7.735239004768144,61,196.20600514221334,ArchType.II
12,109,2.2302083362538028,0.2166880304014556,3.276065829489736,16.440797228975907,53.301320097887604,8.063722982842249,61,198.5895043640148,ArchType.II
12,110,3.2146600634129547,0.0,3.2750905207790484,16.4186148689213,56.35263709083969,7.692188634760636,61,201.38108753967416,ArchType.II
12,111,5.30444748420921,0.0,3.274014880129152,16.392669721971068,59.72652043564291,7.231327632510959,61,204.55104933166663,ArchType.II
12,112,3.944074842402826,3.944074842402826,3.2734113428334592,16.379125309170956,60.12155242605889,7.197054175920882,61,207.99794706726206,ArchType.II
12,113,2.221700640874628,0.43073836742254257,3.272992805067723,16.373159827164965,60.15973743465119,7.8555600837741455,61,211.70468656921489,ArchType.II
12,114,5.1498652565614345,0.5508053963903627,3.276661172082897,16.464529868516365,42.59945589163924,7.366498812638104,61,215.6431682891858,ArchType.II
12,115,5.581336721382475,0.8763807646865467,3.2794425021536595,16.632859799252984,36.49448455320794,7.419608759964602,61,219.73413703918575,ArchType.II
12,116,3.909928090995988,0.9493127711713453,3.2764379433728616,16.771570348346433,44.83193832992265,8.237914167535923,61,223.87440638733014,ArchType.II
12,117,3.8388064971626443,0.0,3.255181692587263,16.4829238487918,62.175940974302115,7.891667363802482,61,227.82455009460583,ArchType.II
12,118,19.674886666170735,0.0,3.242456105699467,16.30655292488249,67.80281528440992,8.456625329699088,61,231.62529951477163,ArchType.II
12,119,5.150266250786657,0.6883699096248214,3.2443995158511525,16.37147127906253,65.26407983340198,8.573955249021049,61,235.25386845398035,ArchType.II
12,120,5.445315188806577,0.7187995865696567,3.247607740053541,16.446466297412485,62.69493139699006,8.69538170779068,61,238.79167127990794,ArchType.II
12,121,3.075360393943461,0.6631521783180838,3.246533999271695,16.480980146386226,60.039482697972566,8.884839907320941,61,242.30382881164624,ArchType.II
12,122,3.110981228973392,0.8366692078766164,3.2455442462693496,16.50820340120565,58.12448125088838,9.037870947398009,61,245.4242513275154,ArchType.II
12,123,3.209500433532968,0.9604017854497592,3.2525230159125758,16.60193559353682,58.08848492201836,9.203890629898353,61,248.03795898437593,ArchType.II
12,124,4.038126056734178,0.7890130637583433,3.2646087833886672,16.676922163409163,76.86052717082427,7.9702426161836355,61,249.89137153625612,ArchType.II
12,125,3.5135355436336333,0.45066945569780986,3.275523295063535,16.727748969054744,77.04597785389994,6.138814463741309,61,250.94434878540173,ArchType.II
12,126,3.5318101316874424,0.0,3.2720944952214963,16.555713999733644,81.7712667742556,4.832156782924714,61,251.4101192932142,ArchType.II
12,127,3.638633773524796,0.0,3.270439225136766,16.44812757636939,87.79822033071038,4.4522599195056065,61,251.2092103424088,ArchType.II
12,128,3.0374062382484874,0.0,3.269379344604874,16.393747211911055,89.26819497124674,4.3201755882138695,61,250.55043948364394,ArchType.II
12,129,3.5419710934621746,0.0,3.269235677711911,16.368650975565696,87.86293722803875,4.285241851990874,61,249.6041115112317,ArchType.II
12,130,2.699227977619401,0.0,3.2698937314409022,16.360487859828314,87.24203249143437,4.26125038400156,61,248.5219485778824,ArchType.II
12,131,1.4564981081974964,0.0,3.270820902645317,16.359620557782932,87.03093659528443,4.264137412434094,61,247.40502728271625,ArchType.II
12,132,1.3638616560072723,0.06068348181198736,3.2715647310018543,16.360449057685678,86.002185348663,4.309103912051942,61,246.2763271789565,ArchType.II
12,133,1.1453735236701967,0.42775230912064843,3.272043261656865,16.361447126519074,81.98843798772516,4.397494566034624,61,245.14112763214254,ArchType.II
12,134,1.0793210835327989,0.40439471137158,3.272383251678477,16.362372430338503,80.24628615710834,4.416969808309133,61,244.01655655670336,ArchType.II
12,135,1.0565895825429235,0.0,3.2725801198616433,16.36299317312893,78.71526247509159,4.45166778889636,61,242.89712360382273,ArchType.II
12,136,0.9779558691001019,0.0,3.272695267886245,16.363382183948854,77.61727299296318,4.473577861503935,61,241.7856015167255,ArchType.II
12,137,0.9338797931146875,0.0,3.272762661374066,16.363707261769356,75.38633295898919,4.454469184372901,61,240.67917953491374,ArchType.II
12,138,0.9115633330864855,0.0,3.2727878656514275,16.363746521383973,74.73244062041893,4.418028398861634,61,239.57012353515765,ArchType.II
12,139,0.9187799465215674,0.0,3.2727904259897764,16.363842241506322,74.36008812810361,4.38645268021404,61,238.4568118667615,ArchType.II
12,140,0.8896670280218854,0.0,3.272788076271597,16.363825694928217,74.01294204818987,4.341418948654513,61,237.33797082519644,ArchType.II
12,141,0.8840799762881439,0.0,3.272784651543592,16.363856645529733,73.96562853667369,4.273982609287051,61,236.2101091156019,ArchType.II
12,142,0.8792101391081495,0.0,3.272777731775896,16.363824260808865,73.87894310385533,4.207872558319955,61,235.06610794067544,ArchType.II
12,143,0.8736921703146248,0.0,3.272770695110298,16.363790107360888,73.73823738461941,4.14225754145995,61,233.9059227371233,ArchType.II
12,144,0.8676438846176051,0.0,3.272764943551385,16.363759770387727,73.5384885497402,4.075901914596926,61,232.7302242202774,ArchType.II
12,145,0.8494375466508418,0.0,3.272758795436269,16.36379644106794,73.72280454712363,3.975628109457217,61,231.53961109924447,ArchType.II
12,146,0.8388536959965817,0.0,3.272755324333805,16.3637684058883,73.83695922360626,3.8553278862012315,61,230.32462437439065,ArchType.II
12,147,0.8324825449078099,0.0,3.2727492989540665,16.36371679562686,73.76571310904316,3.729434373878759,61,229.07959116363642,ArchType.II
12,148,0.8236596764149378,0.0,3.2727356391082734,16.363523384502155,73.46301830991835,3.6451483783512852,61,227.80293991851894,ArchType.II
12,149,0.9224039866592916,0.0011768609145553996,3.272730071543944,16.36354222231714,73.24253757562263,3.6787348264709716,61,226.51179679107727,ArchType.II
12,150,1.2498655542638613,0.007797231512353354,3.272727558883116,16.36367219203976,73.68216547423435,3.640662531985224,61,225.25155792999325,ArchType.II
12,151,1.262453013350349,0.0086795886282186,3.2727223344758136,16.36362493423115,74.2399086278929,3.597343302505247,61,224.01716854858486,ArchType.II
12,152,1.4615967617539074,0.011079188478071983,3.272717504473641,16.36357460476386,74.85333713936211,3.5588730293296993,61,222.79019278717155,ArchType.II
12,153,1.6505597577774125,0.016354384942992177,3.2727104337349546,16.363521496260287,75.66115668711741,3.529199701057683,61,221.58191195678805,ArchType.II
12,154,2.6068282284294537,0.4689065879457611,3.2726869395440294,16.363348124948946,76.83677624790685,3.520685270980598,61,220.4257414779673,ArchType.II
12,155,3.0909571307176553,0.01137510606213402,3.2726341741078855,16.362542249687916,80.20958614533927,3.5369180810700764,61,219.37426477813833,ArchType.II
12,156,2.4681661735887888,0.41524806598716113,3.272270875692352,16.353019630125818,82.7897043626979,3.769375624893761,61,218.74588910675166,ArchType.II
12,157,2.170239790477721,0.0014299542777515383,3.271099286954636,16.324197742725485,86.77254655269414,4.179505956969877,61,218.71821152496486,ArchType.II
12,158,2.130736816210394,0.3768679774130242,3.270150116045124,16.297307392843287,88.34861299300579,4.474735863307183,61,219.14014182281673,ArchType.II
12,159,1.462865753976019,0.0,3.2702743562643226,16.29106193293956,85.74208342941074,4.579866998240421,61,219.80292337799264,ArchType.II
12,160,1.3786060313225208,0.0,3.2709803734932272,16.299536991812467,84.31226749103288,4.693139744913937,61,220.54732474518036,ArchType.II
12,161,1.19093924702264,0.0,3.271659329708055,16.300563981109992,84.14219614132416,4.730799626432964,61,221.35398329925764,ArchType.II
12,162,0.962764160184706,0.0,3.272118585611938,16.316944062053388,84.25548920859625,4.770891693669691,61,222.17606729889135,ArchType.II
12,163,0.7937370459839193,0.00032253237923007453,3.2723919837701585,16.329610158392583,84.51913290715517,4.809103994643864,61,223.00933290863262,ArchType.II
12,164,0.7591601545117669,0.0025378587273506086,3.2725447053937047,16.34813348068155,84.97043614821801,4.8469253929624125,61,223.85280275726515,ArchType.II
12,165,0.810560160408359,0.0016091576947224002,3.272630247122013,16.373280320982243,85.21978187795263,4.886915009368504,61,224.70638167572193,ArchType.II
12,166,0.745103026794234,0.00532853657460945,3.2726799759178804,16.39471155299094,85.04931029722596,4.8960195179766,61,225.57046393585406,ArchType.II
12,167,0.8210927922354226,0.0,3.2727039909514164,16.407536737277166,85.18750559222302,4.92056831916783,61,226.4349157943748,ArchType.II
12,168,0.7965880385028354,0.0,3.2727129785652513,16.412245364183395,85.54755047231836,4.95780474830827,61,227.30475049591317,ArchType.II
12,169,0.8261965717802445,0.0,3.27271117871745,16.413590260730235,86.22753192876522,5.020785470996137,61,228.18441782379372,ArchType.II
12,170,0.8627310699528531,0.0,3.2727200893148565,16.41788121242527,86.3821367327192,5.075891579678779,61,229.08101567840814,ArchType.II
12,171,0.9269610926230095,0.0,3.2727254166999193,16.413668928825935,86.45276410133022,5.102237154862715,61,229.9891345291164,ArchType.II
12,172,0.9671573752261378,0.0,3.2727271929031327,16.404608878250006,86.67542714879369,5.0944064319599525,61,230.90401743316917,ArchType.II
12,173,1.0090634545112322,0.0,3.2727290423333892,16.39104583519364,86.74850864192281,5.086079268498891,61,231.8181213607817,ArchType.II
12,174,1.0464455768075167,0.0,3.272731881318439,16.371394944148246,86.93165548915916,5.073983301829265,61,232.72877352142623,ArchType.II
12,175,0.955866500097266,0.0,3.2727346113662605,16.349504989920696,87.1310213926159,5.063298150808587,61,233.6352855758694,ArchType.II
12,176,0.9514619302882235,0.0,3.2727370085861547,16.32645020255731,87.38395223679765,5.051750640491334,61,234.53844405365234,ArchType.II
12,177,0.9503773591235732,0.0,3.2727385428575064,16.30253970794193,87.72314105269935,5.0393134067647365,61,235.43851683807597,ArchType.II
12,178,0.8166832531621984,0.0,3.272740596825377,16.278381225379928,88.10981599651691,5.03064474451868,61,236.3362985153221,ArchType.II
12,179,0.8787714878272881,0.0,3.272747076091287,16.24783975226484,88.68476451056719,5.027814706767759,61,237.23356758880826,ArchType.II
12,180,1.5168819091264105,0.0,3.2727500679270105,16.225086604629947,89.26530351211136,5.0371607149690325,61,238.1322098159812,ArchType.II
12,181,1.5615185711930648,0.0,3.272755212042522,16.214454973939645,89.4885504543912,5.049855898728368,61,239.0335162735008,ArchType.II
12,182,1.5657825023107668,0.0,3.272758525447761,16.206221068916175,89.61214564233694,5.077285585075586,61,239.9338448562643,ArchType.II
12,183,2.0123969220797444,0.0,3.272770339001559,16.22187594605607,89.74848879082386,5.137619485210599,61,240.83397907257276,ArchType.II
12,184,1.9968679739847615,0.0029310170236448714,3.2727962575353633,16.236634477777407,89.20096987341543,5.224762567407978,61,241.74603308868635,ArchType.II
12,185,1.8072478552230842,0.0,3.2728056608970135,16.27500537217189,88.5994520438249,5.295465488348786,61,242.67150896454112,ArchType.II
12,186,1.9405510975003364,0.0,3.272806825269367,16.31704710649111,88.03699541372403,5.321305139590105,61,243.60891672516144,ArchType.II
12,187,1.8877707540829356,0.0,3.272796684267403,16.339559644906917,87.63171819060686,5.168650692181238,61,244.5392265853907,ArchType.II
12,188,1.5686679584905856,0.0,3.272770255652223,16.351281553573262,87.02029797813876,4.826116205225706,61,245.3818978195217,ArchType.II
12,189,2.0428971944198273,0.0,3.2727367238384595,16.35741098708937,84.74869555723542,4.364352975320182,61,246.041309684756,ArchType.II
12,190,1.9476587474568625,0.04500716650694489,3.2726804165990475,16.36230510116433,86.77316072728865,4.187731587864116,61,246.4098199234036,ArchType.II
12,191,1.8608024290904248,0.039959696077313166,3.272597368102777,16.36422799088647,87.02466512853817,4.071367698654076,61,246.60155588531794,ArchType.II
12,192,1.9754070895620026,0.0,3.272538339982677,16.364067347046255,87.09115613255142,4.0085949926616316,61,246.66374912262236,ArchType.II
12,193,1.9157950077578147,0.0,3.272517278015948,16.363996677741962,87.02355342690711,3.987145094476621,61,246.62759947967808,ArchType.II
12,194,1.8052603045690063,0.0,3.2725420651207746,16.36421311608043,86.91637221062383,3.9805989015097016,61,246.5438542251616,ArchType.II
12,195,1.764684717215608,0.0,3.2725940730114256,16.3645131305606,86.83640403417384,3.975680791456972,61,246.44017482757832,ArchType.II
12,196,1.5452988459894657,0.0,3.272641949065609,16.364758839234163,86.82892547003023,3.9731449392793112,61,246.3219380874663,ArchType.II
12,197,1.4805210644507354,0.0,3.272675824515789,16.364972465599173,86.8584320835674,3.9729341104396254,61,246.1938918838533,ArchType.II
12,198,1.330017162372488,0.0,3.272697195922266,16.365120845422954,86.87549720817533,3.9702765295589657,61,246.05703020477617,ArchType.II
12,199,1.2233452230967037,0.0,3.272709691409786,16.36513623392001,86.99243110593362,3.9638567925513377,61,245.91126744842862,ArchType.II
13,0,0.0,0.0,2.0265136602189266,6.272972930768908,8.837675106586174,0.767090439293144,61,4.486216430664065,ArchType.IV
13,1,0.0,0.0,2.310051505445313,10.04387209712428,21.62504274983534,1.0584064030721676,61,8.86720208740235,ArchType.IV
13,2,0.0,0.0,2.5896384237538563,11.930198992819054,36.251414780689515,3.0091913209598307,61,13.231293975830086,ArchType.IV
13,3,0.0,0.0,2.817963376532985,13.425380502234896,49.583683608826824,5.299623135045075,61,17.526894348144534,ArchType.IV
13,4,1.9558170134256607,1.9558170134256607,3.026431382546275,14.739500796191876,50.16934285892901,5.548503677242542,61,21.730726562500013,ArchType.IV
13,5,0.7265778708312124,0.7265778708312124,3.117013724200732,15.33946755197469,51.23333305863322,5.666062760878199,61,25.978012268066397,ArchType.IV
13,6,0.1393727601685399,0.1393727601685399,3.1520418595456388,15.618038478082775,52.35719350483316,5.671244575063607,61,30.204726348876935,ArchType.IV
13,7,0.0,0.0,3.16175377879456,15.739356747801946,53.48327977373926,5.610283463120799,61,34.36558343505856,ArchType.IV
13,8,0.0,0.0,3.1614346505322204,15.777191141442302,53.89909490959412,5.267179096008651,61,38.462213989257855,ArchType.IV
13,9,0.0,0.0,3.1601489810706442,15.790439258766897,54.52165299144451,4.978085522695653,61,42.51497915649423,ArchType.IV
13,10,0.0,0.0,3.16745992484176,15.835721108080966,55.8870496002787,5.078023165213538,61,46.49042675781258,ArchType.IV
13,11,0.0,0.0,3.1854792469728266,15.928820182869368,57.95567541279729,5.679868971070171,61,50.31894842529304,ArchType.IV
13,12,0.16064639980716075,0.16064639980716075,3.2041489330288124,16.04204377624668,59.81915104136069,6.105166443493784,61,54.02204129028332,ArchType.IV
13,13,0.2823960049558459,0.2823960049558459,3.2167337427002276,16.145458292695633,61.31960015350676,5.978204298118439,61,57.494707183838024,ArchType.IV
13,14,0.43957648869831983,0.43957648869831983,3.221244575237811,16.22448342970537,63.39438613403903,5.881255307393225,61,60.74826669311543,ArchType.IV
13,15,0.4725577766170505,0.4725577766170505,3.2161672646595463,16.229568961583677,64.9499627430218,5.8779476156292345,61,63.77179753112811,ArchType.IV
13,16,0.49721756492653874,0.49721756492653874,3.210138342432526,16.203594595154485,67.42158120227103,6.041354696688704,61,66.58752494812032,ArchType.IV
13,17,0.48373090988326667,0.48373090988326667,3.2142241577949453,16.220051722830974,69.39759711312851,6.3476020337183146,61,69.2418209533692,ArchType.IV
13,18,0.7260710677891273,0.7260710677891273,3.2325766252746257,16.367662103614407,73.2184040076983,6.471449630588362,61,71.66552482604982,ArchType.IV
13,19,0.7020706195370321,0.7020706195370321,3.2524568958496514,16.528536654804295,75.15776578402004,6.285866675039749,61,73.88421539306637,ArchType.IV
13,20,0.6763831914207704,0.6763831914207704,3.2663488608392948,16.620736631246054,76.60924465999088,6.23977990631069,61,75.90839196777355,ArchType.IV
13,21,0.6513727488340055,0.6513727488340055,3.2752519159946334,16.667602317031317,77.80638265084903,6.288253701456993,61,77.81775285339367,ArchType.IV
13,22,0.6277945824016957,0.6277945824016957,3.2804496366008076,16.685410156843222,78.87590565910139,6.406792295167442,61,79.76151509094257,ArchType.IV
13,23,0.7200042695854297,0.7200042695854297,3.2857415168021022,16.743441932133663,80.32006169194733,6.401692163212483,61,81.69284744262725,ArchType.IV
13,24,0.6943551957824694,0.6943551957824694,3.288361679845855,16.767924153610082,81.58232045415194,6.406359516529852,61,83.64184397888229,ArchType.IV
13,25,0.7154259084533531,0.7154259084533531,3.290172417511502,16.78351290642687,82.69250085515628,6.465125434528772,61,85.6310376129156,ArchType.IV
13,26,3.1923547635703002,3.1923547635703002,3.3073613240732183,17.125565744875885,84.55068074587425,6.483390988968304,61,87.672532943726,ArchType.IV
13,27,1.9232619381097562,1.9232619381097562,3.327943595790565,17.553186230055275,86.28266496308642,6.376562028998953,61,89.78045326232962,ArchType.IV
13,28,1.486255163407316,1.486255163407316,3.327027843121642,17.533106133800644,86.90192095755576,6.341527891711359,61,91.96536837768599,ArchType.IV
13,29,1.5898757065201714,1.5898757065201714,3.3253085027597837,17.497182556688273,87.33063243823,6.359566874153002,61,94.25182888793984,ArchType.IV
13,30,1.526863937511884,1.526863937511884,3.3226670730946237,17.43822029605518,87.31689559410832,6.482756820791766,61,96.85993919372595,ArchType.IV
13,31,1.4429908918708456,1.4429908918708456,3.321628309971269,17.414774882851603,87.03366147262578,6.55205495358668,61,99.85654725646998,ArchType.IV
13,32,2.689460129432143,2.689460129432143,3.343996514586982,17.86748982359302,85.67672811650648,6.709987851522792,61,103.09607713317885,ArchType.IV
13,33,1.8620789988213262,1.8620789988213262,3.3371184172057955,17.732302470625964,79.95240240910742,6.753283386709226,61,106.4698779754641,ArchType.IV
13,34,0.8270226979116697,0.8270226979116697,3.3163747400191075,17.324781440554982,68.76412800631856,6.572295431863995,61,109.80567765808121,ArchType.IV
13,35,0.3906049021708349,0.3906049021708349,3.2905693851189617,16.8349886757842,61.69739701206621,7.083815998618636,61,112.99439631652845,ArchType.IV
13,36,0.3684059674499337,0.3684059674499337,3.2765838116301778,16.59317224239493,56.290904323475196,7.115233827074078,61,115.91056335449244,ArchType.IV
13,37,0.3261920238263191,0.3261920238263191,3.2690400698207145,16.462369888888322,54.136146980808356,6.880141953320685,61,118.6755948638918,ArchType.IV
13,38,0.24660749171014892,0.24660749171014892,3.265374335471853,16.376083323735497,50.06371555333196,6.702782176538027,61,121.39489234924338,ArchType.IV
13,39,0.21939106324025998,0.21939106324025998,3.26428741277569,16.31816292812075,46.71352750172839,6.914532186408259,61,123.99647174072282,ArchType.IV
13,40,0.21018422322273805,0.21018422322273805,3.265311957569489,16.296314490974556,45.62599908638313,7.047483957537822,61,126.4618833312989,ArchType.IV
13,41,0.2128034922799567,0.2128034922799567,3.26741892148674,16.298793771562707,44.655933547661185,7.218351140338681,61,128.80706970214842,ArchType.IV
13,42,0.20238104109365634,0.20238104109365634,3.2695938191424627,16.31028169096418,42.2317971830731,7.15551696489041,61,131.04620147705074,ArchType.IV
13,43,0.21956742210931282,0.21956742210931282,3.2709961648370087,16.318634981702857,41.295495519690206,7.024020286501545,61,133.24316177368158,ArchType.IV
13,44,0.1687476306691188,0.1687476306691188,3.2710409425741855,16.310574954523656,40.30936587586314,7.170264014952726,61,135.4242454528808,ArchType.IV
13,45,0.16022687910809327,0.16022687910809327,3.270555062141757,16.305458454624922,39.10212692369011,7.2923832827924135,61,137.81107156372073,ArchType.IV
13,46,0.2525988884063277,0.0252577254396992,3.269623353113768,16.306962672402804,36.736413044879846,7.279934115169414,61,140.48356903076186,ArchType.IV
13,47,0.16317238643811555,0.003642521927377039,3.2687877042026967,16.32295635047604,36.009920444079654,6.893283589860116,61,143.40361332702625,ArchType.IV
13,48,0.183379682128715,0.0017249886586543238,3.2681144651760383,16.330237986134716,34.58485605736701,6.2337293199756125,61,146.5101607971192,ArchType.IV
13,49,0.30342658980325155,0.028790447718819747,3.2681621633749063,16.335786243735072,32.86140794761958,5.778764985100454,61,149.77646289062537,ArchType.IV
13,50,0.18100461098591827,0.01566162590358621,3.268659803676491,16.34097568663484,31.028852397192306,5.887402509464739,61,153.08186688232448,ArchType.IV
13,51,0.1474812621637921,0.007966995324487186,3.268800905818147,16.34300411738363,27.800362348801517,6.642099310122452,61,156.43198120117236,ArchType.IV
13,52,0.3008837339841371,0.0,3.2677299827793806,16.35456875544766,26.15765587549411,6.953456265961804,61,159.74247900390682,ArchType.IV
13,53,1.051467632765591,0.0,3.2639517970224645,16.34712901447369,25.674651960049303,6.634852450246662,61,162.94147994995168,ArchType.IV
13,54,0.8051153781048805,0.0,3.2544710829819645,16.28712294301817,24.707056692913028,6.350725139020428,61,165.93421881103538,ArchType.IV
13,55,0.6861911727099916,0.0,3.239012309433884,16.203670947711807,21.657776243121155,6.412071266057332,61,168.87241018676795,ArchType.IV
13,56,1.513251213750368,0.0,3.227390576597317,16.141665640854644,23.042226622053228,5.90013407249714,61,171.45393106079152,ArchType.IV
13,57,1.9897212552158605,0.0,3.2244349876194804,16.12551958505085,23.45308783041118,5.762913499598785,61,173.91994790649434,ArchType.IV
13,58,2.26445419506478,0.0,3.226515689954596,16.13435861851487,24.68980540464496,5.715537415761503,61,176.3650733795171,ArchType.IV
13,59,1.5309017561563412,0.0,3.2305788417552073,16.154924096666242,27.567056763990845,5.471541686756096,61,178.7308580627445,ArchType.IV
13,60,1.3590178028007682,0.0,3.2360394794603398,16.1820276784311,87.71286960782409,4.788007456825747,61,180.96007966613777,ArchType.IV
13,61,1.9195569067280713,0.0,3.2421108049048932,16.21095301028378,84.79486329091954,4.61347817692902,61,183.08997145080596,ArchType.IV
13,62,1.9246485612676711,0.0,3.2477857743254925,16.239175609952788,78.14299187338182,5.030102659083346,61,185.51308114624064,ArchType.IV
13,63,1.8685355158802457,0.0,3.2541966257135084,16.271595746394215,73.1082350975761,5.5634456202806,61,188.16709567260781,ArchType.IV
13,64,2.5186284047632594,0.0,3.2604567859365114,16.30314117436757,68.94521092582669,6.075012003172167,61,190.9571495971683,ArchType.IV
13,65,1.6352424748001557,0.0,3.265518240132553,16.32797712905254,40.758260797194396,5.8387961820336285,61,193.90102996826178,ArchType.IV
13,66,1.530589571970492,0.0,3.26882658409303,16.34435693134428,39.62570628292878,5.501877373349306,61,197.07142480468755,ArchType.IV
13,67,1.691973820723107,0.0,3.270732228470417,16.354760886362733,38.22630746778344,5.3276276515790135,61,200.39785964965822,ArchType.IV
13,68,1.5112609786002085,0.0,3.271707462603335,16.359909498067,36.55516149508117,6.012020366171124,61,203.91520465087885,ArchType.IV
13,69,2.1834529841067702,0.5144820732905414,3.267447895450855,16.346396316275957,37.95472573334129,5.285114726553967,61,207.97682406616215,ArchType.IV
13,70,11.355533117250044,1.045178184819149,3.2457218163758577,16.233562122830705,45.248586346651095,3.93934955479633,61,212.17790191650417,ArchType.IV
13,71,28.102225134007753,1.0119757144794814,3.225366033719988,16.130731053315973,50.02611516884565,2.2427729197579445,61,216.27577520751973,ArchType.IV
13,72,31.870752534669034,0.0031582858716616737,3.2269619661479525,16.137627086256654,53.812616221203726,1.3245477799825105,61,220.4380794677737,ArchType.IV
13,73,11.269498636058204,0.0,3.2387384454709296,16.200045608375692,47.43145630103199,2.436637085330081,61,224.86207348632868,ArchType.IV
13,74,4.393113925352238,0.0,3.2470724398514084,16.237363066624926,43.63246130335543,5.069616851204418,61,229.36978909301789,ArchType.IV
13,75,16.943668768263098,0.0,3.256265892608929,16.278164867779644,49.66463458581805,5.9219090517372015,61,233.18398706054725,ArchType.IV
13,76,38.68912872398704,0.0,3.2637383510310287,16.317241373572983,18.770661975177692,4.869551359874409,61,235.74824507141173,ArchType.IV
13,77,9.219500624915579,0.0932008084680902,3.267295144292137,16.338357982303,21.947076713482716,2.963905440449425,61,237.16610707092346,ArchType.IV
13,78,1.7009817857594338,6.1087257729958865e-25,3.269461331879032,16.34939957841602,26.28270893892109,3.869676836268001,61,237.4889089660651,ArchType.IV
13,79,2.8691430359893375,0.7980676957213413,3.268510787525,16.529411227349247,30.07234547915714,7.111373904371799,61,235.30241751861647,ArchType.IV
13,80,1.05613673638714,0.8862173735384944,3.2537111302075234,16.726766053777975,31.96268036753828,7.111179792710244,61,231.58346742248628,ArchType.IV
13,81,0.7871008238800732,0.7871008238800732,3.25009759190305,16.824507064307188,33.99478380710963,7.117433897873957,61,227.70461138916087,ArchType.IV
13,82,1.1555084112925302,0.264954473053255,3.256517430319008,16.90092358529406,35.60434682797659,7.187641709909997,61,223.78820159149237,ArchType.IV
13,83,1.2520119910538172,0.0,3.2608641882665776,16.956698740916725,34.5297259149784,7.171487940468158,61,219.8794581909187,ArchType.IV
13,84,1.2326441976232405,0.0,3.265574921587844,17.006333861088738,31.33758721447062,7.1778745030939,61,215.97283217620904,ArchType.IV
13,85,1.1788081775298034,0.0,3.2686646641759376,17.092081289816935,28.314180066182995,7.2036200250757085,61,212.065762794495,ArchType.IV
13,86,1.1608119071941359,0.22487507934038664,3.2732825791562985,17.197730539056796,29.641924655673073,7.254281530510321,61,208.15815512847942,ArchType.IV
13,87,0.7481426473322854,0.604674896806306,3.2854892941796088,17.22628789350995,30.380334372344652,7.025281634250487,61,204.25019120788644,ArchType.IV
13,88,2.914597024336662,0.0,3.280331422453351,16.84532765852362,33.93110032103965,5.373426765955598,61,200.40892141723683,ArchType.IV
13,89,2.2820125473652944,0.08656782246879843,3.273094368376997,16.600246582376563,37.301856695207974,3.007916807186081,61,198.05198645019559,ArchType.IV
13,90,1.8000093658066654,0.0,3.262533443787528,16.438708014769986,37.513761651453336,0.7373599800483936,61,197.3863266601567,ArchType.IV
13,91,1.4375262810325282,0.4437701982734609,3.2518842508516914,16.327833059571365,36.18757996229951,0.7948756221096795,61,198.5744772186284,ArchType.IV
13,92,1.119655238167427,1.119655238167427,3.249939491491583,16.2861834209555,33.93206731425962,1.080864161759607,61,200.76543934631368,ArchType.IV
13,93,1.0980024207178218,1.0980024207178218,3.254882296483387,16.29342568309446,30.436512550627537,1.4833235221264864,61,203.21252560424855,ArchType.IV
13,94,1.0115119330745241,0.8595661569037075,3.2603905215443185,16.31148943903716,26.682699924992328,2.0559155450770303,61,205.80901873779354,ArchType.IV
13,95,1.7821933432020876,0.26616064880904705,3.2643767291231147,16.326755564371677,22.732790054032545,2.4639549810200037,61,208.57590126037664,ArchType.IV
13,96,1.8680481241336981,0.0,3.2665389260822995,16.33529721122807,19.20545335707103,2.809948674239235,61,211.3969767761234,ArchType.IV
13,97,2.0153024306620915,0.0,3.2672981296701447,16.33789814402383,16.028191097107847,3.2137582637434683,61,214.22107101440488,ArchType.IV
13,98,1.3589470734178457,0.0,3.267245479596639,16.337063904008705,13.393261944889868,3.597583382198609,61,217.0351357421882,ArchType.IV
13,99,3.9189733704097973,0.0,3.267214460469538,16.3365570791786,10.795890606594734,3.832097323510928,61,219.8388104248057,ArchType.IV
13,100,2.367515015038426,0.0,3.2676236267697125,16.338715114362923,9.94239747665495,3.4330517961528044,61,222.60774084472789,ArchType.IV
13,101,2.661203036848942,0.0,3.268938993467334,16.34507373065237,9.043896176740096,2.908168102359097,61,225.06679977417096,ArchType.IV
13,102,5.247480491140181,0.008886688152166892,3.2705470335159,16.35253267539717,8.389249453967293,2.618445465077786,61,227.15360665893652,ArchType.IV
13,103,2.522512543675401,1.639273289642388,3.2715621108876474,16.358496391677043,7.039633269358873,2.188646926056828,61,228.97773684692467,ArchType.IV
13,104,3.5391785312156014,0.0,3.271651738708045,16.35912728725287,8.944289821448145,1.3015332877112968,61,230.31121711731063,ArchType.IV
13,105,3.561419983495449,0.05117388774415649,3.2697667048599413,16.349517587757592,13.530186581875041,1.008075967622628,61,231.20411143493752,ArchType.IV
13,106,1.5363998956464053,3.7828026196092574e-25,3.2655550241554354,16.32928607538321,19.123757052278908,4.023373278465719,61,231.3258039703379,ArchType.IV
13,107,1.0836631972840503,4.195705016115136e-25,3.2505960780870056,16.253629744118964,22.67530776114909,6.243805294679134,61,229.24600736999597,ArchType.IV
13,108,1.155763973636724,0.0,3.2285882876715064,16.282611401255107,26.95516034437605,6.910615553355312,61,225.99595803833066,ArchType.IV
13,109,0.8888000922768924,0.0,3.2254883012986535,16.53509943524486,29.534968850108594,6.88759694307882,61,222.29201016235427,ArchType.IV
13,110,1.251879521985284,0.0,3.238541715679266,16.80880235983868,29.568282540963835,6.838504168388179,61,218.5119328231817,ArchType.IV
13,111,1.2283148212290895,0.0,3.2522504619085226,17.0094550732002,28.284196206028568,6.832115170534177,61,214.7325914077763,ArchType.IV
13,112,0.7557085908231104,0.0,3.2614830588664074,17.104004814320287,27.252566729766233,6.882439390223155,61,210.95489052581823,ArchType.IV
13,113,0.8693566379339027,0.22269051963414235,3.270934988422856,17.22395159208296,29.052922750294385,6.9249302873233365,61,207.1779545211795,ArchType.IV
13,114,1.0992854961274863,0.0,3.280114957972342,17.092953918317257,29.269792587301442,6.501908344077039,61,203.40331037902857,ArchType.IV
13,115,2.956775840021397,0.0,3.2758347998861455,16.737638115672137,34.45898466877312,4.971786957119553,61,200.3323853454592,ArchType.IV
13,116,2.5032210190311095,0.15564268851086452,3.2714358081836195,16.546682771572474,36.98705876478236,2.7676183910039716,61,198.39921154785182,ArchType.IV
13,117,1.708455795947315,0.4403223398167899,3.2644280248089577,16.423409009088914,36.93338977816751,0.7055007159624513,61,197.95872781372086,ArchType.IV
13,118,1.5104092888522236,0.07892072012479702,3.2564651796606143,16.337037128180253,35.65396745304077,0.5248547342007808,61,199.20657304382317,ArchType.IV
13,119,1.3344272828231034,0.15762462156898333,3.25532213283187,16.30561351555851,33.48642385857574,0.7439947040660434,61,201.29539408874498,ArchType.IV
13,120,1.3608711774946933,0.15381274608705298,3.2591450998737406,16.31074709995873,30.232846701649734,1.241119369162642,61,203.5855566253663,ArchType.IV
13,121,1.3593250626359823,0.14519715965184124,3.2632120013030192,16.323542397589243,26.80549162508825,1.8292236670224156,61,206.02501123046878,ArchType.IV
13,122,1.3685907121768222,0.11300253778333803,3.2661211062452478,16.334414602814913,23.010565379247634,2.126832967624008,61,208.6141078643797,ArchType.IV
13,123,1.8528128539977813,0.0,3.267738077962967,16.34072564859157,19.510066124093118,2.4653345933901876,61,211.31663444519032,ArchType.IV
13,124,1.9876634722795306,0.0,3.2682059307530436,16.342155960258605,16.740197376138685,2.84926431020991,61,214.01027857971158,ArchType.IV
13,125,1.3558595860082665,0.0,3.2679592050218416,16.34047713325385,13.787433067854954,3.20428049397981,61,216.68218388366662,ArchType.IV
13,126,1.6069367849583545,0.0,3.2677383484417097,16.339027014951554,11.269138402805247,3.4699796405123724,61,219.34929548645002,ArchType.IV
13,127,2.7504990100272186,0.0,3.2679216822484523,16.340081332427754,10.178397236869428,3.2383349953258085,61,221.98857441711417,ArchType.IV
13,128,2.651149805424236,0.0,3.268985159281717,16.345337484696735,9.224169043098309,2.74310465949198,61,224.3781664733884,ArchType.IV
13,129,2.5062865086187887,0.339300587951321,3.2704968163264976,16.352407282472374,9.461330596851996,2.5438950447527753,61,226.38686825561504,ArchType.IV
13,130,4.680064520228288,0.15181878793208184,3.271547463095325,16.357837919515347,7.911379503054593,2.255414480339865,61,228.16536260986285,ArchType.IV
13,131,2.9019691035445967,0.5942242639039484,3.2719333565522577,16.36038833086957,8.99918256733043,1.5277150891286333,61,229.64140412902785,ArchType.IV
13,132,1.9654685375197538,0.0,3.2709443026269382,16.355866234985836,13.095085177655408,0.6850584185562034,61,230.66882974243114,ArchType.IV
13,133,1.80490746752322,4.469304951490948e-25,3.2676719818221387,16.340668440004997,16.287887629505185,2.6974010986196295,61,231.19201539611797,ArchType.IV
13,134,1.2154479584603537,2.9653580052852487e-25,3.2588414617889643,16.29456687496619,21.37638638924043,5.510831912510643,61,229.85772241210893,ArchType.IV
13,135,1.1671100903644436,0.06741610522434974,3.238640916155764,16.236239587498453,25.899411126248687,6.905032459478722,61,227.04953726959175,ArchType.IV
13,136,0.988642298230122,0.0,3.2257659824758336,16.410508949804377,28.804019186298696,6.890317052838776,61,223.44818517303392,ArchType.IV
13,137,1.1708726617861798,0.0,3.234615438552745,16.717128857644006,29.962943661501065,6.852886791648864,61,219.69744029998688,ArchType.IV
13,138,1.240783677795447,0.0,3.248795602365699,16.956763153054585,28.898556284989525,6.820680881599087,61,215.9400743789661,ArchType.IV
13,139,1.1476739644551348,0.0,3.259139939545495,17.075535112181967,27.32225981058101,6.851689306036594,61,212.18524529266213,ArchType.IV
13,140,0.9655648689004517,0.22275113424822307,3.26753747253961,17.186362352208686,28.288436397729143,6.90047988269285,61,208.43166246795496,ArchType.IV
13,141,0.656631519391662,0.656631519391662,3.280774982372,17.222903349576825,29.31136048198889,6.783252741126342,61,204.681688766478,ArchType.IV
13,142,3.095392733439279,0.0,3.2776315497943647,16.83611538759768,33.182825701026715,5.665011196768991,61,201.0693907165514,ArchType.IV
13,143,2.404196724010867,0.0,3.273433713135812,16.602932714149453,36.81207278721954,3.413789636423201,61,198.6897229309071,ArchType.IV
13,144,1.8451125192371176,0.013918004825534878,3.266769528765635,16.45954380753425,37.208815844033865,1.1588187023321899,61,197.78130346679595,ArchType.IV
13,145,1.5052347084030488,0.05922465096371279,3.2572747196330654,16.354203020634404,36.19660523737233,0.4674708367694339,61,198.6391574401848,ArchType.IV
13,146,1.424560256364512,0.19616790904845444,3.253872677454359,16.305602445790807,34.27157266320444,0.7337594889465937,61,200.6195804138176,ArchType.IV
13,147,1.4782411145051857,0.1976768682133129,3.2572478245683176,16.305167733835532,31.164073067648065,1.1244539817483752,61,202.90063491821198,ArchType.IV
13,148,1.5005877524245215,0.19310709124891987,3.261667869896428,16.317777079944218,27.65397554123255,1.7635866495530248,61,205.33171061706477,ArchType.IV
13,149,1.512797051033227,0.16466107418404768,3.2651124931904407,16.33035090845796,23.939533901861555,2.1103269205214374,61,207.92359837341232,ArchType.IV
13,150,1.0689431298252092,0.0,3.2671626030695733,16.338340833385338,20.261317253210564,2.4392548631598463,61,210.6513795013423,ArchType.IV
13,151,2.00088176780691,0.0,3.2679772705274344,16.341281523860875,17.060859608385098,2.827476924205366,61,213.37242829894947,ArchType.IV
13,152,1.386039591854073,0.0,3.2679172787595565,16.34038803082848,14.382049027665651,3.199143750622573,61,216.0752252807607,ArchType.IV
13,153,1.6479071833226502,0.0,3.2676598937748706,16.338732256277584,11.705930312087254,3.495194159182733,61,218.7727169647205,ArchType.IV
13,154,3.437167295456385,0.0,3.2677502378557906,16.33915246175843,9.799679965938598,3.391425279495236,61,221.45023825073102,ArchType.IV
13,155,2.671066961387428,0.0,3.2686244872085424,16.343550879246738,9.354468179675656,2.816327214886064,61,223.95377990722542,ArchType.IV
13,156,2.533008039747548,0.3342068083872628,3.2701706131519552,16.350775166912975,8.38411986121138,2.5633588507838407,61,226.01266398620467,ArchType.IV
13,157,2.8574036863138947,1.7114396946367478,3.271376092447582,16.357452895744252,8.144404231617216,2.3731086439057205,61,227.81367463683952,ArchType.IV
13,158,3.5439423472193154,0.0,3.2719241998869664,16.35977230576506,8.748232528717407,1.7353134576875555,61,229.39096295165896,ArchType.IV
13,159,2.672177248272129,0.0,3.271330083003059,16.35701341823374,12.422679683709271,0.8138940942229256,61,230.49733055114635,ArchType.IV
13,160,1.976270141738114,8.108560306030897e-25,3.268451599075103,16.344077417776038,15.523497093214049,1.9043664889307967,61,231.22678282165387,ArchType.IV
13,161,1.3353483277899416,3.2695538537927606e-25,3.2626236669998714,16.313765982995115,20.57229935624292,5.008166160093672,61,230.467698226927,ArchType.IV
13,162,1.1318143749282983,4.0070452301592795e-25,3.2438777076195127,16.22036336257692,24.905005514340864,6.741293976082291,61,227.95303815460048,ArchType.IV
13,163,1.044621184881389,0.0,3.2257137152523474,16.344834846091167,28.352089797381524,6.900441432689141,61,224.44549632263008,ArchType.IV
13,164,1.0971991001926595,0.0,3.230769217501386,16.645752211184508,30.13186601594835,6.869749992589014,61,220.70327487182416,ArchType.IV
13,165,1.250372435637815,0.0,3.245251381317315,16.905378627204,29.35396636513159,6.826276617733401,61,216.9398707504255,ArchType.IV
13,166,1.171681641573138,0.0,3.256876989613241,17.057776827267187,27.73693610367641,6.84084731170624,61,213.18012736511062,ArchType.IV
13,167,0.825018936480885,0.0,3.2646277043750933,17.151118828022383,27.744037417224003,6.893503765619594,61,209.4211830978377,ArchType.IV
13,168,0.7427268423136524,0.7427268423136524,3.2770308592649053,17.24027179248218,27.898423031830376,6.88660870140242,61,205.66447958373888,ArchType.IV
13,169,1.5517678570590412,0.0,3.278682763847757,16.925730320153875,31.617603250494646,6.041016427493227,61,201.94276001739385,ArchType.IV
13,170,3.599180061780373,0.0,3.2743688828841173,16.650722319645578,35.89288171453559,4.063835907553237,61,199.39218243408064,ArchType.IV
13,171,2.185452687146031,0.0,3.269204905177937,16.494314700279276,37.20169636944007,1.8288137149855075,61,198.02557527160482,ArchType.IV
13,172,1.634335133196262,0.0,3.2610452286787273,16.38475074647323,36.61319457089375,0.3287101224765684,61,198.31747340392926,ArchType.IV
13,173,0.76602454679637,0.08792412046311951,3.2558160972820014,16.321953490926933,35.0363053184241,0.6016325267818446,61,199.9459138336167,ArchType.IV
13,174,1.3710702175617204,0.1596114277165706,3.257157057804088,16.308258222369854,32.42867813656702,0.8719232246683516,61,202.0987715759264,ArchType.IV
13,175,1.3405064512705365,0.1487883186215953,3.2609455834504466,16.316206849553737,29.055645875032738,1.461578654458006,61,204.430074340819,ArchType.IV
13,176,1.4767599098213402,0.15382546841352665,3.264454301481271,16.327938563763038,25.58202345316177,1.9266158364002053,61,206.92242582702536,ArchType.IV
13,177,1.0721168632628082,0.0,3.2668048340075653,16.33698189142606,21.75539115015787,2.23206034759726,61,209.55464160156154,ArchType.IV
13,178,1.8399482303173478,0.0,3.2679711020435778,16.341439887475385,18.386626771681527,2.5983508766505605,61,212.25446618652236,ArchType.IV
13,179,1.9710134095416596,0.0,3.268126099343804,16.34152559238605,15.676534692683703,2.97010409539928,61,214.94207136535542,ArchType.IV
13,180,1.3829540040888313,0.0,3.2677511965174086,16.33931127202941,12.844487340905774,3.3200115709090166,61,217.60949617004317,ArchType.IV
13,181,3.353264641577965,0.0,3.267670496435454,16.33903838641281,10.45785073916459,3.4933657481357536,61,220.27252355956963,ArchType.IV
13,182,2.7772436776131593,0.0,3.268086987305848,16.340845040717923,9.86927550213346,3.0682993706243753,61,222.8728294982901,ArchType.IV
13,183,2.596014231452109,0.0,3.269440540717849,16.34754538925773,9.027242299266984,2.562293786530596,61,225.13256361389082,ArchType.IV
13,184,5.27481640993911,0.3054315723582063,3.2709124854652223,16.35449580724427,9.30957895719005,2.5253509758410697,61,227.00340368652266,ArchType.IV
13,185,2.8229656176297686,1.0080460915460343,3.271763871223721,16.359379469877133,9.002514808375997,2.0767447486933075,61,228.76448210143943,ArchType.IV
13,186,3.0569284570657507,1.1142709678081548,3.271796236758528,16.35977073317655,9.55041734774962,1.1697412976803978,61,230.06502078246965,ArchType.IV
13,187,1.8691871461467817,0.7289119391516922,3.269933483265692,16.350759537463528,14.199482250808003,1.0312746717499728,61,230.95679975891008,ArchType.IV
13,188,1.5130251994131345,3.727234180637507e-25,3.265931016905165,16.331194088233612,17.114259752807,3.9703784308423478,61,231.0448140258778,ArchType.IV
13,189,1.0772707385230471,4.323434865826571e-25,3.251780142786004,16.259397381796312,22.892325821724977,6.179939297702346,61,228.99551483154156,ArchType.IV
13,190,1.068744108510394,0.0,3.231472989355685,16.274652695356345,27.2134761526345,6.905414364948578,61,225.78759266662453,ArchType.IV
13,191,0.8712850731507775,0.0,3.227639724633313,16.51858585572797,29.721826561410083,6.884119128603229,61,222.111847061156,ArchType.IV
13,192,1.2484435807045482,0.0,3.240079348991213,16.814193835612183,29.845684844535892,6.839054406473509,61,218.35578606414666,ArchType.IV
13,193,1.224387572872592,0.0,3.2531127427297104,17.01413693516984,28.449267434349988,6.827889746548481,61,214.60067776489106,ArchType.IV
13,194,0.758532107193717,0.0,3.262079027451265,17.11969346674949,27.273777432892203,6.871611342110913,61,210.84744364166104,ArchType.IV
13,195,0.8689093493307164,0.22257594426569818,3.27189717383131,17.238496394226793,29.06502034961641,6.911271406419618,61,207.09615393829185,ArchType.IV
13,196,1.024526555366339,0.0,3.2806917469155037,17.09411822091855,28.45697782066313,6.456341567848366,61,203.34933239745962,ArchType.IV
13,197,2.908508955972374,0.0,3.27601057745488,16.73796621145123,34.442685527197696,4.937879292021781,61,200.43611811828472,ArchType.IV
13,198,2.717645315316594,0.24877275016322983,3.2715995482698546,16.546893893123947,36.85297302269566,2.8185453496861985,61,198.55328623962257,ArchType.IV
13,199,1.742325101814432,0.28107176014628915,3.265066784343978,16.426311506290265,36.87222184963231,0.783278301314552,61,198.0814828186021,ArchType.IV
14,0,0.0,0.0,1.989134523308792,5.852242768517137,6.414004579094645,0.9691497837558964,61,3.701790679931642,ArchType.V
14,1,0.0,0.0,2.20632789932901,9.155394837991704,18.09586152966284,1.0036830251981357,61,8.135663146972657,ArchType.V
14,2,0.0,0.0,2.441672555000579,11.091545730947283,32.500755957351416,2.564328065206841,61,12.747576293945304,ArchType.V
14,3,0.0,0.0,2.653961818438976,12.609879568207173,46.658299143690776,5.003056201275169,61,17.543258392333975,ArchType.V
14,4,0.8130502480520909,0.8130502480520909,2.8494647334786007,13.934513998762394,51.07240011835024,5.833947649079517,61,22.429814361572227,ArchType.V
14,5,0.9570970155017942,0.9570970155017942,2.9341436743244254,14.531103052090552,51.91700495893767,5.775480729852651,61,27.324306121826147,ArchType.V
14,6,0.940133963852755,0.940133963852755,2.9500659432682115,14.655952926508565,53.52161503107626,5.9503593141600595,61,32.02113223266601,ArchType.V
14,7,0.7739665796984857,0.7739665796984857,2.9754289464560313,14.808168897810557,54.97961407244649,6.000030478789939,61,36.34462973022456,ArchType.V
14,8,0.9040328810350262,0.9040328810350262,3.040104343538863,15.173554151464351,57.40856805184339,5.9569946547703525,61,40.38804718017581,ArchType.V
14,9,0.9220594938095418,0.9220594938095418,3.114725741557974,15.578748949427212,59.666098244718015,5.972762536456352,61,44.44755072021487,ArchType.V
14,10,0.7219673641640668,0.7219673641640668,3.173694216379116,15.896107949913437,61.57099865690624,6.050088166295267,61,48.55600842285161,ArchType.V
14,11,0.7304215306920144,0.7304215306920144,3.2145169878277526,16.119693978638853,63.29575412870865,6.271910320008917,61,52.76766967773441,ArchType.V
14,12,0.629176630586863,0.629176630586863,3.241422174692463,16.280272392555332,64.65141418318534,6.307141523691848,61,57.14679626464848,ArchType.V
14,13,0.5434344585695611,0.5434344585695611,3.256886663889211,16.363346106678254,65.58792001792726,6.413831172560128,61,61.687993255615304,ArchType.V
14,14,0.5158305154540573,0.5158305154540573,3.2638287469864316,16.398008783291555,66.22241286470326,6.565765508470959,61,66.37852914428716,ArchType.V
14,15,0.45695700395793276,0.45695700395793276,3.265296851545474,16.405637787656854,66.74020566711906,6.657578966650226,61,71.11470590209954,ArchType.V
14,16,0.4043034208987214,0.4043034208987214,3.2659783033781604,16.401346844274276,67.29153797421782,6.780249758057782,61,75.83635150146482,ArchType.V
14,17,0.3760083380985895,0.3760083380985895,3.269089507421271,16.41077844449076,67.379878567782,6.840684369021341,61,80.5064537353514,ArchType.V
14,18,0.3310770731139375,0.3310770731139375,3.2730822152403087,16.427652428203118,67.35522469171453,6.996564582967501,61,85.10821954345674,ArchType.V
14,19,0.3004989806045439,0.3004989806045439,3.2753276256019093,16.43560859466746,67.64909137274515,7.020277800262363,61,89.62612680053668,ArchType.V
14,20,0.2715903527484682,0.2715903527484682,3.2756844914325702,16.43313911396858,67.75235986630634,7.011920874387807,61,94.11773919677707,ArchType.V
14,21,0.24689146283257354,0.24689146283257354,3.2751323817160958,16.425919263251192,67.88945596704957,7.066588812136946,61,98.59960406494112,ArchType.V
14,22,0.2258072575878792,0.2258072575878792,3.2747281240931754,16.41949076931769,67.11437205859671,7.186557635874425,61,103.08603704833955,ArchType.V
14,23,0.18095709798174425,0.18095709798174425,3.27432256489422,16.406737461386868,63.38376445743385,7.293150120367673,61,107.58193255615207,ArchType.V
14,24,0.1653811173552905,0.1653811173552905,3.274149657612458,16.394521009411417,59.54697341520115,7.356788379728558,61,112.09259487915016,ArchType.V
14,25,0.1513004015076035,0.1513004015076035,3.274202499996082,16.388274374622537,54.060050274561334,7.0583917239986675,61,116.58872604370082,ArchType.V
14,26,0.11203900324343828,0.11203900324343828,3.273694079716594,16.37389987011852,51.104872866010005,7.269597433318629,61,121.06099948120091,ArchType.V
14,27,0.10088961194972554,0.10088961194972554,3.2733982864085345,16.365293096968152,46.703087632974494,7.375482417221377,61,125.48777908325182,ArchType.V
14,28,0.0989062113352356,0.0989062113352356,3.2732722339746063,16.361765252401995,44.06113838907292,7.294593289898808,61,129.86119754028314,ArchType.V
14,29,0.07564105662173265,0.07564105662173265,3.2733786779186635,16.365658989108248,41.516435175913486,7.238115540090943,61,134.18282388305684,ArchType.V
14,30,0.06604018582003378,0.06604018582003378,3.2733194833769654,16.367709288140635,37.71373703515993,7.196414131712418,61,138.46836956787135,ArchType.V
14,31,0.0732834898962359,0.0732834898962359,3.2728166771368126,16.365343878012602,35.44451035191179,7.151313453777739,61,142.71630383300837,ArchType.V
14,32,0.08410790485364192,0.001824352099001068,3.2718973220292975,16.361276444223723,33.07652092477442,6.628604965815618,61,146.9329380493172,ArchType.V
14,33,0.0875743847564847,0.01711931890984301,3.271259554131908,16.357620887582083,29.813536665234363,6.570519880580889,61,151.2234909362799,ArchType.V
14,34,0.27153004100985595,0.0,3.2707240175698744,16.358802696787745,28.28652170614561,7.189100829399244,61,155.55602496337937,ArchType.V
14,35,0.1251618359284871,0.0,3.2701764881000375,16.35593530294447,25.40662419189891,6.633170463497435,61,159.94288693237323,ArchType.V
14,36,0.7582318378619748,0.0,3.2692874970196386,16.354387886051384,22.60867000244908,6.426703953897291,61,164.45574166870122,ArchType.V
14,37,0.9084983167930176,0.0,3.268180435128492,16.34520041156324,23.30585046343574,6.038936543229363,61,169.08002075195319,ArchType.V
14,38,1.31060661695077,0.0,3.2673542742267054,16.33825969664196,23.802895227747474,5.872528909651401,61,173.75644241333006,ArchType.V
14,39,2.153030257130359,0.0,3.2665915832414165,16.33334548215767,24.032940988249045,5.9585956620568155,61,178.45924353027348,ArchType.V
14,40,1.7149523534935052,0.0,3.266742096472767,16.333122998786493,85.10441082374446,5.706875678334699,61,183.22186621093752,ArchType.V
14,41,1.4776129108543825,0.0,3.267785426506271,16.33638809754992,76.75386512405727,2.4705236430820334,61,188.01989682006834,ArchType.V
14,42,1.8048644858852505,0.0,3.2689885616847048,16.343337045979695,67.91484453617444,1.2743204330058524,61,192.84349014282228,ArchType.V
14,43,1.9871778663142088,0.0,3.270263882927981,16.350209442821658,60.834535882429755,1.3487067134709894,61,197.6689223937989,ArchType.V
14,44,1.7341415392611268,0.0,3.27128881218185,16.357698981721896,40.40663690202845,3.6465239144953565,61,202.48916012573275,ArchType.V
14,45,1.4669818836792994,0.0,3.271646022098215,16.358498860440278,37.68949246475703,4.7256159737105925,61,207.350938903809,ArchType.V
14,46,4.398506379577076,0.0,3.2697143384252803,16.346437275208395,40.20283891385834,4.016741795369163,61,212.24113043212955,ArchType.V
14,47,2.769892158956066,0.0,3.268763030306206,16.344005382334704,43.453742006055926,3.199110733845061,61,217.09623428344813,ArchType.V
14,48,3.5946477053742103,0.0,3.2694449937861627,16.34732633317571,31.088089993450115,1.5947491928539537,61,221.92379751586984,ArchType.V
14,49,4.376229696369929,0.0,3.2692594631168865,16.34503356926909,37.37557025834481,4.167481033531471,61,226.71943429565525,ArchType.V
14,50,7.412786083327115,0.0,3.266230670201357,16.327572413690408,42.603232389069895,4.257685978968975,61,231.51552023315534,ArchType.V
14,51,25.779061080024473,0.0,3.267106112457814,16.334826604969685,51.831144421562534,2.3713840033564493,61,236.26677297973762,ArchType.V
14,52,4.06507354562235,0.0,3.2691011639597134,16.347242112416133,47.03151644327453,2.321475339554668,61,241.02020303344867,ArchType.V
14,53,7.632115749882107,0.0,3.2514916378421628,16.257210534297208,42.63024498414452,3.2442606954294075,61,245.76660971069478,ArchType.V
14,54,9.917077124316158,0.0,3.1902146518399968,15.954992361056911,38.56276104184053,4.1614135968945,61,250.4853619689953,ArchType.V
14,55,4.840585209241431,0.0,3.0997623025969125,15.50762483073178,46.842903950559844,4.904494755552995,61,255.39819869995213,ArchType.V
14,56,4.803874592137293,0.0,2.9990452499732507,15.009649885605226,61.39715034439546,2.196834334856752,61,254.68558229065061,ArchType.V
14,57,1.916606637760785,0.0,2.9202588738756083,14.61834886733293,80.30851688895918,1.4706259398885604,61,249.79101097107085,ArchType.V
14,58,1.2764043699657022,0.013632613019905166,2.8857016174543553,14.44503190116539,84.68180169974494,1.1207857871779872,61,244.6189830474868,ArchType.V
14,59,0.982857174958685,0.011247495228397427,2.8831209997153433,14.428285723954911,66.10042679562589,0.33895673879022525,61,239.4621902313245,ArchType.V
14,60,1.157573232815631,0.013998503555719546,2.886863531373823,14.443361314352126,50.518201023326526,1.5745011547178467,61,235.62844408416888,ArchType.V
14,61,1.1087896275064009,0.013434295964384332,2.9004102703856716,14.511241571740177,39.419758232644696,3.0221610219324986,61,239.60739330291867,ArchType.V
14,62,0.7072593372805104,0.0,2.92415421178165,14.631272142394389,37.96370264714643,4.816889647016865,61,244.42753838348514,ArchType.V
14,63,2.5867928308659693,1.8644786385981342,3.0230825146464855,15.210583642722904,41.939847106465415,5.418435947068399,61,248.92256075287,ArchType.V
14,64,4.999804544819199,3.0881329100753434,3.152571790606409,16.22657025328043,43.11595926053388,5.415535209411297,61,253.27273177337796,ArchType.V
14,65,5.886533867686955,4.219494173459859,3.259653382788545,17.368786853040802,41.40816738051021,5.378009459232338,61,257.7145893783586,ArchType.V
14,66,5.014884715627087,3.486446284541834,3.3480429844583965,18.687914380734533,31.503075946505845,5.334932260322782,61,262.08926668548713,ArchType.V
14,67,10.617961686013038,6.747594499525218,3.447982819415287,20.81347691743171,10.303364619119174,5.470721550556502,61,265.42800099945146,ArchType.V
14,68,21.163110552573162,0.8097317937872225,3.4390312517892854,21.55656643960857,9.66386898361057,5.377083902689993,61,268.9798364791874,ArchType.V
14,69,26.507859767982985,0.0,3.340376687977361,20.761405802942267,22.191894163513506,5.112447463685326,61,272.06939400482213,ArchType.V
14,70,23.658259525025226,0.0,3.268372416963938,18.74042021760928,25.608012894409033,4.858147893581607,61,273.9547511367805,ArchType.V
14,71,13.225784357647777,0.0,3.2150241531735193,17.404284161176236,22.114124441399753,4.887741694955557,61,270.9407019577037,ArchType.V
14,72,5.542250759703227,0.0,3.1847550725056593,16.88468172852694,20.655336972494183,4.846003233787075,61,265.89821021270893,ArchType.V
14,73,4.1377337552719355,0.0,3.1816760589774167,16.65200257805611,18.72506756848918,4.818123113026639,61,260.7718312149059,ArchType.V
14,74,2.2625926843896385,0.0,3.2027622339450237,16.742118650415662,12.369124534213405,5.028893958841983,61,255.6131118545547,ArchType.V
14,75,1.6492506574818993,0.0,3.228205036833194,17.013592117847036,7.7459637334362315,5.228319059347454,61,250.44638922882206,ArchType.V
14,76,0.9061426396949945,0.0,3.24809107659974,17.30667673144299,9.122234386320473,5.28431419053006,61,245.27853917694193,ArchType.V
14,77,0.975711909975459,0.24993438676364962,3.266769450339521,17.475698176405864,9.946207235885474,5.309725847225122,61,240.1095939254771,ArchType.V
14,78,1.055730594589004,1.055730594589004,3.291790249381832,17.513864100917974,14.227808435517646,5.313768420439304,61,234.9401612472546,ArchType.V
14,79,0.8209932263964281,0.8209932263964281,3.3012217698419786,17.38018976428842,19.96212017218262,5.3116374025823845,61,229.77241190338253,ArchType.V
14,80,1.7116260170701956,0.20883712533577736,3.29467407168061,17.059590088060304,23.282794892990104,5.292266455111332,61,224.60833286285498,ArchType.V
14,81,5.739627866428224,0.2668832173028826,3.284940314649053,16.756406410012445,25.62052898614184,4.849734610226299,61,219.45100579071152,ArchType.V
14,82,3.6294870998770286,0.03035413671252429,3.2780399380658847,16.564706365121484,22.404962964150723,0.7423121521437427,61,214.3043497390761,ArchType.V
14,83,4.211333894201984,0.3228257287167532,3.2378326097093564,16.279359443225704,28.528369186309785,2.5371295494162944,61,209.65100229644906,ArchType.V
14,84,4.981071148532295,0.0,3.1556883171099765,15.75839188481486,33.379737921552405,3.930063488266333,61,214.32758609771884,ArchType.V
14,85,0.996244745836897,0.0,3.1178166287131703,15.51233399277404,32.56213532495269,4.1571851000091575,61,219.3590699539202,ArchType.V
14,86,0.524414416784318,0.009855762543762973,3.134820888212098,15.563928948142058,32.86336212520102,4.487336106374885,61,224.35966968536565,ArchType.V
14,87,0.3626636169527513,0.0,3.174445643670785,15.747182878115005,34.31675559560539,5.014113250566748,61,229.32812845611738,ArchType.V
14,88,0.8120191946260141,0.8120191946260141,3.212143545782608,15.995659148074408,35.9548946011532,4.935678377546142,61,234.31949829864647,ArchType.V
14,89,0.6224520131578127,0.6224520131578127,3.241308930326,16.200793574341887,35.594424774419124,4.968704859881389,61,239.0466073074357,ArchType.V
14,90,0.6661802348007173,0.3325719931300497,3.259679910789018,16.345406857493842,36.244240815512065,5.015580505809078,61,243.77065076446672,ArchType.V
14,91,3.6638110733712645,1.004484687903026,3.273116646652364,16.509942460588235,36.92136560268655,5.0649399351212265,61,248.51384284210366,ArchType.V
14,92,4.136514951292747,2.702245304509836,3.296360914365011,16.948495312757878,35.04739274660271,5.020032184031046,61,253.1583269729628,ArchType.V
14,93,5.259157813271466,2.153084517763141,3.3193433960277834,17.460766694868127,32.789612783398475,4.968390214940338,61,257.55123142242564,ArchType.V
14,94,14.373469644298863,5.917995864926274,3.358733761839256,18.349051365774724,26.717243101883035,5.152122862892851,61,261.8973821792612,ArchType.V
14,95,12.579776166957775,7.086664062766438,3.462090077640049,20.96483412612561,14.666692493242687,5.152091914095535,61,266.20292545318716,ArchType.V
14,96,22.007866521849902,0.0,3.471136341658864,22.076582543529657,23.85551188712997,5.109119006137938,61,270.446145576478,ArchType.V
14,97,45.890811277867805,0.0,3.3461806169088986,19.882363988752907,37.733511892798006,4.899908865807592,61,273.69005625152727,ArchType.V
14,98,32.472456499291056,0.0,3.2795706351345615,18.178134374459663,37.95823554463519,4.788326305051093,61,274.9159355545057,ArchType.V
14,99,14.513352848395519,0.0,3.256220133349341,17.333873297308294,33.01011644853094,4.567091869172812,61,272.0083916397107,ArchType.V
14,100,5.018555695347793,0.0,3.2467018606419664,16.901222121309573,31.592200718114455,4.530076862802152,61,267.41331233978394,ArchType.V
14,101,4.415482205218976,0.0,3.240335500683384,16.64612239768362,30.218454226623944,4.4697028985605725,61,262.39692914581406,ArchType.V
14,102,2.395346916888943,0.0,3.237676103102529,16.54575583922027,23.80366705035521,4.58900881576822,61,257.2940775527959,ArchType.V
14,103,1.5008651852024362,0.0,3.240958132592952,16.665011396360335,12.185081009374052,4.894125993289619,61,252.15024686431912,ArchType.V
14,104,1.2694688297170298,0.0,3.2497211894752867,16.913171426586825,5.424752283019834,5.071093122088105,61,246.98352625274697,ArchType.V
14,105,1.1216564457377374,0.0,3.25999387031993,17.167295323156807,7.128704619064368,5.107960717250479,61,241.8141172409061,ArchType.V
14,106,1.3511932824455501,0.24155467731990257,3.2696880841511313,17.350045979272593,9.652985423574277,5.115579220901328,61,236.64753157806405,ArchType.V
14,107,1.3730913585972324,0.8885983243891507,3.283973514098878,17.42565672118234,12.382544822750235,5.132186459257872,61,231.48314134979262,ArchType.V
14,108,2.0697690408080684,0.584870941889509,3.297490518073935,17.368006407520777,14.851087188746401,5.134077214009879,61,226.32172805023237,ArchType.V
14,109,4.0811340567355945,0.0,3.2939297327303283,17.094367685016124,16.697639472440148,5.040429399601891,61,221.1656250839235,ArchType.V
14,110,11.25741772715171,5.51300888298937,3.284206505707969,16.748421475698635,18.605179378451247,1.7910278230052599,61,216.0149397048953,ArchType.V
14,111,4.305186570727904,0.1261568337987455,3.2568767713565174,16.454706334796093,24.286437080301095,1.9168906832735095,61,211.0635796432499,ArchType.V
14,112,4.055946569157073,0.0,3.176881444711665,15.972676299865894,28.904538915832784,3.314886955576502,61,215.43640694427557,ArchType.V
14,113,0.9787662081271612,0.0,3.1110800849386715,15.595133945694302,28.96268267536,3.773371978395039,61,220.5009300766,ArchType.V
14,114,0.7427629226884906,0.00200982606965469,3.111607047805492,15.555671519920537,31.30882726658172,4.384484425588204,61,225.4955618515022,ArchType.V
14,115,0.8810629306379149,0.8810629306379149,3.15499187477305,15.757701908014758,34.58347753742819,5.174836464766457,61,230.46539125824046,ArchType.V
14,116,0.7946798029798425,0.7946798029798425,3.2033483105992095,16.030881052606848,35.568466420722196,4.91898147513832,61,235.39697277069132,ArchType.V
14,117,0.5895044350259581,0.4489164083289752,3.2385492997388137,16.240914364827294,35.55834256561668,4.96667586908458,61,240.03399141693131,ArchType.V
14,118,0.6699594289505632,0.3583599993872936,3.2583369241345186,16.368300199967972,36.39199428655147,5.0442714073726025,61,244.82346486663818,ArchType.V
14,119,2.9291908967828824,1.1107027290792633,3.2759559442273773,16.599862428544867,36.67637427649971,5.025643035520893,61,249.5121567916873,ArchType.V
14,120,4.043185822608748,1.793584155410368,3.3019792189197386,17.099059135249107,34.54809837188362,4.99711541117509,61,254.1233951950079,ArchType.V
14,121,5.1111087948094225,2.2198926736480393,3.323885369489515,17.578317406478085,31.852422719039346,5.0026848445773435,61,258.52476012420703,ArchType.V
14,122,15.753936474375445,7.233739489965487,3.384529832314175,18.972773661245867,23.19652304678007,5.151674105476572,61,262.8279669723515,ArchType.V
14,123,13.627541087240688,6.400265313758036,3.4781247894424525,21.43527098134775,15.296679658856307,5.151642643183635,61,267.18191252899254,ArchType.V
14,124,53.53482240674376,0.0,3.4364121561669827,21.59224669501532,27.59075054736223,5.026616125645239,61,271.3029959945689,ArchType.V
14,125,59.984347678226264,0.0,3.3264223222900147,19.372815642974437,40.51580412127058,4.828222144215538,61,274.2490989913952,ArchType.V
14,126,33.0481755249581,0.0,3.2742818406992473,17.85340056845127,38.95213840342095,4.557439621651495,61,274.6407061080941,ArchType.V
14,127,15.096306764751441,0.0,3.2569320952606104,17.103051371170746,36.56429452098798,4.493617777238138,61,271.9703245162969,ArchType.V
14,128,6.033200262470289,0.0,3.2527338971050748,16.74045051545931,35.04894776755542,4.43727245090304,61,267.54411240386986,ArchType.V
14,129,5.701754638136584,0.0,3.2534519414096374,16.561807247942728,33.679856332757595,4.381087334047072,61,262.6994283065796,ArchType.V
14,130,2.5621275969922954,0.0,3.254760232392439,16.516274842857246,26.77658840053852,4.588932969855159,61,257.695770072937,ArchType.V
14,131,1.7790755589311198,0.0,3.251287848639981,16.647346095454406,14.937062199748208,4.8742211000789375,61,252.5980525741579,ArchType.V
14,132,1.367436412982397,0.0,3.2501609285968787,16.864082236182433,5.303520196525088,5.046806173615232,61,247.45278025054964,ArchType.V
14,133,1.1323377556782446,0.0,3.2575660817873637,17.078743744284868,4.9556530331200666,5.097659412108293,61,242.29268874359192,ArchType.V
14,134,1.311471030370054,0.0,3.265166730027857,17.284623028381404,7.27064140618653,5.0933659208264785,61,237.13639040374838,ArchType.V
14,135,1.4121904564193934,0.15381408104146674,3.26996917652677,17.30599569958228,10.098042266726031,5.131606800545814,61,231.98252013397288,ArchType.V
14,136,2.6257826820408643,0.3807392226460325,3.283947466568919,17.291363422230724,12.924060466249923,5.152250600184773,61,226.8304117507943,ArchType.V
14,137,2.815859867837319,0.0,3.2885197724883906,17.093826180850282,14.461924754017534,5.125905688329474,61,221.68279041290364,ArchType.V
14,138,5.907749734516401,0.0,3.281380928410487,16.7482407938878,17.082324530791443,2.1377336078189306,61,216.53846071624858,ArchType.V
14,139,5.649474020540881,0.1851959041689674,3.2582645615084056,16.46935031188195,22.734627754965228,1.708937051941161,61,211.57486966705417,ArchType.V
14,140,3.3312149293477304,0.0,3.1823864630114835,16.008242888442812,27.677470817594518,3.1667052771256565,61,215.90389603424185,ArchType.V
14,141,0.7553534371402026,0.0,3.1098501026941876,15.599851018855176,28.3115025385452,3.732501700689147,61,220.97108188629286,ArchType.V
14,142,0.7294988796729407,0.17915671861839635,3.1054815919931826,15.544772172779217,31.454696628884918,4.545665184787032,61,225.9556257400528,ArchType.V
14,143,1.0450230926136905,1.0450230926136905,3.151728966161809,15.75514968868199,35.016488893805686,5.138334320249536,61,230.9207470474257,ArchType.V
14,144,0.7392608489686113,0.7392608489686113,3.2032841852595095,16.039490944697274,36.32406489832735,4.914535645761704,61,235.8181976089493,ArchType.V
14,145,0.5882254698584652,0.45928743078618717,3.2390538140005254,16.251339138007634,36.3090395921039,4.953765717044086,61,240.50002225494555,ArchType.V
14,146,0.6655915174064592,0.36409253220952237,3.258652530501614,16.373445389133458,37.04172140627924,5.054245189870708,61,245.27732816314872,ArchType.V
14,147,2.914299220864292,1.0893007101391317,3.27771822025756,16.637276569876345,36.990770238128235,5.019242469751042,61,249.95496637725992,ArchType.V
14,148,4.020284737649026,1.777329985895129,3.3044894146984896,17.155695178243008,34.860719985281406,4.990555556715832,61,254.53954233551192,ArchType.V
14,149,5.012606671752591,1.731461785871896,3.326428215147461,17.634780295049183,31.94790936734306,5.012838759768368,61,258.93009726715235,ArchType.V
14,150,11.038661654880466,7.08348416910498,3.396039776228061,19.24663378045997,21.958116776865797,5.151647292959416,61,263.20415116119506,ArchType.V
14,151,15.632160149305431,6.338635841060582,3.484540789363283,21.620966426765435,15.883794958408272,5.151743293199945,61,267.5502002029429,ArchType.V
14,152,48.546565565012216,0.0,3.4296388659187254,21.51412105595047,28.853440952166828,5.000719301874943,61,271.61532324981766,ArchType.V
14,153,27.441393825059205,0.0,3.322805555413802,19.281910988564043,39.58426526479147,4.872999959793442,61,274.46335980987607,ArchType.V
14,154,24.724757740181907,0.0,3.272640170327553,17.831684835463072,36.62924799301039,4.659809585085423,61,274.54945407867496,ArchType.V
14,155,14.061749946824413,0.0,3.2539652814499704,17.14147317372361,33.48846205768417,4.55297026351879,61,271.371621452332,ArchType.V
14,156,5.690460833380585,0.0,3.2458291844434246,16.771178289050486,32.01450144400697,4.50111086929293,61,266.6040519943244,ArchType.V
14,157,3.433937810115845,0.0,3.242272053995713,16.551718534239814,30.16722089177848,4.444328576864062,61,261.5775164260867,ArchType.V
14,158,2.2745280061611064,0.0,3.2408206456005058,16.52776823506409,21.95848675952844,4.636796464081527,61,256.4736134414672,ArchType.V
14,159,1.4284026638888567,0.0,3.243652394174615,16.689662908527925,10.830404588687319,4.923146061234968,61,251.32738741302495,ArchType.V
14,160,1.1579920671992678,0.0,3.251951445127647,16.938433327976618,5.15574230733206,5.088812723031322,61,246.16019599151633,ArchType.V
14,161,1.0989193442601615,0.0,3.2615969906241524,17.195294013238016,7.347035138030351,5.10552335875051,61,240.99150251007103,ArchType.V
14,162,1.2702921985227005,0.235404741518736,3.2722507972335357,17.378836829083586,9.897511875510443,5.114885111783734,61,235.8256510086062,ArchType.V
14,163,1.3500166746663698,0.8871178084038109,3.2871289397413883,17.428693734872038,12.624520976269883,5.129333747669757,61,230.66182524871823,ArchType.V
14,164,1.905875269939953,0.5962775844824633,3.2975455364309045,17.332496439819447,14.616468087935544,5.131009389301635,61,225.50139032745386,ArchType.V
14,165,3.748463243747609,0.0,3.291480983839932,17.01425053088944,17.574946148457716,4.7964414818431225,61,220.34618416595492,ArchType.V
14,166,7.868093057217502,0.611932787858951,3.2827194363448102,16.70597277765299,19.042174372064704,1.42079960091742,61,215.20014394378722,ArchType.V
14,167,18.12411378212979,0.0,3.2489163427199492,16.400022052080104,26.749757659261068,2.1608761839406023,61,210.36437351226886,ArchType.V
14,168,4.815707371469739,0.0,3.1662575199490965,15.894960151514146,30.62349398480376,3.6349827084955297,61,214.94050308990552,ArchType.V
14,169,1.2400894669012288,0.0,3.113716690888719,15.57949457431545,30.554761920755883,3.9967690430016325,61,219.98587961578454,ArchType.V
14,170,0.7035734937905254,0.7035734937905254,3.125067721428316,15.577215284713596,32.3583769169941,4.417380699416526,61,224.98549643707332,ArchType.V
14,171,0.6392357823631883,0.4431438789623123,3.1674149762768833,15.772657411166094,33.758571478134286,5.30325094605077,61,229.9542976150521,ArchType.V
14,172,0.7801913080848334,0.7801913080848334,3.21026019051402,16.03196037366244,35.43683618662683,4.919656792731973,61,234.9378484878548,ArchType.V
14,173,0.5753704584237382,0.5380759866255685,3.24149874128536,16.23274473503335,35.25139743325267,4.963501198134403,61,239.6324630508431,ArchType.V
14,174,0.6612222912617339,0.34766754522645565,3.2598819325725596,16.364336053598134,36.02166664229043,5.022197336179203,61,244.3937916336066,ArchType.V
14,175,3.0023433632707714,1.1053845392427388,3.275571525488687,16.57144919966477,36.393809959925235,5.042652470156712,61,249.11568900299142,ArchType.V
14,176,4.035239911717082,1.710846721526631,3.299851894903078,17.036542250198064,34.3615117011677,5.006143693138155,61,253.7414273452763,ArchType.V
14,177,5.1707504388064995,2.3052698809432286,3.3220336946296873,17.52829247593467,31.909687632878896,4.983602287969017,61,258.1432041702277,ArchType.V
14,178,19.892549415002,6.576420527271655,3.3714956555676983,18.654658822154495,24.87024616415495,5.150500605309223,61,262.4696866531375,ArchType.V
14,179,8.442033976079726,6.675480486756093,3.473674791044906,21.292437517529148,14.747795635447938,5.150897265930479,61,266.7965931167603,ArchType.V
14,180,26.317125723073996,0.0,3.4478599287634624,21.757468776352546,26.039368276581104,5.053284466491781,61,270.9470863418585,ArchType.V
14,181,55.59671342683074,0.0,3.3321181596140037,19.533239986647438,40.606967856707136,4.82842581776177,61,273.98200725555466,ArchType.V
14,182,18.55391231017796,0.0,3.276037389538475,17.914404393086777,39.86585283975534,4.543715419352519,61,274.64959459686327,ArchType.V
14,183,16.440067082698604,0.0,3.2578190843559662,17.1013361791769,37.225867995456674,4.506915673866028,61,272.1443844604503,ArchType.V
14,184,6.039204771253062,0.0,3.253894360940555,16.725517971504175,35.619723979877335,4.447139449259088,61,267.88776715087954,ArchType.V
14,185,4.983484022256796,0.0,3.2549081406498668,16.541765042297175,34.312496653922885,4.392045680982162,61,263.1137543945314,ArchType.V
14,186,2.700423169915796,0.0,3.25656076610354,16.505615374942035,27.83877080956568,4.588813419875909,61,258.1386801147463,ArchType.V
14,187,1.866647063163573,0.0,3.253174930332699,16.639683187281506,16.034732163487092,4.873637952312929,61,253.05873858642587,ArchType.V
14,188,1.441442209487245,0.0,3.2497901946413967,16.85158443067525,5.9259211064981905,5.044398425585822,61,247.92175251770055,ArchType.V
14,189,1.24836954175745,0.0,3.255915376371823,17.051026072357807,4.41860357805539,5.107899564864291,61,242.7633252105718,ArchType.V
14,190,1.1976203764414834,0.0,3.263986424154583,17.264841550046604,6.82736030420836,5.100629321670612,61,237.6080183410648,ArchType.V
14,191,1.1518544929170063,0.0,3.2689970151905676,17.316746930788966,9.735911552820694,5.12751696703076,61,232.45575184631366,ArchType.V
14,192,1.324088216912879,0.7854392874157822,3.2835681007798234,17.313269654580864,12.49893577014064,5.152448655255408,61,227.30494914245622,ArchType.V
14,193,1.7692728802242796,0.26093420697534164,3.290059559473033,17.14698111207677,13.578193325761415,5.156914392911103,61,222.15835200500533,ArchType.V
14,194,3.757967182922379,0.3720574883083377,3.282098326972696,16.77071515451437,16.607919869548056,2.3947618516281044,61,217.0149664459235,ArchType.V
14,195,4.608571822887935,0.013683609091557539,3.2610246916747396,16.495487175413757,22.06253220554091,1.5626588854260455,61,212.02472956848231,ArchType.V
14,196,4.0033468357489665,0.0,3.1873677222001437,16.040684073416912,26.374089059756734,3.064882061846132,61,215.99790116882417,ArchType.V
14,197,0.9948193426464927,0.0,3.1093324791085712,15.60296907541731,27.78260510230068,3.718037606020944,61,221.05908381652904,ArchType.V
14,198,0.6348442656414623,0.04319107186465326,3.0992767809313535,15.52311732271963,31.25019338093622,4.676166934637701,61,226.04529035949787,ArchType.V
14,199,0.907723008034247,0.907723008034247,3.1473054024349225,15.742488392144212,34.998188932916875,5.1235512468267075,61,231.00113041687075,ArchType.V
15,0,0.0,0.0,1.9971398314560993,6.094660365228508,8.157967383094306,0.8303215877153648,61,4.235738494873047,ArchType.II
15,1,0.0,0.0,2.2679715835657004,9.72963563338758,20.815632511888044,1.0219690768481011,61,8.654119049072275,ArchType.II
15,2,0.0,0.0,2.527811636265861,11.592925050737087,35.77751062384959,2.9014721447335594,61,13.093376373291015,ArchType.II
15,3,0.0,0.0,2.736429990361372,13.037231670635203,50.31589682985632,5.350256769682664,61,17.455176147460946,ArchType.II
15,4,2.792112327893364,2.792112327893364,2.917433832344474,14.337138891222956,56.5216497115484,6.52328075540283,61,21.714303100585916,ArchType.II
15,5,1.0860163667247704,1.0860163667247704,3.02520303159367,15.035142779304293,56.702700642716245,6.5215451620022105,61,25.93948843383786,ArchType.II
15,6,1.375692652931568,1.375692652931568,3.0772387654831426,15.35125794526577,57.88113927753648,6.599879139422639,61,30.11449298095701,ArchType.II
15,7,0.9366052049076798,0.9366052049076798,3.1107638340759403,15.52136813995321,58.87458247611035,6.640812842787065,61,34.307048919677676,ArchType.II
15,8,1.0792298905934126,1.0792298905934126,3.1444370804625605,15.720775617734862,60.53925601371936,6.813777168479289,61,38.55296701049796,ArchType.II
15,9,0.9685183248156376,0.9685183248156376,3.1785441662358096,15.934312802412656,61.507469983315964,6.688496153526471,61,42.79197955322254,ArchType.II
15,10,0.6975550834550309,0.6975550834550309,3.205107616011978,16.06476466853075,62.24542460236457,6.729810318812994,61,47.008347900390454,ArchType.II
15,11,0.7233495790917689,0.7233495790917689,3.227759641745929,16.18749381305581,63.025986598045705,6.884408855166996,61,51.176304901122826,ArchType.II
15,12,0.6187731285913868,0.6187731285913868,3.2458158109889217,16.292399327841974,63.38572672626184,6.919022679965546,61,55.3045054016111,ArchType.II
15,13,0.6912073328282775,0.6912073328282775,3.2575334729161343,16.346395357896174,63.51968519131393,7.146732853656929,61,59.39046090698218,ArchType.II
15,14,0.48988670850663696,0.48988670850663696,3.2662053525499095,16.405371390132323,63.67179024890267,7.229155250220528,61,63.507388153075944,ArchType.II
15,15,0.43680502387430875,0.43680502387430875,3.2711282175749665,16.43386396658163,63.358887632068225,7.268234285450262,61,67.6934262695309,ArchType.II
15,16,0.39483160392435784,0.39483160392435784,3.2729338837245017,16.43991382909918,62.68952115484297,7.251798813187833,61,71.84887634277297,ArchType.II
15,17,0.3595241844066035,0.3595241844066035,3.271849718358299,16.427079247350974,61.7831110552283,7.192988482736505,61,75.96352154540972,ArchType.II
15,18,0.28568870406061203,0.28568870406061203,3.2681501699354736,16.387408716853955,60.87151453965307,7.3582489071369475,61,80.05167651367131,ArchType.II
15,19,0.28859545652953633,0.28859545652953633,3.2656271839038347,16.3675739894573,60.01890490594388,7.4873657409263545,61,84.14820434570268,ArchType.II
15,20,0.26398149609048444,0.26398149609048444,3.264960442058523,16.36073536592113,58.52104493526147,7.476764670063032,61,88.24287210082969,ArchType.II
15,21,0.2411902515435572,0.2411902515435572,3.2668560941321134,16.3666967503681,57.552870905970934,7.440502686480109,61,92.21624511718704,ArchType.II
15,22,0.2009957991609306,0.2009957991609306,3.2699115702012715,16.376170436995285,56.53000221367384,7.539881848421789,61,96.02076403808536,ArchType.II
15,23,0.1981623331776418,0.1981623331776418,3.2724900411239237,16.38808347218334,55.42471464746132,7.690658028119996,61,99.63723291015575,ArchType.II
15,24,0.17867045799178036,0.17867045799178036,3.2740064518635448,16.399766990422684,55.18657642009657,7.685407451442969,61,103.06597702026329,ArchType.II
15,25,0.14624536044268935,0.14624536044268935,3.27389648021879,16.388949360225887,53.8344828963466,7.79956509844507,61,106.25763735961883,ArchType.II
15,26,0.1360977290915921,0.1360977290915921,3.273678833419815,16.382686120112858,52.27860658283937,7.7905380627641225,61,109.21742808532676,ArchType.II
15,27,0.12751903715936486,0.12751903715936486,3.2735178478237743,16.379998445062363,50.75320828387946,7.68340450925902,61,111.94071813964814,ArchType.II
15,28,0.09964532526442876,0.09964532526442876,3.273220489851549,16.375629175326985,50.20871501363202,7.671525112723873,61,114.49201754760702,ArchType.II
15,29,0.09911503699023609,0.09911503699023609,3.2728293498914742,16.369089047666435,48.87489438810855,7.701955651422534,61,116.91127365112263,ArchType.II
15,30,0.09244434391767549,0.09244434391767549,3.2726614427920873,16.36645533038097,48.44540600770444,7.711349035362782,61,119.27656788635224,ArchType.II
15,31,0.08662744056701792,0.08662744056701792,3.2726685463065084,16.366075378244712,47.00590068340165,7.640725870580868,61,121.59174427795386,ArchType.II
15,32,0.06844719286924343,0.06844719286924343,3.2726264183855056,16.364315030134712,46.52057099486083,7.63633602393725,61,123.83526440429654,ArchType.II
15,33,0.0670119003740608,0.0670119003740608,3.272548316251969,16.360695611987133,46.01037849708647,7.813933577920282,61,126.01567837524377,ArchType.II
15,34,0.06207785760569118,0.06207785760569118,3.2726004454865247,16.359858065196473,45.41818109420732,7.956970724143393,61,128.15153207397438,ArchType.II
15,35,0.06169905617453603,0.00099948981570393,3.272613894971589,16.361520614578414,43.592206037264525,7.680312522434577,61,130.23510220336917,ArchType.II
15,36,0.0837403756703626,0.0004387845912897533,3.2726535989559284,16.36252470286086,42.69208368082864,7.185141785690876,61,132.22685281372102,ArchType.II
15,37,0.0984365590972765,0.009325276534792438,3.272681378156317,16.363019293452595,41.55697541279824,6.611879626219997,61,134.10317945861865,ArchType.II
15,38,0.08217352651551417,0.007392650874727014,3.27269361718605,16.363239224130634,40.238754347599354,6.012517341630929,61,135.85683821106014,ArchType.II
15,39,0.06723648136398545,0.005609066468196649,3.2726939897877037,16.36330200688475,38.76206846614652,5.436360738107397,61,137.48736531066945,ArchType.II
15,40,0.0536520180357334,0.003949945848489522,3.272690946605238,16.363298188783958,38.894037693903336,4.849732425457572,61,138.97668518066442,ArchType.II
15,41,0.06818046964564094,0.0024205883639894592,3.2726895088931656,16.36328594336565,37.2478046088358,4.304707166140555,61,140.32774856567428,ArchType.II
15,42,0.08156374732338381,0.0010177845939294073,3.2726895323159315,16.363279256050006,35.46011413330954,3.9580685036600283,61,141.54784823608432,ArchType.II
15,43,0.09119421604937557,0.020162486321144937,3.272690378161812,16.36327856579296,35.542939711303866,3.675700177387563,61,142.64629263305673,ArchType.II
15,44,0.0832647711833438,0.01749576595214847,3.272691552138609,16.363290368316562,33.59756316718741,3.5312976400667404,61,143.63404483032255,ArchType.II
15,45,0.07713760384538923,0.015310002154570014,3.2726915660734353,16.363303267441676,33.66200813574944,3.4761699316187733,61,144.54025123596224,ArchType.II
15,46,0.07147630418704873,0.01328710418428901,3.2726900959406615,16.363329340053607,31.559555172656594,3.6219999138555217,61,145.42708796691923,ArchType.II
15,47,0.06603957323444938,0.011352609285623469,3.2726876896535697,16.363350161028855,31.620977632866193,3.661668085812564,61,146.29969818115265,ArchType.II
15,48,0.0607501779448566,0.009475343319283071,3.272685331952452,16.363365616998454,31.681792542116888,3.917785963600642,61,147.16438619995134,ArchType.II
15,49,0.05555547742887515,0.007635094930137544,3.272683595946307,16.363376546791493,29.426174552734643,4.229192047089307,61,148.0217884979252,ArchType.II
15,50,0.056726007434653496,0.005818803778345082,3.272682062030079,16.3633839991137,29.489624667100067,4.483336816574312,61,148.877837783814,ArchType.II
15,51,0.063659872655357,0.004014119303059865,3.27267902239828,16.363380552063486,29.555581286796716,4.878896940224994,61,149.73602862548884,ArchType.II
15,52,0.07055552951460928,0.0,3.2726744623426427,16.363365207377903,27.15041249325153,5.353708891882191,61,150.59431715393103,ArchType.II
15,53,0.07923707357300865,0.0,3.2726731145433012,16.363224438899692,27.523006250142938,5.390133481604461,61,151.43498530578657,ArchType.II
15,54,0.08474270306231535,0.0,3.272682920998893,16.363227745439072,27.8450799332034,5.550305922984084,61,152.2568487548833,ArchType.II
15,55,0.0835927254250811,0.0,3.2726991445568774,16.363399029975135,25.588029117647984,5.67359141270022,61,153.0521842041023,ArchType.II
15,56,0.08211114674107524,0.0,3.2727121840826934,16.363500858766145,25.899820634639987,5.741043392017402,61,153.8124863586431,ArchType.II
15,57,0.09017361182643996,0.0,3.272717024168997,16.363492452042664,26.2197764010557,5.923799723291919,61,154.52010513305717,ArchType.II
15,58,0.09476889698513273,0.0,3.2727179382860845,16.363512631170572,23.89353063828742,6.068066196807299,61,155.16696475219803,ArchType.II
15,59,0.09650546552230901,0.0,3.27271707744526,16.36352936551921,24.31468368094187,6.153944792998696,61,155.76079455566477,ArchType.II
15,60,0.09724207876752076,0.0,3.272715051165071,16.363528812061492,24.663415844801683,6.311758990088443,61,156.30559567260835,ArchType.II
15,61,0.10270381805763254,0.0,3.272710145298441,16.363473858969634,25.096216426709024,6.466026691065648,61,156.80974247741764,ArchType.II
15,62,0.11509486691981372,0.0,3.2727021135785126,16.36345507669883,22.46374702642386,6.543314636271579,61,157.27213272094812,ArchType.II
15,63,0.13716288311785296,0.0,3.2726924508924804,16.363387008342386,22.86339376275177,6.562940868066209,61,157.69315463256945,ArchType.II
15,64,0.15623376016285517,0.0,3.2726827436242494,16.363361406935446,23.227369872040427,6.602721108748324,61,158.07466174316502,ArchType.II
15,65,0.1732162010746703,0.0,3.2726724741339877,16.363316011281494,23.520261738361643,6.677341182038824,61,158.4177406921397,ArchType.II
15,66,0.1629094380221395,0.0,3.272663874890343,16.363292457061664,23.75668608817576,6.7755261908098054,61,158.72488400268642,ArchType.II
15,67,0.17286134998336689,0.0,3.2726589290139394,16.363267420037804,20.74429186305979,6.812453618625508,61,158.99806958007898,ArchType.II
15,68,0.16936268839678845,0.0,3.272658487980446,16.363271687640164,20.89639935337922,6.835164746462722,61,159.23992539978084,ArchType.II
15,69,0.16947977619898885,0.0,3.2726611304297673,16.363292319447716,21.00883928674318,6.871900230037488,61,159.45472802734415,ArchType.II
15,70,0.18331010488497138,0.0,3.2726654504584403,16.363302863299776,21.101956348633006,6.9161628780305255,61,159.64612963867214,ArchType.II
15,71,0.17631069749153438,0.0,3.2726711480836537,16.363338299346378,21.187867055391727,6.964094582857049,61,159.81685035705587,ArchType.II
15,72,0.17946472133321875,0.0,3.272677571514041,16.363372095950197,21.266525562529907,7.012946703355991,61,159.96883435058626,ArchType.II
15,73,0.1784534400941891,0.0,3.2726842546469648,16.363406288044118,21.33984067315094,7.061109350635785,61,160.10402679443385,ArchType.II
15,74,0.19751847964081581,0.0,3.2726906636492816,16.36342661522876,21.406155434141724,7.107630058382605,61,160.22424697876002,ArchType.II
15,75,0.18042123298500481,0.0,3.2726968041021367,16.363472044902824,21.46719677384705,7.152665515881337,61,160.3311304016115,ArchType.II
15,76,0.19660576022977735,0.0,3.2727020745952435,16.363494107385353,21.53431144647453,7.187779859168729,61,160.42604971313463,ArchType.II
15,77,0.19736365989227,0.0,3.272706463438359,16.36352119049717,21.596902741401195,7.217890206199092,61,160.51119279479983,ArchType.II
15,78,0.1985068334655565,0.0,3.2727097556963347,16.36353995549346,18.27579204600725,7.231417898227576,61,160.58750479125993,ArchType.II
15,79,0.1985831307951675,0.0,3.272712273330357,16.36355446189203,18.31799574531401,7.232714354192735,61,160.65531854248061,ArchType.II
15,80,0.19669136579438612,0.0,3.272714377154649,16.3635650438173,18.354781760597323,7.235105175003293,61,160.71526448059095,ArchType.II
15,81,0.19652416401472916,0.0,3.2727162652065345,16.363575154414463,18.39026644809929,7.237749681772967,61,160.76802238464379,ArchType.II
15,82,0.19615745765063344,0.0,3.2727179509156756,16.36357763466243,18.422126963533934,7.24050048040611,61,160.81437072753957,ArchType.II
15,83,0.18261476702263132,0.0,3.2727195237782185,16.36358994974526,18.441226969272883,7.245418660675822,61,160.85502403259298,ArchType.II
15,84,0.15833576488991594,0.0,3.2727209617637043,16.363599842733727,18.47184109386019,7.247884336552601,61,160.89045915222195,ArchType.II
15,85,0.12732564625350648,0.0,3.2727219720093683,16.363674948416353,18.504836702716243,7.249477332814097,61,160.92151699829137,ArchType.II
15,86,0.1259549250822401,0.0,3.2727231361157427,16.36437451834487,18.66786239227248,7.233682592117139,61,160.9488335418707,ArchType.II
15,87,0.1333003624010287,0.0,3.272724024472583,16.364945854991255,18.804406315730102,7.220394904392662,61,160.9744979705815,ArchType.II
15,88,0.1803414460156719,0.0,3.2727246524376934,16.36551793218941,18.927300808655957,7.207271236353382,61,160.9985440216066,ArchType.II
15,89,0.2155887714459779,0.0,3.272725111484473,16.366097492921423,19.040129690705157,7.1946008448954215,61,161.02126173400913,ArchType.II
15,90,0.2529768721934952,0.0,3.272725430769871,16.366718267851983,19.145711453338635,7.182756016933624,61,161.04271002197302,ArchType.II
15,91,0.28962029526006067,0.0,3.272725661305008,16.367357370756384,19.246143188106636,7.1715669077438084,61,161.06289643859915,ArchType.II
15,92,0.3254555865171339,0.0,3.2727258382332995,16.367999145741475,19.341772462445302,7.161008421658064,61,161.08185572814997,ArchType.II
15,93,0.32052279791838983,0.0,3.2727260565570253,16.368551827261662,19.425134361394893,7.151432388572036,61,161.09963270568912,ArchType.II
15,94,0.3029548061942001,0.0,3.2727261764560582,16.368615108607436,19.455410509148642,7.148873429046822,61,161.11622032165613,ArchType.II
15,95,0.32869941078789466,0.0,3.272726233750375,16.368650014695792,19.485076616003894,7.145551121282404,61,161.13093325805775,ArchType.II
15,96,0.3248161661803136,0.0,3.27272637105942,16.368709203470402,19.533915923587745,7.138771488581646,61,161.14420556640752,ArchType.II
15,97,0.3225837502402678,0.0,3.272726477897558,16.36866466259823,19.568854107113534,7.13343347807164,61,161.15655639648546,ArchType.II
15,98,0.27384888131767876,0.0,3.2727266717494534,16.36856497228251,19.587396892787304,7.130250113731744,61,161.1677964172371,ArchType.II
15,99,0.2766978973948321,0.0,3.2727266860582946,16.368329038278645,19.546876840785327,7.135138176522894,61,161.17769903564525,ArchType.II
15,100,0.32600221217927444,0.0,3.2727266169294436,16.368386765457508,19.549256621321984,7.133700210617117,61,161.18550692749082,ArchType.II
15,101,0.3199854756747477,0.0,3.2727267369079023,16.368472160800437,19.575206562326194,7.129200176259043,61,161.19225486755457,ArchType.II
15,102,0.319906808324103,0.0,3.2727268030123464,16.368468053080854,19.593737812023583,7.125307076520021,61,161.19827972412187,ArchType.II
15,103,0.32062244309356447,0.0,3.272726843933779,16.368434432143317,19.604525432546748,7.121919674276525,61,161.2035195617681,ArchType.II
15,104,0.31869001229189886,0.0,3.27272687876317,16.368392737127223,19.60564181683467,7.119538660912706,61,161.20794668579126,ArchType.II
15,105,0.31625266205706654,0.0,3.27272690925145,16.368359465267314,19.59502677257358,7.118628434481326,61,161.21145635986355,ArchType.II
15,106,0.3278062821057028,0.0,3.272726896420549,16.368336029620945,19.56607337106011,7.119782730918557,61,161.21391262817403,ArchType.II
15,107,0.3255157998911419,0.0,3.2727269170641122,16.3683484279504,19.512304124083993,7.123348698658527,61,161.21515888977083,ArchType.II
15,108,0.30978580190933674,0.0,3.2727269108078323,16.368310089998864,19.421988812455293,7.131134291546524,61,161.21500027465848,ArchType.II
15,109,0.2710821008362721,0.0,3.2727269440562163,16.368144687122683,19.295157232537846,7.142915079735993,61,161.21298057556183,ArchType.II
15,110,0.2521008359273299,0.0,3.272727001834326,16.36811976076651,19.219718911643813,7.146064737026112,61,161.20876191711463,ArchType.II
15,111,0.24153050569486553,0.0,3.2727270084919584,16.367957976971994,19.1308839333294,7.150672497262648,61,161.2035140228277,ArchType.II
15,112,0.21938199605620326,0.0,3.2727269988605094,16.367713208173708,19.028693076612452,7.156279244973447,61,161.19684413147,ArchType.II
15,113,0.17278152138805472,0.0,3.2727270520252967,16.36742456092543,18.917564966809568,7.162728196062069,61,161.18860520935098,ArchType.II
15,114,0.1570258909314855,0.0,3.272727012887667,16.36709517290157,18.799506904845163,7.169783078182955,61,161.17870510864313,ArchType.II
15,115,0.12556800829977993,0.0,3.2727270310066783,16.36675152415205,18.674340060843207,7.177281906460356,61,161.1671377868656,ArchType.II
15,116,0.115218034166151,0.0,3.2727270298367177,16.366391130022254,18.55146370584442,7.185173927234385,61,161.15395208740298,ArchType.II
15,117,0.11647630511260486,0.0,3.2727270197798486,16.366009140433363,18.445751947188498,7.196510069011698,61,161.13913844299393,ArchType.II
15,118,0.12709213739470937,0.0,3.2727270259434236,16.365747230698354,18.37040031918715,7.204690148299909,61,161.12245062255928,ArchType.II
15,119,0.12797961317740988,0.0,3.2727271171527623,16.36557676828235,18.313857981966002,7.211446309865576,61,161.10520034790105,ArchType.II
15,120,0.12884789318786646,0.0,3.272727123481357,16.365452380712686,18.270761538150573,7.216711930594105,61,161.08813839721765,ArchType.II
15,121,0.12880801323702146,0.0,3.2727270594760514,16.365372189815865,18.238895464704758,7.2210250966831095,61,161.0718418273934,ArchType.II
15,122,0.12786866359263294,0.0,3.272726956974029,16.36532525720683,18.21590673018426,7.224609803786568,61,161.0566359252937,ArchType.II
15,123,0.1263038456421771,0.0,3.2727268467941655,16.365303282374356,18.200089311592585,7.2276148726698635,61,161.0427372131352,ArchType.II
15,124,0.12436461209969997,0.0,3.272726752044852,16.365300074379203,18.190152715327635,7.230144697790424,61,161.03027812194895,ArchType.II
15,125,0.1222671785300652,0.0,3.2727266858451385,16.365310901603078,18.185081089244733,7.232274924539234,61,161.0193165588386,ArchType.II
15,126,0.12017872134307574,0.0,3.2727266524718446,16.365332071962253,18.184047841101755,7.234063235626067,61,161.00985806274454,ArchType.II
15,127,0.11821626561352294,0.0,3.272726650065626,16.36536067895559,18.186367707296746,7.235555583401605,61,161.00187141418488,ArchType.II
15,128,0.11646005519875187,0.0,3.272726673275973,16.365394383803,18.191453468989938,7.236791323017371,61,160.99528662109427,ArchType.II
15,129,0.1149487490596582,0.0,3.2727267152448,16.365431303311468,18.198798527558317,7.237805766503946,61,160.99001959228585,ArchType.II
15,130,0.11369524298942209,0.0,3.272726768913901,16.365469927308503,18.20796583614996,7.238631192093085,61,160.98596961975156,ArchType.II
15,131,0.11269027645732374,0.0,3.2727268281624875,16.36550905545916,18.2185792341152,7.239297613791437,61,160.9830314636238,ArchType.II
15,132,0.1119131989076893,0.0,3.272726888022349,16.365547740723347,18.23031578885544,7.239833123336569,61,160.98109384155353,ArchType.II
15,133,0.111334998970883,0.0,3.2727269449713483,16.36558525652803,18.24290082196553,7.240263793217224,61,160.98004899597223,ArchType.II
15,134,0.11092425157078813,0.0,3.2727269968252237,16.36562107206266,18.256106339413627,7.240613229966266,61,160.97979319763235,ArchType.II
15,135,0.11065090745263279,0.0,3.27272704227986,16.36565480674157,18.269744704037375,7.2409029521071195,61,160.98022523498602,ArchType.II
15,136,0.11048727693866678,0.0,3.2727270809997586,16.36568620311424,18.283660662276297,7.241152398052976,61,160.9812499389656,ArchType.II
15,137,0.110408514526086,0.0,3.2727271130976794,16.36571514013855,18.297739588655578,7.241377972984746,61,160.98278775024497,ArchType.II
15,138,0.11036662015094215,0.0,3.2727271403594296,16.365742914739688,18.312138909064263,7.241581066146733,61,160.98475860595764,ArchType.II
15,139,0.11152338027110399,0.0,3.2727271624865018,16.365769784084836,18.326923832113934,7.241751841580536,61,160.987095535279,ArchType.II
15,140,0.10845162119854394,0.0,3.272727236642382,16.36580272055281,18.341455873872157,7.242042170260963,61,160.98974516296428,ArchType.II
15,141,0.10999828247161246,0.0,3.272727284375987,16.365833483077726,18.354050136745208,7.242594907688735,61,160.99264555358948,ArchType.II
15,142,0.12017550863610392,0.0,3.2727271724404132,16.365846115028752,18.368241218371782,7.242674301646044,61,160.9957317504886,ArchType.II
15,143,0.10939459687243622,0.0,3.27272727633613,16.365876787197553,18.380518635242588,7.243298910328418,61,160.9990022430422,ArchType.II
15,144,0.11242353007116647,0.0,3.2727273161074297,16.365898257801284,18.391684738401114,7.244055680702478,61,161.00236639404343,ArchType.II
15,145,0.1238926750954119,0.0,3.2727271855329394,16.365902198721084,18.404909842147855,7.24427471491354,61,161.00580557250996,ArchType.II
15,146,0.11119436508669225,0.0,3.2727272927679456,16.36592682595363,18.416161155590366,7.245066206049889,61,161.00933941650433,ArchType.II
15,147,0.11409007915355729,0.0,3.2727273308326628,16.365941821783323,18.42620714184346,7.246000588551235,61,161.0128954162603,ArchType.II
15,148,0.12625433117852336,0.0,3.2727271882883633,16.365938816134662,18.438516756214852,7.246363198499953,61,161.0164629974369,ArchType.II
15,149,0.11214827355934051,0.0,3.2727273007415043,16.365958519318326,18.448785694382973,7.247327197776191,61,161.02007942199745,ArchType.II
15,150,0.11501626581259854,0.0,3.2727273393539855,16.365968701901664,18.45790956140205,7.248428791652366,61,161.02367771911676,ArchType.II
15,151,0.12772225279254765,0.0,3.272727186797388,16.36596056843775,18.46959120687423,7.2489161703797045,61,161.02725839233463,ArchType.II
15,152,0.11257503176464839,0.0,3.2727273052438464,16.36597728638114,18.479232596776054,7.250023299284744,61,161.0308642425542,ArchType.II
15,153,0.11551481950701821,0.0,3.272727345444465,16.36598463197868,18.48780967766938,7.251258885481254,61,161.03444139099153,ArchType.II
15,154,0.1287203624361415,0.0,3.272727183637269,16.365973213251696,18.49924668778868,7.251837337987167,61,161.03799386596697,ArchType.II
15,155,0.11275317128554865,0.0,3.272727308419007,16.365988755513385,18.508655976200075,7.25304958358351,61,161.0415735321046,ArchType.II
15,156,0.11804886404643108,0.0,3.272727267451674,16.3659822229899,18.520169651769116,7.25339842332189,61,161.04512348937973,ArchType.II
15,157,0.11799314728594526,0.0,3.272727265225852,16.365978151880032,18.534302431649678,7.25277540229526,61,161.0487535095214,ArchType.II
15,158,0.1182172052904081,0.0,3.272727265641021,16.365977427284076,18.549610916093375,7.252011959522217,61,161.05254013061491,ArchType.II
15,159,0.11851121561467746,0.0,3.272727267710737,16.365979570135927,18.56595046192161,7.251124839648228,61,161.05640480041447,ArchType.II
15,160,0.11880471762707995,0.0,3.27272726984207,16.365983420715896,18.58306949990549,7.250149587560506,61,161.06030924987706,ArchType.II
15,161,0.1190763153890321,0.0,3.2727272714824664,16.365988051909063,18.6007733340566,7.249118961727057,61,161.06424089050185,ArchType.II
15,162,0.11931552869453739,0.0,3.272727272576992,16.36599282968735,18.618914397906025,7.24807193983975,61,161.06818914794783,ArchType.II
15,163,0.11966082543080096,0.0,3.272727272941128,16.36599789505187,18.63754207709508,7.247005306243851,61,161.0721479797348,ArchType.II
15,164,0.1200656415007158,0.0,3.272727273155175,16.36600401374096,18.656854280232107,7.245894824855661,61,161.07612141418312,ArchType.II
15,165,0.12049872369515408,0.0,3.2727272734183606,16.36601091763746,18.676811590135518,7.244743617991767,61,161.08011952209333,ArchType.II
15,166,0.12096179433922123,0.0,3.272727273656921,16.366018461271498,18.697404416688048,7.243553134480365,61,161.08415036010612,ArchType.II
15,167,0.12145876913404727,0.0,3.2727272738737536,16.366026594148597,18.718645950351952,7.242323022646493,61,161.0882250061023,ArchType.II
15,168,0.121994154832475,0.0,3.2727272740762126,16.366035325146175,18.74056416089218,7.241051613804079,61,161.09235655212254,ArchType.II
15,169,0.1225698976267848,0.0,3.2727272742842426,16.366044683280553,18.763191586991272,7.23973670779629,61,161.09655657958805,ArchType.II
15,170,0.12319001445737157,0.0,3.2727272744767846,16.36605470949615,18.786564399292402,7.2383758305888355,61,161.1008396911602,ArchType.II
15,171,0.1238509808671766,0.0,3.2727272746579614,16.366065421004436,18.81071300771001,7.236967022742879,61,161.1052129363994,ArchType.II
15,172,0.12455661573136954,0.0,3.272727274834347,16.36607683339139,18.83566797909104,7.23550855600241,61,161.10969041442658,ArchType.II
15,173,0.1253045807365956,0.0,3.272727274991679,16.366088955186,18.861457865409683,7.233998722003576,61,161.11428018188244,ArchType.II
15,174,0.1260968376284021,0.0,3.272727275180321,16.366101792223795,18.888111024747978,7.2324359846320565,61,161.118994323728,ArchType.II
15,175,0.1269336768426288,0.0,3.272727275364395,16.366115354884723,18.91565703483108,7.230818601406012,61,161.12384341430428,ArchType.II
15,176,0.1278159171032443,0.0,3.272727275550474,16.36612965284283,18.944125361965966,7.2291448253834,61,161.12883853149205,ArchType.II
15,177,0.12873977615931695,0.0,3.2727272757614014,16.366144674321305,18.973540607515478,7.227413472577375,61,161.1339852142311,ArchType.II
15,178,0.12970915217518486,0.0,3.272727275929764,16.366160418823313,19.003930648288325,7.225623223596327,61,161.13929655456334,ArchType.II
15,179,0.1307222340863123,0.0,3.2727272761551767,16.366176889367154,19.035323536777877,7.223772443847506,61,161.14478010558904,ArchType.II
15,180,0.13177781394865662,0.0,3.2727272763887227,16.366194074422058,19.067744251439283,7.221860001544289,61,161.15044291686863,ArchType.II
15,181,0.13288053690138643,0.0,3.2727272766150266,16.366211985721925,19.101225090898513,7.21988427238022,61,161.1562985839826,ArchType.II
15,182,0.13402202125841317,0.0,3.2727272769538693,16.366230612212618,19.135790824436523,7.217855369335116,61,161.1623481140118,ArchType.II
15,183,0.13517078486237377,0.0,3.272727277279007,16.366249749994044,19.171313207916057,7.215719831311039,61,161.16859805297688,ArchType.II
15,184,0.13636268832591172,0.0,3.272727277672114,16.366269404713346,19.20777801406076,7.213491438002251,61,161.1750614929185,ArchType.II
15,185,0.13759558481001033,0.0,3.2727272781227157,16.36628962434489,19.24523040131222,7.211200248600292,61,161.18174649047737,ArchType.II
15,186,0.1388623405839425,0.0,3.2727272786016193,16.366310418430018,19.283694492023894,7.208844759905845,61,161.18865103149298,ArchType.II
15,187,0.14202254811410606,0.0,3.2727272759285384,16.36633164104534,19.323741319865867,7.206854786299791,61,161.19577864074589,ArchType.II
15,188,0.11459862475866908,0.0,3.272727408698762,16.365736564009023,19.348184223483827,7.203958007653961,61,161.20308702087274,ArchType.II
15,189,0.11658253048323591,0.0,3.2727273814734503,16.365201593995373,19.352661209862823,7.202201550545447,61,161.21066227722028,ArchType.II
15,190,0.13335783484722738,0.0,3.272727205936381,16.364890479801474,19.362218722928397,7.2006162906974325,61,161.21836241149734,ArchType.II
15,191,0.13342641932777777,0.0,3.2727271971866365,16.36474477676795,19.36911551074901,7.199498738667514,61,161.22576142883108,ArchType.II
15,192,0.12660524056614725,0.0,3.2727271575331116,16.364668806738482,19.374817584648646,7.198491540627156,61,161.2327958831768,ArchType.II
15,193,0.11192144126661938,0.0,3.272727391030021,16.3646523029981,19.373309250393543,7.198827248095335,61,161.23933686828403,ArchType.II
15,194,0.13412412687393185,0.0,3.2727271455326603,16.36459953919753,19.374443347420797,7.19835435116346,61,161.2451703796364,ArchType.II
15,195,0.11076642131182336,0.0,3.2727273511672426,16.364606029601276,19.369959401348645,7.198798243235249,61,161.2503457641577,ArchType.II
15,196,0.11058931250841837,0.0,3.2727273341756296,16.364588237896328,19.366849719118864,7.199156678873947,61,161.2548046112038,ArchType.II
15,197,0.1340624596070661,0.0,3.2727271115178986,16.36454548127607,19.357429331338224,7.199833670303349,61,161.25856404113514,ArchType.II
15,198,0.13406346553772916,0.0,3.2727271149225947,16.364526304162215,19.34566743974599,7.200966933163681,61,161.26167138671624,ArchType.II
15,199,0.13388095719328016,0.0,3.2727271171546564,16.36450724934196,19.332829191214323,7.202114669809591,61,161.26409240722384,ArchType.II
16,0,0.0,0.0,1.9994325947234608,6.051611876409593,7.403730884821894,0.8449761586655415,61,4.178145599365233,ArchType.V
16,1,0.0,0.0,2.269511692966247,9.74138999494131,19.283953654600328,0.9811380146275229,61,8.289171356201162,ArchType.V
16,2,0.0,0.0,2.518442124214274,11.59022903959101,33.15122737618808,2.584000337275173,61,12.38113006591795,ArchType.V
16,3,0.0,0.0,2.7141502536440902,12.92329410856416,48.000954963066576,5.105953382491401,61,16.44765194702147,ArchType.V
16,4,2.9108653123508446,2.9108653123508446,2.8975451504287357,14.18807411756582,56.999495303535056,6.5911047253832535,61,20.439988281249995,ArchType.V
16,5,2.434707548773266,2.434707548773266,3.044453121087875,15.192654279048767,58.4189764842925,6.763395933959529,61,24.331884490966786,ArchType.V
16,6,1.8105044773796257,1.8105044773796257,3.1282864913168744,15.708731407847312,59.27875201261595,6.8147760805219715,61,28.127468597412083,ArchType.V
16,7,2.2922702205588426,2.2922702205588426,3.177970258175054,16.031067150684464,60.406704660676745,6.928907213518765,61,31.84808969116208,ArchType.V
16,8,1.9285844601394604,1.9285844601394604,3.2094418363494075,16.279114846748737,60.979296372068156,6.7704086369249294,61,35.546756439208984,ArchType.V
16,9,1.5997883482866186,1.5997883482866186,3.2207579435739273,16.307501365340478,61.153100608500054,6.790499501572627,61,39.25752526855471,ArchType.V
16,10,1.8100107208193361,1.8100107208193361,3.2306472752011275,16.394922296819445,61.82356578335635,6.878139389773445,61,42.92952252197271,ArchType.V
16,11,1.5679387941497696,1.5679387941497696,3.238516998671683,16.447331522832894,61.79176188133233,6.83395778195468,61,46.55252835083012,ArchType.V
16,12,1.356549553099309,1.356549553099309,3.2451088587070793,16.442816696741094,61.05938985962427,6.879414044303104,61,50.12522348022471,ArchType.V
16,13,1.4074378664990232,1.4074378664990232,3.250259207146469,16.3915970475529,60.598183276286875,7.266069548448786,61,53.644761901855496,ArchType.V
16,14,1.130574043034264,1.130574043034264,3.258522645456192,16.420502077481334,59.70946275362443,7.346221084677011,61,57.06031326293951,ArchType.V
16,15,0.9938974734419856,0.9938974734419856,3.265374200627673,16.45655922865685,58.68389838863809,7.332950892361903,61,60.338040679931744,ArchType.V
16,16,0.9011626336514459,0.9011626336514459,3.2695541894923394,16.47029192591718,57.23141969093422,7.28722426696411,61,63.50475463867202,ArchType.V
16,17,0.7387199671505846,0.7387199671505846,3.2712947502117706,16.459260992007863,55.68118497124727,7.299765608094191,61,66.62069967651371,ArchType.V
16,18,0.6821243816152249,0.6821243816152249,3.2713638190627115,16.431894685893184,55.35688661679759,7.315427895829186,61,69.69001589965814,ArchType.V
16,19,0.6338347152269332,0.6338347152269332,3.2710280784133356,16.414723728607957,53.83020887846514,7.231374019000134,61,72.66901013183585,ArchType.V
16,20,0.5317577412047146,0.5317577412047146,3.269310593677192,16.372196961700357,52.00691114702494,7.2631430129584915,61,75.63733435058577,ArchType.V
16,21,0.48949633158555134,0.48949633158555134,3.2688622186023646,16.350547716150402,51.304869167194994,7.1557114498142225,61,78.59044058227528,ArchType.V
16,22,0.40814024181782715,0.40814024181782715,3.268346788094996,16.323757648513812,49.87991860963697,7.342871855198699,61,81.49755598449687,ArchType.V
16,23,0.3909813070923239,0.3909813070923239,3.26853429871396,16.313896120986364,49.6144773249764,7.4441932489471645,61,84.37201933288543,ArchType.V
16,24,0.3626106410117272,0.3626106410117272,3.2691368757690755,16.317921772680037,48.55658057248973,7.480309799730032,61,87.24151324462866,ArchType.V
16,25,0.33816424967773273,0.33816424967773273,3.269768886557944,16.323426084485206,48.3908623205404,7.408275359817511,61,90.04478811645495,ArchType.V
16,26,0.29021335866219605,0.29021335866219605,3.270247601413752,16.325679146747667,47.481976038200614,7.449617779959779,61,92.77376364135733,ArchType.V
16,27,0.2801556725384052,0.2801556725384052,3.270515894818797,16.325760467203562,47.652687565010645,7.503077709204126,61,95.39236218261703,ArchType.V
16,28,0.2653562248030898,0.2653562248030898,3.27083893054637,16.32966081091065,48.05780457851569,7.567433159678701,61,97.84703829956047,ArchType.V
16,29,0.2521697945365517,0.2521697945365517,3.2711923959203952,16.334992420575333,48.30004805937542,7.573473387448874,61,100.1637454528807,ArchType.V
16,30,0.24088948773195681,0.24088948773195681,3.2715356853911235,16.340346949861473,48.88761915106612,7.552147966831759,61,102.35140536499003,ArchType.V
16,31,0.2307890259768214,0.2307890259768214,3.2718914445684573,16.34541054677808,49.43366778994508,7.5419877702948055,61,104.42280845642063,ArchType.V
16,32,0.2210326827448692,0.2210326827448692,3.272346145223414,16.350675682627397,49.86334657528097,7.526738430038202,61,106.47856404113742,ArchType.V
16,33,0.18996129385446725,0.18996129385446725,3.2730267689613455,16.360546386580268,50.31496490306305,7.4686454627478005,61,108.52654194641093,ArchType.V
16,34,0.1510953831823184,0.1510953831823184,3.273190296069063,16.362399034331354,51.005286090420476,7.547479962055796,61,110.57035557556131,ArchType.V
16,35,0.13950507964779754,0.13950507964779754,3.2734458944961577,16.36628358131265,51.42517096078357,7.583943384563916,61,112.61279202270484,ArchType.V
16,36,0.13070496478904334,0.13070496478904334,3.273638644111555,16.369810142446166,51.66106745666006,7.6159166107166145,61,114.65259696960433,ArchType.V
16,37,0.15057240320554874,0.13085507946113697,3.273892159918636,16.375702099186885,51.724876439311124,7.604144845523272,61,116.68533473205551,ArchType.V
16,38,0.1462848049336967,0.12225037777445065,3.2739866177858827,16.379438054577374,51.672101632579306,7.598026981124216,61,118.70750923156717,ArchType.V
16,39,0.13813435432700255,0.11547840690329539,3.273932478989791,16.38129704257593,51.49779156853847,7.61533084895148,61,120.72485981750458,ArchType.V
16,40,0.1281080195627448,0.10953658896211782,3.2737906971503485,16.382018170233927,51.2148656147952,7.665562549002032,61,122.75051831054671,ArchType.V
16,41,0.12601192803880693,0.10418791179214916,3.2736152527806146,16.382103951082943,50.83542693904069,7.755704706748691,61,124.78635385131824,ArchType.V
16,42,0.15925821530556278,0.08154000343085233,3.2735746019723257,16.385927585752157,50.55287097952852,7.823359029756477,61,126.82367282104477,ArchType.V
16,43,0.1532568861618708,0.0710253380074484,3.2735900467119006,16.389788475960486,50.44667924875063,7.781328593706867,61,128.85178405761715,ArchType.V
16,44,0.15663622956021667,0.060303386544689905,3.2735722722388645,16.39032993171759,50.135860403241885,7.746910580176181,61,130.88050155639652,ArchType.V
16,45,0.19076273562781376,0.05874214900992493,3.2735393801763726,16.388926523338128,49.560615322323656,7.764375711800031,61,132.90580052185092,ArchType.V
16,46,0.18541024618405239,0.054605341443206126,3.2735677759884,16.388627734883734,48.81124872108558,7.818780032324253,61,134.92699462890684,ArchType.V
16,47,0.18413840209709328,0.0483088470599298,3.2735666151666996,16.387973136354326,47.910752020441755,7.928821898197199,61,136.9447409973151,ArchType.V
16,48,0.19795173005824185,0.054483326909895026,3.2738550225258276,16.394950835904048,47.05454464887879,7.97056632157128,61,138.95435821533275,ArchType.V
16,49,0.2315819935465216,0.0,3.2733520359328776,16.383253718071824,46.46404523417036,7.941549369218543,61,140.94890951538136,ArchType.V
16,50,0.242005340543186,0.0,3.2729389418170265,16.373432685908536,45.80327267504563,7.909809879501113,61,142.91112246704174,ArchType.V
16,51,0.2200575727357091,0.0,3.272696304900533,16.368122695372847,44.839518197715556,7.7908910456761715,61,144.82021697998098,ArchType.V
16,52,0.23903596385733725,0.0,3.2724983574572684,16.36497134520595,43.56951693661108,7.608651895488008,61,146.68050637817416,ArchType.V
16,53,0.25795939733127465,0.0,3.2723127383232145,16.362889365826934,41.97311614046587,7.395969418019045,61,148.4973845825197,ArchType.V
16,54,0.2595762214225454,0.0,3.2721361669590667,16.361357163858706,40.093083498173215,7.217138220656773,61,150.26918336486827,ArchType.V
16,55,0.28925658818127054,0.0,3.2719990604802662,16.36032390007259,40.17273016748705,7.0345068971951905,61,151.97786541748073,ArchType.V
16,56,0.2429814490286384,0.0,3.271917116674612,16.359733686636165,38.00717827030199,6.909578057876485,61,153.6242842407228,ArchType.V
16,57,0.2606821418245492,0.0,3.2718723773566336,16.359169442183145,35.760586340386325,6.854919211144399,61,155.21210913085937,ArchType.V
16,58,0.2554370282664966,0.0,3.271849153303887,16.359046931593777,33.52504779089917,6.933839570676344,61,156.75305746459983,ArchType.V
16,59,0.2560562908469159,0.0,3.2718273256469774,16.3590491855263,33.965739596219635,6.912116906822797,61,158.25500914001495,ArchType.V
16,60,0.26291182136111224,0.0,3.271813248687391,16.3590308667338,31.42803612796312,6.8218345822701325,61,159.7229819335939,ArchType.V
16,61,0.2329254024035602,0.0,3.27181503911796,16.359057643064705,28.625023065000946,6.8826312801780425,61,161.15757858276376,ArchType.V
16,62,0.2702128571233712,0.0,3.271831861113333,16.359148174648485,58.57069424508641,6.278510188747505,61,162.5587895202638,ArchType.V
16,63,0.2945562083028289,0.0,3.271845890741783,16.35882862933956,59.088226997155786,5.390155583319825,61,163.92699290466308,ArchType.V
16,64,0.3728331425524289,0.0,3.271823649228958,16.35895530139887,60.022887727911204,4.424642537768544,61,165.26889941406264,ArchType.V
16,65,0.4177788626676187,0.0,3.271656302305708,16.358227137538314,60.904313268345014,3.498266587556411,61,166.59808801269534,ArchType.V
16,66,0.48560880916988763,0.0,3.271298890138829,16.356315928248566,62.49806026575744,2.422103659248458,61,167.9023775634764,ArchType.V
16,67,0.36582163983786886,0.0,3.27090659325927,16.35449420238852,64.12317048818893,1.5112392162955817,61,169.19264855957002,ArchType.V
16,68,0.337556530565201,0.0,3.2706106715523644,16.353086390838843,65.50988934479525,1.4863596160800758,61,170.47266244506804,ArchType.V
16,69,0.3397654707096624,0.0,3.270408730126798,16.352120317549662,66.80384437636158,2.356468124027406,61,171.75059922790493,ArchType.V
16,70,0.34868970719217973,0.0,3.2703026597612936,16.35158404163587,67.99781566694541,3.505731551931862,61,173.02531385803175,ArchType.V
16,71,0.4548306073140292,0.0,3.2702948760530504,16.35145562127118,69.87340895445975,4.742441131003166,61,174.2966295928949,ArchType.V
16,72,0.4435721128778965,0.0,3.270480338391275,16.352454121747016,71.39857287131939,6.002105246810897,61,175.59570297241137,ArchType.V
16,73,1.0186116058552726,0.0,3.2708493785960955,16.429098934760628,75.15312268221173,7.067601082452943,61,176.912581024169,ArchType.V
16,74,0.7599326048577842,0.0,3.2713978365615093,16.4378482452271,17.94987383474853,7.945479508006292,61,178.38338320922756,ArchType.V
16,75,0.7684178619496536,0.0,3.2719571460123764,16.421287844533026,21.558634073025978,7.732869532323917,61,179.95808685302646,ArchType.V
16,76,1.0589014616167476,0.0,3.2723154828678322,16.39851726657696,21.657970067091764,7.343468053873443,61,181.60334602355888,ArchType.V
16,77,0.8711823918473842,0.0,3.2724452876373764,16.38243800543005,25.64645001902775,6.937913067088297,61,183.32229878234804,ArchType.V
16,78,1.4913055226434946,0.0,3.2724812134710013,16.373208162511453,30.12666082001005,6.559098368781917,61,185.12690470886147,ArchType.V
16,79,1.7350359405585196,0.0,3.272362267799289,16.36792568008894,80.32912720314093,5.872042995425342,61,187.05492527770915,ArchType.V
16,80,2.404679222518099,0.0,3.272223491414678,16.36426330396824,79.03064301698898,4.098906935390323,61,189.11133798217676,ArchType.V
16,81,1.147591195519558,0.0,3.271991224316734,16.361519066242582,77.589660662803,2.4797383686482584,61,191.30082977294833,ArchType.V
16,82,1.1765498815884787,0.0,3.271690207228534,16.359743744807993,76.70576857990466,1.0617172468211713,61,193.61383993530168,ArchType.V
16,83,1.3746616283894473,0.0,3.2713851668488965,16.357431335360253,75.71319586665375,2.5626792582712477,61,196.0781246032707,ArchType.V
16,84,2.84552637902073,0.0,3.271197554455482,16.356111270863337,72.76594696886181,4.473904222030502,61,198.81539242553654,ArchType.V
16,85,2.327595733650311,0.0,3.271702978211969,16.35890987183378,71.22362304776681,6.966678089495114,61,201.8263413085933,ArchType.V
16,86,2.6232659835978387,0.0,3.272124415641659,16.35964897385403,37.7122052354011,7.5064765243400355,61,204.9541381683343,ArchType.V
16,87,3.395053365253426,0.0,3.2721414126677693,16.359878844645703,46.17570192635832,7.099234056517,61,208.19191169738698,ArchType.V
16,88,6.730929259271255,0.0,3.271319979540809,16.355969113880747,55.11049076448701,6.76331372616898,61,211.47123030090242,ArchType.V
16,89,7.095803608862846,0.0,3.269736417849718,16.348904555645717,60.40844554258524,6.519141185627854,61,214.78643721008186,ArchType.V
16,90,5.168354326315334,0.0,3.2673650722996155,16.33806035592372,61.91840763258542,7.649867287286956,61,218.02191157531635,ArchType.V
16,91,3.9828632772562362,0.9211799459720302,3.264458209095719,16.323598755381735,62.261175842448324,7.208020124829008,61,220.8854309844963,ArchType.V
16,92,7.600195380998319,0.0,3.261084734199301,16.30340250026405,33.38589793986359,6.746210849484492,61,223.6104084014888,ArchType.V
16,93,3.4136306458782353,0.0,3.2575974812494906,16.28923553178162,33.77367329896336,6.141654142653799,61,226.21316960144011,ArchType.V
16,94,2.60831410619107,1.284866975713988,3.2519941720592103,16.262803967626645,38.33005722016942,7.300240266118135,61,228.82836924743614,ArchType.V
16,95,3.8115487960958903,0.0,3.241296940949889,16.22747621494571,40.55550919054121,8.28938929222666,61,231.66566378784157,ArchType.V
16,96,4.597225221450036,0.0,3.2314869857780293,16.169305426103122,43.61680979663039,8.84892577288304,61,234.3316101989743,ArchType.V
16,97,3.338323665537732,0.0,3.2345512019341203,16.180655564711152,50.78797108351579,9.982488185749958,61,236.72694915771436,ArchType.V
16,98,2.8645090890122957,0.9909294175165662,3.253317309295616,16.44848675707241,55.66782807696242,9.29963180301418,61,238.85286297607345,ArchType.V
16,99,3.103071101630238,1.045250266882564,3.274023569410772,16.774013937762017,53.76429018142652,8.415489499791498,61,240.56012857055615,ArchType.V
16,100,3.546069963423655,1.225549713213649,3.2874684874607216,16.974415973150403,52.30239132257722,7.735543000390033,61,241.7547244415276,ArchType.V
16,101,4.751564111419428,1.1359405111059637,3.2960350951621615,17.09844053829606,51.93559162531707,7.424084764458593,61,242.42585368347065,ArchType.V
16,102,2.46693961663559,1.1763568051015183,3.3026894655708943,17.194496306061364,52.12224524235326,7.249036949770408,61,242.5288789825432,ArchType.V
16,103,3.722598528795605,1.2254877901304495,3.3081538401044157,17.267818096044305,52.15433683248818,7.204781567844284,61,242.26071168517964,ArchType.V
16,104,2.9150833291365768,1.1948084751177581,3.3114406999919614,17.305857872144568,52.04939443747172,7.200098567531611,61,241.8035305633533,ArchType.V
16,105,2.8531709680668897,1.1273549876929434,3.312500834533504,17.310734598085073,51.99034496517297,7.197078584276698,61,241.2518304443345,ArchType.V
16,106,2.6205396449678116,1.0860443212940083,3.312635292185957,17.301908120911957,51.90131566556815,7.194939743325272,61,240.64914891052112,ArchType.V
16,107,2.6415800624554353,1.0244063858270467,3.312517610038807,17.291146660386882,51.812548492403884,7.193068290399403,61,240.01380021667356,ArchType.V
16,108,2.0706213921168772,0.8656090593469072,3.3111598183657467,17.26176558398585,51.72247462535012,7.191159460773642,61,239.35704351806496,ArchType.V
16,109,1.6542773986395038,0.7719753254066819,3.307781049712223,17.201462389513395,51.49319910806781,7.187766481907809,61,238.6856333007797,ArchType.V
16,110,1.4179843461954524,0.8567658893069331,3.3053741368509675,17.161472752835405,50.78318568811117,7.184129178380979,61,238.00262554931462,ArchType.V
16,111,1.3644460598035337,0.92169629276496,3.30588366373721,17.191300705505906,50.04545970661216,7.182351796609558,61,237.30556651305952,ArchType.V
16,112,1.269208965856879,0.9322312460549008,3.3076407186953074,17.244485247742148,49.363507731916215,7.145715997986848,61,236.59414299011004,ArchType.V
16,113,1.1793825834629879,0.9607247054678352,3.3090670969612312,17.284639893640815,48.64579689938492,7.063541118137143,61,235.86388656615995,ArchType.V
16,114,1.1311832250826181,1.1311832250826181,3.313004795592657,17.392673652491517,48.10677160030609,7.053626053229221,61,235.10435633849895,ArchType.V
16,115,1.2044813095920022,1.2044813095920022,3.316954954485245,17.50148875446982,47.52581730516822,7.051102118264559,61,234.32332092284938,ArchType.V
16,116,1.2672210497189724,1.2672210497189724,3.322324329275382,17.63181262157138,46.98393136288292,7.051264523685415,61,233.5224968872047,ArchType.V
16,117,1.2636866559638145,1.2636866559638145,3.3237112429593823,17.69224735653857,46.43092508373345,7.040788142699103,61,232.7032916259744,ArchType.V
16,118,0.9083383919326123,0.9083383919326123,3.3197034710914277,17.68391539762895,45.75034778098963,6.937487944320665,61,231.86827268981736,ArchType.V
16,119,1.1223243469384827,1.1223243469384827,3.31734034244984,17.665070161388485,45.11005096794634,6.767796286086603,61,231.02290650939764,ArchType.V
16,120,1.2379751263225347,1.2379751263225347,3.317905167753968,17.653032847534917,44.62985673785919,6.55585330783424,61,230.17575376891912,ArchType.V
16,121,1.2047292944769468,1.2047292944769468,3.318269554116363,17.633092417307825,44.341424569771135,6.313482070416355,61,229.33983601379228,ArchType.V
16,122,1.1667318593189395,1.1667318593189395,3.317911853828375,17.60675015848589,44.31235971128637,6.0456075295702485,61,228.52358955383127,ArchType.V
16,123,1.1282462406641751,1.1282462406641751,3.317210227144458,17.57738534769186,44.52485595787106,5.775514864286111,61,227.7380207672101,ArchType.V
16,124,1.0890326380743842,1.0890326380743842,3.3163222182657077,17.546156070333833,44.91033670879758,5.504702289904966,61,226.99269036865027,ArchType.V
16,125,1.055496991613751,1.055496991613751,3.315393641106895,17.51558131961317,45.37783806639701,5.261936464898568,61,226.29704779052557,ArchType.V
16,126,1.0237008534034966,1.0237008534034966,3.314393491848322,17.48429240389276,45.95602776453493,5.035307455942183,61,225.6558620605451,ArchType.V
16,127,0.9899904065832557,0.9899904065832557,3.313379633834163,17.453394861119932,46.603851382129825,4.807750561468191,61,225.07354116821116,ArchType.V
16,128,0.9665989223065756,0.9665989223065756,3.312485745410559,17.42613129992617,47.17443372234895,4.608680894833213,61,224.54823258971996,ArchType.V
16,129,1.0189318589274656,1.0189318589274656,3.3117191601374008,17.404732156264515,47.826858434271244,4.452189258629105,61,224.07412144470018,ArchType.V
16,130,1.0041329938532966,1.0041329938532966,3.3118322302693337,17.412410274612135,48.59074952734827,4.444578761197689,61,223.64726501464625,ArchType.V
16,131,0.9944599145891646,0.9944599145891646,3.311713193553894,17.41114574719964,49.180627056370916,4.4378269385584845,61,223.24962699889923,ArchType.V
16,132,0.9855375021880631,0.9855375021880631,3.3114995880986373,17.405928085903028,49.60147139840251,4.432547985920108,61,222.87618508910916,ArchType.V
16,133,0.9762464156665827,0.9762464156665827,3.311250472254006,17.39905719067207,49.93573381422396,4.4267320603470415,61,222.5224245452861,ArchType.V
16,134,0.9828938904488277,0.9828938904488277,3.3111505256482743,17.395449759632903,50.274912472555954,4.38269876296583,61,222.18555223083294,ArchType.V
16,135,0.9786478725584208,0.9786478725584208,3.3113315857736327,17.39862345694017,50.50258032195544,4.252071447250385,61,221.870948471067,ArchType.V
16,136,0.9747168420705727,0.9747168420705727,3.3114939095478197,17.40121072140358,50.60577571799184,3.9898826354463304,61,221.59679408263932,ArchType.V
16,137,0.93751826791231,0.93751826791231,3.31108375937075,17.388241420371646,50.652563096418646,3.6962805339050058,61,221.39266297912386,ArchType.V
16,138,0.9390126922009728,0.9390126922009728,3.310560238711568,17.373688614357775,50.87056371048012,3.63418799724926,61,221.26596726989564,ArchType.V
16,139,0.9277004893905424,0.9277004893905424,3.310084318919184,17.360082934286105,51.44634702534045,3.562650791675299,61,221.16695518493444,ArchType.V
16,140,0.9307581697042128,0.9307581697042128,3.309851095104644,17.352648717207227,51.8087294498029,3.511420362147853,61,221.09248362731708,ArchType.V
16,141,0.9299678666282021,0.9299678666282021,3.309726466773855,17.348310050287555,52.07567163039572,3.473552274436698,61,221.03205781554934,ArchType.V
16,142,0.9248555062975955,0.9248555062975955,3.309643731315342,17.345269824996,52.31436271737724,3.44287044680871,61,220.98058595275634,ArchType.V
16,143,0.8833076395768501,0.8833076395768501,3.309398748469059,17.33611241794268,52.53463566243048,3.4119057607828616,61,220.93652116393778,ArchType.V
16,144,0.7915400798710798,0.7915400798710798,3.308374637559562,17.29356984953372,52.89017159093702,3.356979791286395,61,220.89900340270728,ArchType.V
16,145,0.7704108877610443,0.7704108877610443,3.306220688523533,17.20564419319332,53.526415339731756,3.3036320193265842,61,220.86972758483589,ArchType.V
16,146,0.6864508195957849,0.6864508195957849,3.3017093502660986,17.064208872107777,54.38752691915855,3.275687557378813,61,220.84308628844926,ArchType.V
16,147,0.6596069365861973,0.6596069365861973,3.298478464097781,16.969856363340885,55.01008290478468,3.2625985394698964,61,220.81022979736062,ArchType.V
16,148,0.6329160497908674,0.6329160497908674,3.296069564779505,16.904000713826377,55.46303392624388,3.2563904484451083,61,220.77604345702875,ArchType.V
16,149,0.6138857019286597,0.6138857019286597,3.294122764414867,16.85389271266338,55.81687503489797,3.2532763427194364,61,220.74238079833705,ArchType.V
16,150,0.591437121465132,0.591437121465132,3.29246255138074,16.81306811204831,56.11092113695031,3.2518120298540536,61,220.70979571532925,ArchType.V
16,151,0.5659717664960393,0.5659717664960393,3.2909967923403016,16.778100981220735,56.366449179137824,3.2512620416911684,61,220.67839546203342,ArchType.V
16,152,0.546958098589654,0.546958098589654,3.289321694531173,16.739147737919765,56.65137649376835,3.2510480541384115,61,220.64815536498767,ArchType.V
16,153,0.5597803521747142,0.5597803521747142,3.2887661206992926,16.72208661874457,56.85942594746084,3.2516927914355476,61,220.6189983825656,ArchType.V
16,154,0.5915094124496801,0.5915094124496801,3.2891892845804898,16.72006754039854,57.0567982351142,3.2528678484213365,61,220.5912633972143,ArchType.V
16,155,0.7273085208584743,0.4868466501929052,3.2860071324636237,16.5261357463201,61.07434910120403,3.270428604431568,61,220.5656261596657,ArchType.V
16,156,1.9623735032021246,1.9623735032021246,3.2834731219949713,16.383440072017596,63.96730969036627,3.2583615187182287,61,220.59626757812302,ArchType.V
16,157,2.1154861758111014,2.1154861758111014,3.2819945055884587,16.303698577002063,65.62360335287912,3.2646148321488386,61,220.66600183105297,ArchType.V
16,158,2.100931144043378,2.100931144043378,3.280070399514007,16.225682489752522,66.98776502534494,3.276603269866774,61,220.75574726867487,ArchType.V
16,159,2.2952618315317586,2.2952618315317586,3.2777414801893303,16.14357889921202,68.29093467763566,3.2938469502898613,61,220.86136177062812,ArchType.V
16,160,2.2923178329253697,2.2923178329253697,3.275393588159729,16.068236879139306,69.59064483210045,3.298175596415163,61,220.9817581939681,ArchType.V
16,161,2.319421071651891,2.319421071651891,3.273399150787558,16.007908442845753,70.60139347239182,3.2876693509364547,61,221.1153161468492,ArchType.V
16,162,2.4252425394607675,2.4252425394607675,3.271441256271712,15.949615184694462,71.57019888732542,3.2805705706753963,61,221.25955770873858,ArchType.V
16,163,2.415749355834462,2.415749355834462,3.269432363347483,15.890613944827864,72.54966970614402,3.2763441384183767,61,221.41409867858752,ArchType.V
16,164,2.508031154800091,2.508031154800091,3.2674570599837827,15.831799030419718,73.50672531847519,3.2749178106519654,61,221.57870893859703,ArchType.V
16,165,2.5637361498971862,2.5637361498971862,3.2656932573363564,15.779126510053233,74.35702841190574,3.2759131945750024,61,221.7514705047594,ArchType.V
16,166,2.676538343268921,2.676538343268921,3.2638358256021074,15.724888194013353,75.21216111459813,3.2787036474970934,61,221.93018794250335,ArchType.V
16,167,2.6990952533640433,2.6990952533640433,3.2607020005600873,15.634903379581685,77.01514957373443,3.2930456647347164,61,222.1147967987046,ArchType.V
16,168,1.894410435945148,1.6273324748540616,3.2558864256974194,15.547553565478388,77.95312131502712,3.3037356126185387,61,222.3174288635241,ArchType.V
16,169,2.6631388022880755,2.6631388022880755,3.2529942200454562,15.488107763303042,78.73669584674653,3.3135669149761986,61,222.52427908325038,ArchType.V
16,170,1.7592540729750912,1.7592540729750912,3.2411572631715933,15.227760193910974,88.2878016770192,3.318169632509574,61,222.73485852050632,ArchType.V
16,171,1.6851497668360391,1.6851497668360391,3.2341563401412414,15.140458799312897,87.42433587169118,3.316747951451256,61,223.10281285095036,ArchType.V
16,172,1.7193173657599732,1.7193173657599732,3.230565738766779,15.096455940149301,86.50390196497018,3.317054278776492,61,223.4401096496563,ArchType.V
16,173,1.7524698539187067,1.7524698539187067,3.228559256047613,15.068547808396222,85.58095491057854,3.319428027795041,61,223.76618757629197,ArchType.V
16,174,1.7790362094072412,1.7790362094072412,3.227442958868372,15.050926396579015,84.68032717928777,3.3237755873086696,61,224.09401631164374,ArchType.V
16,175,1.7946016217739953,1.7946016217739953,3.226842479005238,15.040243933549075,83.81719982820535,3.329815099491106,61,224.42175541686825,ArchType.V
16,176,1.8202695945147633,1.8202695945147633,3.226565687253855,15.034596535233584,82.96756949924477,3.3375738628402827,61,224.74753323364084,ArchType.V
16,177,1.8423189090532905,1.8423189090532905,3.226498784406895,15.032729089307951,82.18440587944946,3.3462876617718824,61,225.07003804015952,ArchType.V
16,178,1.8595486526614164,1.8595486526614164,3.226567951384998,15.03331939242323,81.41743244775812,3.3562262748387592,61,225.3873594055162,ArchType.V
16,179,1.874151984357027,1.874151984357027,3.226723810384807,15.035709889269736,80.72767343478128,3.3661896629575625,61,225.69876870727407,ArchType.V
16,180,1.8903008749788512,1.8903008749788512,3.226965876558537,15.040349106058216,79.90543007593972,3.3673387345082344,61,226.0019244842516,ArchType.V
16,181,1.902516435246829,1.902516435246829,3.2272548753867816,15.046035234528947,79.25300121987605,3.3622264235145454,61,226.29851359557975,ArchType.V
16,182,1.6955576178857776,1.6955576178857776,3.2307551864607307,15.148031595962184,77.69042224634629,3.358540920899161,61,226.58424839782563,ArchType.V
16,183,1.434604304635364,1.3680791989447456,3.242350677369223,15.491148522570708,72.10288406607509,3.4580202861850977,61,226.8788001861557,ArchType.V
16,184,1.6598244430714897,1.3956569682046933,3.242650768100241,15.52081667639021,70.76424917815143,3.454601430053525,61,227.29237776183922,ArchType.V
16,185,1.836875701018377,1.3462382728687117,3.2432962793927533,15.574721190761373,68.18715256797068,3.392568326076779,61,227.67121006774718,ArchType.V
16,186,2.078976761602961,1.2778465633167044,3.244848127982471,15.63010024533085,67.18400911857083,3.3760585220083104,61,228.03108308410432,ArchType.V
16,187,1.9483723337314485,1.1583534330264587,3.2494996850638085,15.749109743941773,67.3733979313763,3.4062708522334626,61,228.33345132446047,ArchType.V
16,188,1.8960063916161705,1.0600771004914737,3.2531283936885496,15.835581547518725,66.79081129716792,3.4025939588435605,61,228.5499005279519,ArchType.V
16,189,1.8589505989434576,1.053333377128933,3.256351521751205,15.90994038700668,66.345768944257,3.4000197828343923,61,228.7164816436747,ArchType.V
16,190,1.8065874679893632,1.072160785685472,3.259652224819182,15.9799495923802,66.12634439954923,3.4003420779982947,61,228.84124778747335,ArchType.V
16,191,1.8487950718930946,0.9249281751757904,3.2599098845150003,15.99836420855974,66.52471635119959,3.42612685584698,61,228.93230192565713,ArchType.V
16,192,1.8472219432037993,0.93751066224895,3.2599657697424695,16.00382526166439,66.21668010219511,3.4198552634447332,61,228.98246760558854,ArchType.V
16,193,1.8528954641809179,0.9630219177539511,3.260402230334752,16.015828004259433,65.71274175617239,3.4117419273572125,61,229.01865904235635,ArchType.V
16,194,1.4254895183636873,0.8344862453426479,3.2629378067408035,16.074693885439753,66.00852275732582,3.4364332239211306,61,229.0452288360576,ArchType.V
16,195,1.5065714982890723,0.8255631216160018,3.262911313285103,16.081553877989347,65.93450393459533,3.4359451570008175,61,229.0421325683573,ArchType.V
16,196,1.4947983696218083,0.8161229880019772,3.263082854941754,16.0894931764699,65.90286177934556,3.4357884080838605,61,229.0285430297828,ArchType.V
16,197,1.4408947611070273,0.8126426362308132,3.263292984843136,16.096444889768474,65.88785807463006,3.4356833117412053,61,229.00589933776595,ArchType.V
16,198,1.3807558108618074,0.8118217820731858,3.263454685957913,16.10126715930176,65.87895170860978,3.4356261101169823,61,228.97559176635454,ArchType.V
16,199,1.3621424923657337,0.8074775821553879,3.263628933312124,16.10581887423512,65.86268245409605,3.4353273048282764,61,228.93880162048063,ArchType.V
17,0,0.0,0.0,1.991788957938971,5.803544187203646,6.249859709581714,0.9942977713063481,61,3.6069046020507813,ArchType.IV
17,1,0.0,0.0,2.301599990930101,9.212698675333998,16.167071211047695,1.0915607980688742,61,7.135888427734375,ArchType.IV
17,2,0.0,0.0,2.581397689615442,11.498191219385488,27.444373205081554,1.919863260761188,61,10.65523248291015,ArchType.IV
17,3,0.0,0.0,2.7966606343878766,12.969110851253948,40.00876608960373,3.804076473094929,61,14.149016845703109,ArchType.IV
17,4,0.0,0.0,2.965099246933068,14.168737887802047,50.983419045767285,5.8022566349322044,61,17.711488098144514,ArchType.IV
17,5,1.4918940635259046,1.4918940635259046,3.093235171940627,15.119926241031305,53.12995493901623,6.235931877599772,61,21.269984405517533,ArchType.IV
17,6,0.0,0.0,3.145035125575291,15.537694676381948,53.950696808322334,6.425394121265936,61,24.71887716674803,ArchType.IV
17,7,0.11998830722132472,0.11998830722132472,3.154258195823939,15.675751361944721,55.38796704818517,6.478330691965941,61,28.1123392333984,ArchType.IV
17,8,0.0,0.0,3.150763198649689,15.707340855382485,55.4860215555089,6.358050718727234,61,31.554616485595638,ArchType.IV
17,9,0.0,0.0,3.147265390261418,15.716314479341813,56.03560425573213,6.408504716930666,61,35.320951965331965,ArchType.IV
17,10,0.0,0.0,3.154944844157812,15.767791418109654,57.61969659380588,6.654090958776512,61,39.441912567138665,ArchType.IV
17,11,0.26006399800358176,0.26006399800358176,3.1750492178268863,15.892371536124134,58.41737515884477,6.6595352702025075,61,43.659418914794905,ArchType.IV
17,12,0.29596003586335934,0.29596003586335934,3.1956281667317072,16.016018086767055,59.048326298416576,6.641521762155278,61,47.9127873840332,ArchType.IV
17,13,0.36723920983923675,0.36723920983923675,3.2106621757589937,16.113977267567222,59.91887021286252,6.743232834675322,61,52.14105438232426,ArchType.IV
17,14,0.47785468589757685,0.47785468589757685,3.217740743862388,16.19008343756491,60.96588177256332,6.707355268445047,61,56.39300689697276,ArchType.IV
17,15,0.4691787228512511,0.4691787228512511,3.215563490732751,16.189957228784383,61.90610171773373,6.836881136470277,61,60.60409008789069,ArchType.IV
17,16,0.7328887625271633,0.7328887625271633,3.211295259782596,16.187083076458535,63.34561685566751,7.069014589091701,61,64.7030862731934,ArchType.IV
17,17,0.5764314317151108,0.5764314317151108,3.2135931659579415,16.223352673903698,64.8709117257516,6.998373021589381,61,68.50087588500966,ArchType.IV
17,18,0.5546838338976803,0.5546838338976803,3.2164944874380366,16.23367333127793,66.02054641672746,7.030388040240121,61,71.53279670715312,ArchType.IV
17,19,0.5895416738764069,0.5895416738764069,3.221397485172171,16.25598416918225,67.30081849458806,7.153907180613712,61,73.41480680847158,ArchType.IV
17,20,0.5849062836746292,0.5849062836746292,3.230389260347189,16.302046346659743,68.38020643803053,7.142057649245818,61,74.36265950012191,ArchType.IV
17,21,0.5848497120741777,0.5848497120741777,3.241087353684295,16.353113342490452,69.27616869061444,7.206244386401023,61,74.91834916687009,ArchType.IV
17,22,0.5842643711566622,0.5842643711566622,3.251891496440395,16.404775720037982,69.66283943958966,7.15418054798193,61,75.35278085327155,ArchType.IV
17,23,0.5832712069618641,0.5832712069618641,3.2612941748454416,16.450205157828307,69.94323189389537,7.211917463909216,61,75.72295327758795,ArchType.IV
17,24,0.5819880137593852,0.5819880137593852,3.268376372356844,16.48430750127215,70.53646210718368,7.202999804655498,61,76.06015792846696,ArchType.IV
17,25,0.5798472285954042,0.5798472285954042,3.273377733605712,16.50790064167114,70.65698823604151,7.184802404692077,61,76.38889907836932,ArchType.IV
17,26,0.5771988561471064,0.5771988561471064,3.276814559869347,16.52348328953302,70.72180740444308,7.19333907038241,61,76.71137316894558,ArchType.IV
17,27,0.5742260075680368,0.5742260075680368,3.2790905584537113,16.53301866357867,70.74569533200557,7.221214491071498,61,77.02788031005883,ArchType.IV
17,28,0.5710589642217587,0.5710589642217587,3.280539959566439,16.538176427515452,70.74063512737126,7.265022027713011,61,77.33848898315466,ArchType.IV
17,29,0.567788746241491,0.567788746241491,3.2814241635433206,16.540300861174682,71.1150771365366,7.253501664218271,61,77.64315588378949,ArchType.IV
17,30,0.5644765574899443,0.5644765574899443,3.281933667573373,16.54039688159647,71.07798938465365,7.2349630146778425,61,77.94188554382379,ArchType.IV
17,31,0.5611378507578171,0.5611378507578171,3.2822064483779485,16.53921916456465,71.03243886270253,7.231316798392538,61,78.23496397399941,ArchType.IV
17,32,0.5782484163364665,0.5782484163364665,3.2824820444260796,16.540223304941403,70.99905413359528,7.240277864546689,61,78.5232104339604,ArchType.IV
17,33,0.5751639746293816,0.5751639746293816,3.2830483586733803,16.54908104235437,71.01484259692434,7.255427379621696,61,78.80512538147005,ArchType.IV
17,34,0.571811985785003,0.571811985785003,3.2833455583651414,16.552794575063558,70.99255279232592,7.282737306258543,61,79.07522476196317,ArchType.IV
17,35,0.5685234828670236,0.5685234828670236,3.28348510637085,16.553675084920414,71.33496298657239,7.311890571680904,61,79.33404383850117,ArchType.IV
17,36,0.5652948365083166,0.5652948365083166,3.2835420083513105,16.55309914215732,71.28285709469709,7.284469864238392,61,79.58219038391141,ArchType.IV
17,37,0.5621734821526927,0.5621734821526927,3.2835697608842227,16.551959254934722,71.22708664211068,7.268270362767845,61,79.81679019165063,ArchType.IV
17,38,0.5592249079051211,0.5592249079051211,3.2835787742859437,16.550617450474654,71.17050159426678,7.262066217039675,61,80.03774356079131,ArchType.IV
17,39,0.5564387299569058,0.5564387299569058,3.2835675405898432,16.549196609293137,71.11477211951109,7.2644407660467945,61,80.24634609985375,ArchType.IV
17,40,0.5537837834972853,0.5537837834972853,3.283541828316841,16.54780891938506,71.06072503635345,7.2740371163333615,61,80.44468447876014,ArchType.IV
17,41,0.5512682400306403,0.5512682400306403,3.2835038569841832,16.546481352495682,71.00866717311489,7.28966023374093,61,80.63301902771019,ArchType.IV
17,42,0.5489131553511497,0.5489131553511497,3.2834562625421864,16.545205679604383,70.95872844121772,7.310420983789851,61,80.810146789551,ArchType.IV
17,43,0.5467212974102182,0.5467212974102182,3.283402856977175,16.54396810057407,70.91140943095311,7.335105991382101,61,80.97441967773469,ArchType.IV
17,44,0.5446961980244599,0.5446961980244599,3.28334814875865,16.54279067515941,71.23492417801931,7.360480049785846,61,81.12660055542011,ArchType.IV
17,45,0.5428287358120386,0.5428287358120386,3.2832947995563573,16.54168676477222,71.19375560140381,7.345685397726283,61,81.2674784698487,ArchType.IV
17,46,0.5411078665496042,0.5411078665496042,3.283244109448239,16.540660238990217,71.15561864061019,7.335334139170808,61,81.39783944702145,ArchType.IV
17,47,0.5395100997936395,0.5395100997936395,3.2831963791377796,16.53970334286603,71.1202598703309,7.328629745895334,61,81.52055718994151,ArchType.IV
17,48,0.5379834753100248,0.5379834753100248,3.2831506419058933,16.538786297400378,71.08708607631408,7.324893433809721,61,81.64132421875001,ArchType.IV
17,49,0.536492978993033,0.536492978993033,3.2831057987889087,16.537884846528836,71.05550242873161,7.323694360574635,61,81.76008363342291,ArchType.IV
17,50,0.5350358998736139,0.5350358998736139,3.283061757586102,16.536998823858816,71.02513182491236,7.324788351936903,61,81.87684197998053,ArchType.IV
17,51,0.5336115537403082,0.5336115537403082,3.2830187120673977,16.536131810636242,70.99572935239753,7.3280182989927525,61,81.99162695312518,ArchType.IV
17,52,0.5322171387029524,0.5322171387029524,3.2829767793702875,16.535285607989476,70.96713526624329,7.333257288812137,61,82.10447531127949,ArchType.IV
17,53,0.5308519096002638,0.5308519096002638,3.282935976037439,16.534460512808735,70.93925146531393,7.340391215498989,61,82.21542230224634,ArchType.IV
17,54,0.5295149348609116,0.5295149348609116,3.2828962548642484,16.533655928924794,70.91201400134908,7.349314392288799,61,82.32450115966813,ArchType.IV
17,55,0.5282054322141858,0.5282054322141858,3.282857548849589,16.5328709792034,70.8853801065744,7.3599261600774675,61,82.43174209594747,ArchType.IV
17,56,0.5269226784041011,0.5269226784041011,3.2828197924828104,16.532104776030806,70.85931952980172,7.3721297242540835,61,82.53718086242705,ArchType.IV
17,57,0.5256660187557737,0.5256660187557737,3.282782929475904,16.531356509743148,70.83380963178125,7.385831648412735,61,82.64084565734899,ArchType.IV
17,58,0.5244340626809182,0.5244340626809182,3.2827468884755504,16.530625027642266,70.80882608958647,7.400946873252728,61,82.74289761352563,ArchType.IV
17,59,0.5237663347204545,0.5237663347204545,3.2827115503692115,16.529907950425955,70.78431570228065,7.417325354877925,61,82.84338859558136,ArchType.IV
17,60,0.5220090486701038,0.5220090486701038,3.2826764998085824,16.52919886005637,70.76047501951533,7.434655996053425,61,82.94505937194847,ArchType.IV
17,61,0.5207968991738,0.5207968991738,3.2826425500542156,16.52851284399831,71.08765623879488,7.444226119943436,61,83.04795022583045,ArchType.IV
17,62,0.5195724252832655,0.5195724252832655,3.282608638015685,16.52782868787343,71.06349055343244,7.436900241880049,61,83.15207626342811,ArchType.IV
17,63,0.518336589503299,0.518336589503299,3.282574752725042,16.527146278248864,71.03922551734361,7.4310855786262655,61,83.25745007324264,ArchType.IV
17,64,0.517090359875088,0.517090359875088,3.282540765939791,16.526462938470456,71.01482033466665,7.426820181293852,61,83.36408927917515,ArchType.IV
17,65,0.5158336359670667,0.5158336359670667,3.282506605431093,16.525777092580814,70.99025381624315,7.424153250482427,61,83.47200798034717,ArchType.IV
17,66,0.5145663439450917,0.5145663439450917,3.282472233562869,16.52508786725093,70.96551506860449,7.423139609313278,61,83.58122178649967,ArchType.IV
17,67,0.5132884375150345,0.5132884375150345,3.2824376311479546,16.52439478137963,70.9405982981194,7.4238369794652375,61,83.69174580383378,ArchType.IV
17,68,0.5119998764438944,0.5119998764438944,3.282402788706294,16.523697574837254,70.91550035960407,7.42630462716927,61,83.80359513855066,ArchType.IV
17,69,0.5107006189434887,0.5107006189434887,3.282367702066747,16.522996116127132,70.89021933911457,7.4306026703466905,61,83.9167864074715,ArchType.IV
17,70,0.5093906375356282,0.5093906375356282,3.282332369581224,16.52229034142143,70.86475399835761,7.43679169294263,61,84.03133421325765,ArchType.IV
17,71,0.5080699102700321,0.5080699102700321,3.2822967900832407,16.521580210848555,70.83910351211988,7.444932505438995,61,84.1472551727303,ArchType.IV
17,72,0.5067337074162825,0.5067337074162825,3.282260989751731,16.52086627738906,70.81329797377813,7.45515814704745,61,84.26456690979089,ArchType.IV
17,73,0.5066046817637024,0.5066046817637024,3.282224956350401,16.520148147660628,70.78736001161994,7.467038895790585,61,84.38328604126062,ArchType.IV
17,74,0.538353170977923,0.538353170977923,3.2824727343664497,16.5257977505002,70.80798087053446,7.4789716755657425,61,84.50342565918046,ArchType.IV
17,75,0.5370644171677952,0.5370644171677952,3.2832013967128137,16.54242364098036,70.91676560453548,7.4868787717625125,61,84.62502453613354,ArchType.IV
17,76,0.5358524905038582,0.5358524905038582,3.2835849803806436,16.55127049993107,70.96688169475503,7.4971039424989945,61,84.74812799072328,ArchType.IV
17,77,0.5345297349453223,0.5345297349453223,3.283778140409058,16.555808754999603,70.98418740301621,7.5096949453371185,61,84.87272192382878,ArchType.IV
17,78,0.5331394838776591,0.5331394838776591,3.2838660055241116,16.557956172448904,70.98308015684718,7.5246881593919275,61,84.9988083496099,ArchType.IV
17,79,0.5317083302029234,0.5317083302029234,3.2838955463465194,16.558774998954952,71.3060299002849,7.527378981908236,61,85.12639985656782,ArchType.IV
17,80,0.5302516899224918,0.5302516899224918,3.283892706784769,16.5588541658753,71.28862887007804,7.512857304323352,61,85.25550953674349,ArchType.IV
17,81,0.5287696696156495,0.5287696696156495,3.283871815544045,16.558520179623745,71.2678318353191,7.500412942789259,61,85.38615350341831,ArchType.IV
17,82,0.5272698550592646,0.5272698550592646,3.2838407987317932,16.55795423587607,71.24503574250899,7.490165307914451,61,85.51834887695361,ArchType.IV
17,83,0.5257621344615333,0.5257621344615333,3.283804035409676,16.557256739793143,71.22101856968251,7.482220816883068,61,85.65211378479063,ArchType.IV
17,84,0.5242408459475554,0.5242408459475554,3.2837639532150975,16.55648360235242,71.19621872220092,7.476678780765326,61,85.78746937561104,ArchType.IV
17,85,0.5227019146253657,0.5227019146253657,3.283721914493449,16.55566629816505,71.17088443573161,7.47363529120882,61,85.92443327331597,ArchType.IV
17,86,0.5211563749129118,0.5211563749129118,3.28367864824303,16.554821671468307,71.14514703516626,7.473185168330911,61,86.06302259826705,ArchType.IV
17,87,0.5195939765298839,0.5195939765298839,3.2836345741563,16.553959416476513,71.11907933547687,7.475423023236426,61,86.20325749206603,ArchType.IV
17,88,0.5180253875312257,0.5180253875312257,3.283589921871355,16.55308496116347,71.09272892514106,7.480440041567847,61,86.34515608215384,ArchType.IV
17,89,0.5164398818893262,0.5164398818893262,3.2835448245732897,16.552201335065558,71.06611336798588,7.488329616789727,61,86.48874153137263,ArchType.IV
17,90,0.5148448069118873,0.5148448069118873,3.2834993439104383,16.551310053729388,71.03924900079986,7.499180914191386,61,86.63403096008341,ArchType.IV
17,91,0.513239995743665,0.513239995743665,3.283453535999106,16.550412353511906,71.01213825891645,7.51308511431434,61,86.78104501342804,ArchType.IV
17,92,0.5116218209156536,0.5116218209156536,3.2834074039259282,16.54950838162477,70.9847867945371,7.530128350052982,61,86.92980534362832,ArchType.IV
17,93,0.5099944936311231,0.5099944936311231,3.2833609851591334,16.548598951053247,70.95719355060642,7.550398453099488,61,87.08032907104524,ArchType.IV
17,94,0.5083536592652048,0.5083536592652048,3.283314258828176,16.547683641601797,71.2479699395333,7.53641854204752,61,87.23264187622095,ArchType.IV
17,95,0.506703457968923,0.506703457968923,3.28326726189864,16.546763260665955,71.21987706853648,7.5223184270607035,61,87.38676138305689,ArchType.IV
17,96,0.5050672761702945,0.5050672761702945,3.2832198406173014,16.545835016009203,71.19168890030481,7.5113711859405825,61,87.54021923828154,ArchType.IV
17,97,0.5034630279605543,0.5034630279605543,3.2831720926869146,16.544900660547967,71.1635999611762,7.503701897555578,61,87.69243183898962,ArchType.IV
17,98,0.5018772461041111,0.5018772461041111,3.2831244247684612,16.54396715948367,71.13573185521864,7.499339415811363,61,87.84333573913614,ArchType.IV
17,99,0.5003184112624348,0.5003184112624348,3.283077191806028,16.54304039305273,71.10813807233524,7.498251787498308,61,87.99290727233912,ArchType.IV
17,100,0.49877866585687297,0.49877866585687297,3.2830306175882806,16.54212439268826,71.0808411772828,7.500376318018825,61,88.14114140319862,ArchType.IV
17,101,0.49725458558587743,0.49725458558587743,3.2829848034375977,16.541221338668308,71.05385266358111,7.505632572791888,61,88.28803913879423,ArchType.IV
17,102,0.4957576139620212,0.4957576139620212,3.282939769526753,16.540331971610154,71.02716647892989,7.513933111569729,61,88.43361004638703,ArchType.IV
17,103,0.4942809835414456,0.4942809835414456,3.282895487660488,16.53945620667155,71.00078000344774,7.525184502937638,61,88.57786419677757,ArchType.IV
17,104,0.5013280777685711,0.5013280777685711,3.2829320422246506,16.540383985818046,70.9865494985471,7.538605861939144,61,88.7208111572269,ArchType.IV
17,105,0.5003587925979319,0.5003587925979319,3.283084563347594,16.543964497880992,70.99193554448603,7.553358714374433,61,88.86244287109403,ArchType.IV
17,106,0.48115719133018614,0.48115719133018614,3.2829015269467865,16.53997446649513,70.94056578421718,7.5729318249913025,61,89.0044008789065,ArchType.IV
17,107,0.5061984133040328,0.5061984133040328,3.282809065994261,16.537906500379055,71.20025935983587,7.573632382767308,61,89.14753213501001,ArchType.IV
17,108,0.5037954003671588,0.5037954003671588,3.2831636774287665,16.546038922386817,71.23323718253933,7.5547084821494765,61,89.2912192993168,ArchType.IV
17,109,0.503013584963039,0.503013584963039,3.2833382632722494,16.550103951149367,71.23484491553242,7.537994775987965,61,89.43540043640189,ArchType.IV
17,110,0.5011142886702563,0.5011142886702563,3.2834126693428485,16.55190510700344,71.21885379523306,7.523878051236663,61,89.57968731689502,ArchType.IV
17,111,0.4996399460703557,0.4996399460703557,3.283432369002647,16.55246555927893,71.19315642843202,7.512573531200774,61,89.7227239074713,ArchType.IV
17,112,0.49816772430950806,0.49816772430950806,3.283421901944462,16.552341188020208,71.1622482700705,7.504191060041791,61,89.86450567627028,ArchType.IV
17,113,0.4967051325339702,0.4967051325339702,3.283395007968844,16.551842881705408,71.12863611016736,7.498745065017164,61,90.00503363037188,ArchType.IV
17,114,0.49525597487061,0.49525597487061,3.2833593522349203,16.551144252934343,71.09375092970299,7.496203389454253,61,90.14380976867744,ArchType.IV
17,115,0.4938301510606922,0.4938301510606922,3.283319292988969,16.550344287670175,71.05847484448378,7.496494990954948,61,90.27995289611891,ArchType.IV
17,116,0.4924528068666477,0.4924528068666477,3.2832773619167632,16.549499511733938,71.0235763277495,7.499472471950137,61,90.40985867309647,ArchType.IV
17,117,0.4911419536638292,0.4911419536638292,3.283235323866622,16.54864956038745,70.98965162616871,7.504874433964709,61,90.53369477844308,ArchType.IV
17,118,0.48989593997868075,0.48989593997868075,3.283194146244858,16.54781576851996,70.95700067831834,7.5123901805319555,61,90.651680252076,ArchType.IV
17,119,0.48873003412394256,0.48873003412394256,3.2831542162170084,16.547004555950355,70.92582011111824,7.521688238077214,61,90.76312272644122,ArchType.IV
17,120,0.48763948659858813,0.48763948659858813,3.283115649702609,16.54621742953647,70.89625684829679,7.532421281238993,61,90.86776237487882,ArchType.IV
17,121,0.48662131648139645,0.48662131648139645,3.2830786999124424,16.54546088479252,70.86840823038858,7.544250166259316,61,90.96571098327735,ArchType.IV
17,122,0.48567534317307826,0.48567534317307826,3.283043633952681,16.544739415207484,70.94145652619419,7.53463905235633,61,91.05729887390248,ArchType.IV
17,123,0.48479336681318264,0.48479336681318264,3.2830106640923096,16.544059953623908,70.91643698875458,7.521664054700713,61,91.14284579467892,ArchType.IV
17,124,0.48397277925323856,0.48397277925323856,3.2829798345629277,16.543422840682148,70.89299908805245,7.510685939641911,61,91.22269314575314,ArchType.IV
17,125,0.4832095238209357,0.4832095238209357,3.282951104764602,16.54282763104031,70.87106335669601,7.501449851525551,61,91.29719592285272,ArchType.IV
17,126,0.48249672065504123,0.48249672065504123,3.282924363486705,16.542272640696474,70.85059574658155,7.4937244450824085,61,91.36669049072387,ArchType.IV
17,127,0.48183284365722406,0.48183284365722406,3.282899496006005,16.54175597049858,70.83155571183137,7.487296349653119,61,91.43150616455202,ArchType.IV
17,128,0.4812139585729932,0.4812139585729932,3.2828763700477066,16.541275169178157,70.81385295874856,7.481979319627676,61,91.49195664978166,ArchType.IV
17,129,0.48063421614727025,0.48063421614727025,3.2828548617033597,16.54082787729267,70.79739811063419,7.4776119099852565,61,91.54833551025521,ArchType.IV
17,130,0.4800997050230642,0.4800997050230642,3.2828348820903877,16.540413374350305,70.78226572834039,7.474006460695466,61,91.60091969299455,ArchType.IV
17,131,0.4795987058929043,0.4795987058929043,3.282816303347235,16.540027859157114,70.76841842883886,7.471091968398677,61,91.64997959900026,ArchType.IV
17,132,0.4791321952759936,0.4791321952759936,3.2827990351178298,16.539669948742905,70.7555870092429,7.468756689885759,61,91.6957841186535,ArchType.IV
17,133,0.47869747417330427,0.47869747417330427,3.2827829728138282,16.53933731409338,70.74368487508364,7.466915956192467,61,91.73855732727182,ArchType.IV
17,134,0.47829201058817594,0.47829201058817594,3.2827680244455104,16.539027826993166,70.73257364671552,7.465501135150882,61,91.77850819397096,ArchType.IV
17,135,0.4779138334592914,0.4779138334592914,3.2827541026257525,16.53873967897378,70.7221814835034,7.464442894984491,61,91.8158230285656,ArchType.IV
17,136,0.47756010115442615,0.47756010115442615,3.282741124539311,16.53847111046046,70.71245584844233,7.463685980563089,61,91.85067253112913,ArchType.IV
17,137,0.4772331452636693,0.4772331452636693,3.2827290193795755,16.538219742243555,70.7031292529204,7.46317548715232,61,91.88321733093377,ArchType.IV
17,138,0.4769265598986222,0.4769265598986222,3.282717722165292,16.537985325920115,70.69437821658485,7.46290658533357,61,91.91358029174918,ArchType.IV
17,139,0.4770251034806769,0.4770251034806769,3.282707367846463,16.537770349463866,70.68611206802952,7.462774633952656,61,91.94252427673453,ArchType.IV
17,140,0.4763673012341452,0.4763673012341452,3.2826970774676556,16.537557815811724,70.67864591944479,7.462777165711052,61,91.97010517883425,ArchType.IV
17,141,0.47610807349426704,0.47610807349426704,3.2826875394668744,16.537359772307134,70.67153688303927,7.462903685932433,61,91.99639198303342,ArchType.IV
17,142,0.47586149739918726,0.47586149739918726,3.2826785005899795,16.53717175321004,70.66476698957975,7.463135783493662,61,92.0214410858166,ArchType.IV
17,143,0.47562690212741565,0.47562690212741565,3.282669933802681,16.536993231416034,70.65830939897904,7.463458340995214,61,92.04531089782822,ArchType.IV
17,144,0.4754032809789195,0.4754032809789195,3.2826618071509985,16.536823732064644,70.65216620686508,7.463858982316132,61,92.06805580139263,ArchType.IV
17,145,0.47519044938561894,0.47519044938561894,3.2826540983672325,16.53666291712342,70.64636257268582,7.4643180601648496,61,92.08972866821387,ArchType.IV
17,146,0.47497549897604385,0.47497549897604385,3.2826467928631873,16.536509990705714,70.64079687891049,7.464797794478489,61,92.11038287353605,ArchType.IV
17,147,0.4747964017649087,0.4747964017649087,3.2826398038699476,16.536363613780726,70.63536264657661,7.465369521543167,61,92.130065246583,ArchType.IV
17,148,0.47461283295820245,0.47461283295820245,3.282633164864292,16.536224478625662,70.63016989977466,7.465979744701611,61,92.14881304931745,ArchType.IV
17,149,0.47443809718260405,0.47443809718260405,3.2826268464979256,16.536092077229235,70.62524985672087,7.4666153553549055,61,92.16667109680273,ArchType.IV
17,150,0.4742717133654828,0.4742717133654828,3.2826208326049766,16.535966063233303,70.62059243492918,7.467266919169027,61,92.1836796722423,ArchType.IV
17,151,0.4741132963370054,0.4741132963370054,3.282615110664772,16.535846214229153,70.61618670140767,7.467928810917676,61,92.1998810729992,ArchType.IV
17,152,0.47396284006442274,0.47396284006442274,3.282609665121387,16.53573210518699,70.61197004283262,7.468561718186769,61,92.21531507873647,ArchType.IV
17,153,0.47381919678829515,0.47381919678829515,3.2826044828979173,16.535623660928614,70.60801382286607,7.469233430077475,61,92.23001844787703,ArchType.IV
17,154,0.47368233548395533,0.47368233548395533,3.2825995538778585,16.535520613096352,70.60427643349925,7.469902964443407,61,92.24402894592376,ArchType.IV
17,155,0.4735519412677383,0.4735519412677383,3.282594865979844,16.535422712917402,70.60074742914799,7.470567272696145,61,92.25738031005949,ArchType.IV
17,156,0.47342780076312163,0.47342780076312163,3.282590402951164,16.535329598550685,70.59741596500582,7.471227601550867,61,92.27010476684669,ArchType.IV
17,157,0.4733102031249504,0.4733102031249504,3.282586155129192,16.535240487527524,70.5940927911896,7.471865839847616,61,92.28223554992775,ArchType.IV
17,158,0.47319754051218504,0.47319754051218504,3.2825821050370934,16.535155832974084,70.59096164519777,7.472524800031682,61,92.29379229736429,ArchType.IV
17,159,0.47309020800868806,0.47309020800868806,3.2825782462792135,16.535075198426842,70.58799977768442,7.473170426489448,61,92.30480270385831,ArchType.IV
17,160,0.47298805430479757,0.47298805430479757,3.282574567985983,16.534998339830075,70.58519734715638,7.473806190262867,61,92.31529396057232,ArchType.IV
17,161,0.47289059360505714,0.47289059360505714,3.282571071939573,16.534925219872623,70.58248434418309,7.474399226772947,61,92.32529225158794,ArchType.IV
17,162,0.47279813683371186,0.47279813683371186,3.282567736057981,16.534855551394095,70.57994414970398,7.4750038100636935,61,92.33481822204703,ArchType.IV
17,163,0.47270970924603,0.47270970924603,3.2825645612893033,16.534789304923336,70.57754507244378,7.475591033748656,61,92.34389604187137,ArchType.IV
17,164,0.4726255508163409,0.4726255508163409,3.2825615369121364,16.534726210475466,70.57527481594518,7.47616666321996,61,92.35254786682256,ArchType.IV
17,165,0.4725453325789101,0.4725453325789101,3.2825586598849896,16.534666149988553,70.57309637909648,7.476733020184324,61,92.36079484558226,ArchType.IV
17,166,0.47246918678252914,0.47246918678252914,3.2825559211468467,16.534608895536,70.57095937602487,7.477248312225282,61,92.36865560913216,ArchType.IV
17,167,0.47239635212941256,0.47239635212941256,3.282553306589529,16.534554335703838,70.56896216511322,7.477777080956966,61,92.3761452636731,ArchType.IV
17,168,0.47232701648702524,0.47232701648702524,3.282550813400712,16.534502271615363,70.56706522624272,7.47829512312346,61,92.38328294372687,ArchType.IV
17,169,0.4722609483152616,0.4722609483152616,3.282548440300118,16.53445267101883,70.56524058234378,7.478800788889325,61,92.39008375549432,ArchType.IV
17,170,0.47219075602712185,0.47219075602712185,3.2825461921382773,16.53440568932932,70.56346041168766,7.479256372880214,61,92.3965653228772,ArchType.IV
17,171,0.4721382411259398,0.4721382411259398,3.2825440253449663,16.53436051240046,70.56183454524022,7.479718237040524,61,92.40273973083623,ArchType.IV
17,172,0.47208096668585325,0.47208096668585325,3.2825419721510265,16.534317632007294,70.56028246615925,7.48017044443592,61,92.40862359619263,ArchType.IV
17,173,0.4720265183166943,0.4720265183166943,3.282540017801643,16.53427680922063,70.55878949278588,7.480608971522585,61,92.41423303222777,ArchType.IV
17,174,0.47197464029066916,0.47197464029066916,3.2825381559105287,16.534237893362658,70.55735208847035,7.481034072690603,61,92.41957861328234,ArchType.IV
17,175,0.47192199379962707,0.47192199379962707,3.2825363857708485,16.53420092365155,70.55594963062808,7.4814111452171055,61,92.42467192077757,ArchType.IV
17,176,0.4718783143278275,0.4718783143278275,3.282534688986097,16.53416544886952,70.55465583316486,7.481803590603801,61,92.42952302551402,ArchType.IV
17,177,0.47183346223803435,0.47183346223803435,3.2825330758618656,16.534131703953793,70.55341037730774,7.482183149148547,61,92.43414451599253,ArchType.IV
17,178,0.47179076761609545,0.47179076761609545,3.28253153960198,16.534099545670674,70.55221087452938,7.482550097846394,61,92.4385494842544,ArchType.IV
17,179,0.47175009683380886,0.47175009683380886,3.282530075113405,16.534068856516146,70.55105463878174,7.482904808999237,61,92.44274598694,ArchType.IV
17,180,0.4717111212419965,0.4717111212419965,3.282528677101238,16.534039615643515,70.54996309104843,7.483251515520693,61,92.44674359131008,ArchType.IV
17,181,0.47167333460354366,0.47167333460354366,3.282527352995762,16.534011886711596,70.54889928739193,7.48354163485531,61,92.45055035400534,ArchType.IV
17,182,0.4716394128308801,0.4716394128308801,3.282526081869121,16.53398523048966,70.54791138827282,7.483853433665012,61,92.45417584228653,ArchType.IV
17,183,0.47160581876220475,0.47160581876220475,3.2825248712546755,16.533959857857628,70.54696533009368,7.484155882390036,61,92.45762760925422,ArchType.IV
17,184,0.47157383937565645,0.47157383937565645,3.2825237224964905,16.533935834370848,70.54607796239296,7.48444764140413,61,92.46091622924939,ArchType.IV
17,185,0.4715433517536445,0.4715433517536445,3.282522630182641,16.533913022082967,70.54524533635292,7.484725362781061,61,92.46404875183251,ArchType.IV
17,186,0.4715143060421852,0.4715143060421852,3.2825215916332944,16.533891368858892,70.54446470111604,7.484989543017736,61,92.46703424072419,ArchType.IV
17,187,0.47148660257259706,0.47148660257259706,3.2825206039539805,16.533870816062066,70.5437332942662,7.485240752517027,61,92.46988125610494,ArchType.IV
17,188,0.4714601784704331,0.4714601784704331,3.2825196646116077,16.53385131046201,70.5430487805496,7.485479591993306,61,92.47259483337535,ArchType.IV
17,189,0.47143554302499463,0.47143554302499463,3.2825187671105116,16.53383247933413,70.54232225188511,7.485671857943207,61,92.47518302917612,ArchType.IV
17,190,0.47141156798858624,0.47141156798858624,3.2825179107559515,16.533814653457878,70.5416779420672,7.485894336039062,61,92.47764836120723,ArchType.IV
17,191,0.4713886941761074,0.4713886941761074,3.2825170957627017,16.533797712154477,70.5410743425221,7.486105788559958,61,92.47999787902944,ArchType.IV
17,192,0.47136689283372274,0.47136689283372274,3.282516320739689,16.533781630518394,70.54050962356281,7.48630663665811,61,92.48223611450322,ArchType.IV
17,193,0.4711822168872441,0.4711822168872441,3.282513513367574,16.533719697464306,70.53962200281178,7.486495802719364,61,92.48437364196894,ArchType.IV
17,194,0.4708659821699346,0.4708659821699346,3.282505057510482,16.5335297094792,70.53776304570691,7.486683798154129,61,92.48640844726674,ArchType.IV
17,195,0.4704584227132134,0.4704584227132134,3.2824910638448195,16.533213890246408,70.5349428652109,7.486872323182904,61,92.48834204101667,ArchType.IV
17,196,0.469958080439698,0.469958080439698,3.2824716429130745,16.532774655468135,70.53117856089642,7.4870613236564285,61,92.49017240905854,ArchType.IV
17,197,0.4693647043035197,0.4693647043035197,3.28244683221331,16.53221281041076,70.52647566630134,7.4872507440315115,61,92.49189854431245,ArchType.IV
17,198,0.4686764222479362,0.4686764222479362,3.2824166175106635,16.531528016148222,70.52083152097633,7.487440526254932,61,92.49351792907808,ArchType.IV
17,199,0.46789318617192377,0.46789318617192377,3.2823809651132994,16.53071950269265,70.51424026707198,7.487630611037158,61,92.4950295562752,ArchType.IV
18,0,0.0,0.0,2.0083984248537408,6.047694984016738,6.617164413714295,0.8529939086292787,61,4.1470238037109395,ArchType.V
18,1,0.0,0.0,2.3105215092806235,9.819568616206189,17.54379499882588,0.9493207665165512,61,8.096269195556651,ArchType.V
18,2,0.0,0.0,2.591586391071686,11.811956226033145,29.393179271232402,2.312632398159309,61,11.969785186767574,ArchType.V
18,3,0.0,0.0,2.8029762955678397,13.20022689482067,40.79673661103102,4.4639124736947675,61,15.848542022705086,ArchType.V
18,4,0.0,0.0,2.982854426573515,14.457446060388842,48.661032002559075,5.7198400318442,61,19.793508331298835,ArchType.V
18,5,0.0,0.0,3.097257161026668,15.25536291815264,50.60802409113667,5.998141897237975,61,23.72008535766601,ArchType.V
18,6,0.0,0.0,3.153297074077347,15.654820537510533,51.269218580587754,5.885628723150016,61,27.57059057617185,ArchType.V
18,7,0.0,0.0,3.1724099544864557,15.811194884773842,52.19662808381562,5.915391450739703,61,31.301359008789074,ArchType.V
18,8,0.0,0.0,3.1772104489254356,15.86514800623652,54.398391634109274,6.354847870753716,61,34.886596313476545,ArchType.V
18,9,0.6892260479024046,0.6892260479024046,3.1859645950823463,15.962151346907907,56.58969483883505,7.058699915238731,61,38.32398117065432,ArchType.V
18,10,0.7947516449276049,0.7947516449276049,3.204098017789822,16.18640041299112,57.926432945961096,6.946175506246123,61,41.661031646728546,ArchType.V
18,11,0.8535559116201076,0.8535559116201076,3.2131156861094694,16.298131489236553,59.29671566666903,6.942138282760595,61,45.000439697265676,ArchType.V
18,12,1.1025867711016009,1.1025867711016009,3.2105843767673803,16.310690078490534,60.675829710633295,7.187552674879975,61,48.347017150878926,ArchType.V
18,13,1.1676894023369355,1.1676894023369355,3.208313721960203,16.3685753951229,62.43057421001497,7.133258508416096,61,51.652209655761666,ArchType.V
18,14,1.1039378058098466,1.1039378058098466,3.2100451850568628,16.379361624897136,63.671095779692955,7.117540333247549,61,54.887832061767526,ArchType.V
18,15,0.9589499978864969,0.9589499978864969,3.2171797221158926,16.362613168678006,64.26993750052065,7.36273202512799,61,58.08851181030268,ArchType.V
18,16,1.0127225462541405,1.0127225462541405,3.2332465675169577,16.440139558385106,65.34367201238302,7.392712172964692,61,61.27851751708985,ArchType.V
18,17,0.9333545833082798,0.9333545833082798,3.2493877970913028,16.5051097373848,66.19715934379239,7.403635287190168,61,64.41674118041993,ArchType.V
18,18,0.8582779414607965,0.8582779414607965,3.2621539727304505,16.547273726839734,66.37065277994934,7.482619848516936,61,67.46357836914069,ArchType.V
18,19,0.7780636258823512,0.7780636258823512,3.2700599335490255,16.55995791246656,66.37271588448958,7.43475711459745,61,70.40281459045426,ArchType.V
18,20,0.7226712495360958,0.7226712495360958,3.273751261327263,16.546001118865778,66.013154042157,7.5102147961329795,61,73.26608927917482,ArchType.V
18,21,0.6719026143556244,0.6719026143556244,3.275303536963805,16.52503141378662,65.42918647872638,7.519156681845361,61,76.10135807800307,ArchType.V
18,22,0.6122167997116837,0.6122167997116837,3.2757712568083175,16.501223574586376,64.81194421073381,7.583897291639822,61,78.90040522766122,ArchType.V
18,23,0.5633585731110974,0.5633585731110974,3.2746646763514518,16.46504937299126,64.17079327751158,7.645139706637063,61,81.72556697082541,ArchType.V
18,24,0.5370413372165789,0.5370413372165789,3.2735612802497607,16.441144234615475,63.54427001594954,7.702305028619794,61,84.61646083068868,ArchType.V
18,25,0.5023890033097913,0.5023890033097913,3.2731040693414855,16.424889730239013,62.944870789792006,7.653090606675132,61,87.51330653381382,ArchType.V
18,26,0.4710960838968338,0.4710960838968338,3.273278208312304,16.41497400796918,62.13363168430784,7.657910264951822,61,90.38874221801805,ArchType.V
18,27,0.40100987002783983,0.40100987002783983,3.273587845658512,16.404937318347656,61.34053849342207,7.589533287934595,61,93.18381140136773,ArchType.V
18,28,0.381579891417304,0.381579891417304,3.273479569672219,16.384392227378186,60.6326774275134,7.816909338275392,61,95.81886663818409,ArchType.V
18,29,0.3613024253870234,0.3613024253870234,3.2736845110106603,16.37473302947542,59.133214196678615,7.911647685800801,61,98.31885028076235,ArchType.V
18,30,0.3517879918902423,0.3517879918902423,3.2741431824353735,16.375154683198634,58.00687825207181,7.89793625177113,61,100.71782278442461,ArchType.V
18,31,0.3351466316448749,0.3351466316448749,3.2744805930326315,16.375933651720604,55.94257430867432,7.860857647883651,61,103.02613592529372,ArchType.V
18,32,0.29557350240621977,0.29557350240621977,3.274073793837387,16.362750184939575,54.90387224932144,7.859296110026122,61,105.28030844116273,ArchType.V
18,33,0.2813913607266466,0.2813913607266466,3.2738032096594405,16.354199505878466,53.931001366860194,7.869499705489093,61,107.5555586395271,ArchType.V
18,34,0.2680933791344734,0.2680933791344734,3.273714841212418,16.350681059348318,53.017071252999216,7.864487799325827,61,109.85164482116787,ArchType.V
18,35,0.2504195490478132,0.2504195490478132,3.2736972337880363,16.349407773945074,52.142513898780166,7.849706487362888,61,112.16582319641199,ArchType.V
18,36,0.2402459351477054,0.2402459351477054,3.2736225028642116,16.34754297272912,50.322026676335724,7.790434793825027,61,114.50206669616799,ArchType.V
18,37,0.20919239133965994,0.20919239133965994,3.2731914888277873,16.33897188382444,49.563194912949946,7.842004363119864,61,116.8350628662119,ArchType.V
18,38,0.1993507224802631,0.1993507224802631,3.2727650525407443,16.33075784549325,48.84279062483937,7.990629384452745,61,119.16398590088,ArchType.V
18,39,0.1419790697504386,0.1419790697504386,3.27256418571842,16.329772901343212,48.36072599687579,8.12720940324528,61,121.49896199035751,ArchType.V
18,40,0.119665000529053,0.119665000529053,3.272477006188972,16.333308259767268,47.105069063012515,8.217724664273142,61,123.8422253417979,ArchType.V
18,41,0.1542338102454645,0.10630791352140727,3.272509435400687,16.3383625833097,46.74847148215994,8.156577842658896,61,126.19328601074318,ArchType.V
18,42,0.1632293143099975,0.058390713177505646,3.2724782780797517,16.342888125551134,46.484984039888246,8.157003459898059,61,128.55652731323335,ArchType.V
18,43,0.23055695855030411,0.03723389625311804,3.272347235501119,16.344489639038642,46.32457436600704,8.327764425379824,61,130.92917524719326,ArchType.V
18,44,0.2450877362711946,0.011315653682822288,3.272380933994884,16.35046515835918,45.0041710994783,8.38741620582785,61,133.3051188507091,ArchType.V
18,45,0.23918029508829378,0.0,3.2724420281432525,16.355887358309218,44.72557955587414,8.350201208189894,61,135.67889823913686,ArchType.V
18,46,0.1629517441025306,0.014009808067247139,3.2725072399315804,16.35954310893858,43.705252933299704,7.739359181000782,61,138.0371464385995,ArchType.V
18,47,0.18370749911819573,0.009003780791213343,3.272557522573233,16.36130932271548,42.28889291813428,6.928903698296349,61,140.3774373931895,ArchType.V
18,48,0.1871938815770024,0.006185164171571524,3.2725873400385166,16.362167704766065,38.89264140601134,5.979104211862715,61,142.6993441009531,ArchType.V
18,49,0.19424324319321434,0.0026651053232524323,3.2725658970646894,16.362417294915314,37.0044893625897,5.0255392637136875,61,144.9922081298838,ArchType.V
18,50,0.2198754813715317,0.005264119723414842,3.2724887738244006,16.36221921693473,34.96214675832118,4.143106954358233,61,147.25039134216388,ArchType.V
18,51,0.3638113098413235,0.0,3.2724148202044536,16.361919845030073,32.7739956200591,3.4497224501282773,61,149.46596348571853,ArchType.V
18,52,0.16628482043147516,0.011781210010040571,3.2723767855677464,16.361812020979677,30.373869980243015,3.108406182065648,61,151.6193715972908,ArchType.V
18,53,0.1890243744175788,0.006532632374860583,3.272339816189285,16.361625805742015,30.218711951391583,3.3132635240707877,61,153.71994728088475,ArchType.V
18,54,0.21204056761805373,0.0021335783854291583,3.272220621906032,16.361044506015325,27.619916704749638,3.9143490762559434,61,155.7919888610848,ArchType.V
18,55,0.2352054451667785,0.025624205869498623,3.271889547285577,16.359409578566865,52.90284539208385,4.095166019992512,61,157.83904075622632,ArchType.V
18,56,0.2179268051709466,0.026580493284374205,3.271316580901382,16.35662306121696,53.08700997254285,4.1551884541465505,61,159.86769279480052,ArchType.V
18,57,0.18369362597331523,0.014855608125521787,3.270677327715835,16.353472965611225,53.433246407019865,4.412072131221356,61,161.87963334655842,ArchType.V
18,58,0.1830369782266286,0.0,3.27016221340379,16.350202880109507,55.273760682466666,3.528358703009627,61,163.8635931854257,ArchType.V
18,59,0.3613954466183939,0.0,3.2700485404425628,16.349964345368566,57.83483488909135,2.4084319250037836,61,165.84166513061626,ArchType.V
18,60,0.4544610037575758,0.0,3.270223239853929,16.351053514290047,60.117456633205705,2.392262397943272,61,167.79392007446387,ArchType.V
18,61,0.3324776981050697,0.0,3.2702008255815467,16.351014042599264,62.259039312677814,3.448891362579738,61,169.65846942138796,ArchType.V
18,62,0.7019419036117464,0.0,3.269832898730372,16.34910488539294,64.53953905580764,4.901187502169156,61,171.40815725708143,ArchType.V
18,63,0.9739893881733738,0.0,3.26935817152595,16.42644879077598,68.55578270173872,5.8752661306839915,61,173.05519543457177,ArchType.V
18,64,1.2676022182479587,0.0,3.2691198862135193,16.471167188736803,74.1060462841908,6.903910280250361,61,174.6431295928969,ArchType.V
18,65,1.2457906129913312,0.0,3.2694481489638894,16.44766221888743,80.49820253637273,7.915486623368011,61,176.2094100189223,ArchType.V
18,66,1.2920759578618788,0.0,3.2701944616360668,16.413365526484156,21.07578000013455,7.904558746917027,61,177.7777851715103,ArchType.V
18,67,1.846716159980194,0.0,3.27101294257367,16.389926575041482,25.3173498273319,7.390336987537303,61,179.34730184936666,ArchType.V
18,68,1.7516788928155629,0.0,3.2717406233689457,16.37724198796063,28.772606014961237,6.9789366447421495,61,180.92153971862905,ArchType.V
18,69,1.34120215810073,0.0007274701807603161,3.2722055927261753,16.37063002612285,85.34290918901696,6.451005312454425,61,182.49062083435183,ArchType.V
18,70,2.6033504427752714,0.0,3.2724444239158683,16.367191250207604,81.65765156714419,5.760847271559891,61,184.04882347107088,ArchType.V
18,71,4.32720970514794,0.0,3.2725621971448757,16.365513707003856,77.78111847007659,4.919183058531597,61,185.59599606323366,ArchType.V
18,72,3.4138431026649863,0.0,3.27257522891267,16.36450638042612,74.70589693167605,4.013875377718733,61,187.12971054077275,ArchType.V
18,73,2.4169959794789864,0.0,3.2725959175739385,16.364531697881077,74.44001944212447,2.9370987104235775,61,188.6371613769545,ArchType.V
18,74,2.196381912809672,0.0,3.2726152799223027,16.364282593041644,75.29526241027774,1.253149444989638,61,190.07992242431789,ArchType.V
18,75,3.6066136562873496,0.0,3.2725871703075584,16.36274567926983,73.97933203727095,1.630746860015423,61,191.43396676635865,ArchType.V
18,76,2.4307852176673115,0.0,3.272256898669154,16.361017665835192,72.22798479511975,3.1241830578152223,61,192.81758300781354,ArchType.V
18,77,2.207306379893795,0.0,3.271762824187194,16.35896953650084,70.37526771722031,4.772978379878635,61,194.22525436401446,ArchType.V
18,78,3.1267056092204646,0.0,3.271431913028024,16.356602864717217,69.27010189447495,6.505232171620662,61,195.70347470092827,ArchType.V
18,79,1.1494186678831582,1.1494186678831582,3.2715700489218653,16.358240774994368,69.62946625785183,7.885246955505591,61,197.40288758850176,ArchType.V
18,80,1.5482213262382294,0.0,3.271924273182449,16.402689342502256,24.22066515624127,8.568967615435954,61,199.28516960144117,ArchType.V
18,81,3.1816073507155505,0.1547875544881634,3.2722831835822004,16.410258335038648,30.1003248239367,7.887114251543848,61,201.2942651519785,ArchType.V
18,82,2.7397647326590855,0.0,3.272488885486863,16.391948820840053,33.960892834826076,7.424770120417679,61,203.39873219299437,ArchType.V
18,83,6.198165672763709,0.00028497347083647885,3.2725585266643975,16.378219039045014,39.521585938218564,6.732653233249615,61,205.55316903686656,ArchType.V
18,84,8.26606319726239,0.0,3.272582054926891,16.370892344422856,42.17678063141489,5.896579663222514,61,207.7696812896741,ArchType.V
18,85,22.15569151721669,0.0,3.2726307569840896,16.366876845932783,48.97050229658022,4.783979946045646,61,210.00978741455197,ArchType.V
18,86,24.722295216003797,0.0,3.2726862785984507,16.366442437193093,51.85685783925421,3.9481927371202072,61,212.27540489196866,ArchType.V
18,87,7.240512341610571,0.0,3.2727122324183253,16.366325805575617,50.45140228237572,4.017400529833579,61,214.5761609039318,ArchType.V
18,88,6.410309172548827,0.0,3.2726322872989164,16.36407795063859,47.744922167123484,4.429979076641227,61,216.72081648254482,ArchType.V
18,89,4.960521926408031,0.0,3.272648948608438,16.36358896643132,14.228027887065174,4.74018264235016,61,218.55627531433163,ArchType.V
18,90,5.587311737088049,0.818265896302757,3.2716552804926966,16.356040538516673,11.954271418131379,3.9959198617864757,61,220.17653170776424,ArchType.V
18,91,18.385817946666062,1.1214629148601762,3.2692590167282263,16.345329294405975,55.40932656281194,3.7069739189148043,61,221.9214938201909,ArchType.V
18,92,14.432537442583294,0.5034373525443718,3.266911115301408,16.334997099281626,59.13256336948092,2.9938804264976144,61,223.8593470153814,ArchType.V
18,93,5.3268881499643435,0.20295004878247278,3.265870018846807,16.33161997636758,8.93514557037971,2.8913742883452342,61,225.91198770141682,ArchType.V
18,94,3.3464651306096433,1.6941500036409798e-24,3.266729517458744,16.33703387171928,86.65203554461162,3.3080460066402453,61,227.89425262451243,ArchType.V
18,95,5.184464990864744,1.6352183526662731,3.2685044869486055,16.339847525696175,54.062714344462556,5.312654139284405,61,229.77202140808197,ArchType.V
18,96,8.516935487453837,3.326672133476849,3.270486322249536,16.351067558528033,58.29220492118125,4.239374413299623,61,231.67985908508405,ArchType.V
18,97,8.601824813736968,0.0,3.2715302502238073,16.357493853100845,61.26775553276008,3.45916130671195,61,233.63139144897565,ArchType.V
18,98,3.295433434139409,0.0,3.2714037055327054,16.35833470076236,61.10779880259876,3.1012380166391162,61,235.68068157959095,ArchType.V
18,99,2.488986405240533,0.0,3.2688554823900224,16.345020154917226,58.818861459211185,3.7282260438376635,61,237.81949559021092,ArchType.V
18,100,4.58685480577533,0.0,3.265937592168403,16.330351435408623,56.804553350333805,4.31333282583123,61,239.95154151916603,ArchType.V
18,101,2.7947327199126724,0.0,3.2665480297777636,16.33288832002476,34.335851185495045,3.282871581775369,61,242.16110794067487,ArchType.V
18,102,3.6633009483340695,0.0,3.2682618934463017,16.341956599167197,36.67427536671246,2.184769076038683,61,244.247820663453,ArchType.V
18,103,2.6819504660173545,0.0,3.2691348819651487,16.345541141422203,39.267472866330834,2.4983161569104664,61,246.02374092102127,ArchType.V
18,104,2.141368552185037,0.0,3.269230518876587,16.346394548571197,41.65703502698704,3.7464847682414275,61,247.3584090423593,ArchType.V
18,105,2.1324234639649458,7.999873757531738e-25,3.2693641579449273,16.346589418067985,43.70745708003055,5.006191281250481,61,248.2699227600109,ArchType.V
18,106,3.2404081976201407,0.0,3.270193441291685,16.349816335741938,45.29444981006584,5.728205373008245,61,248.79716241455174,ArchType.V
18,107,3.5349750072549813,0.0,3.2711428298869554,16.35515018054254,45.959277865987836,5.847292257010137,61,249.17375396728625,ArchType.V
18,108,2.788285243867548,0.0,3.2717669376729575,16.358558559353124,46.62289698717464,5.995101269104237,61,249.57438804626594,ArchType.V
18,109,3.126472400613089,0.0,3.272081017787513,16.360267732992444,47.12872446067541,6.204430123711589,61,249.99988189697405,ArchType.V
18,110,3.4739349104420927,0.0,3.2721658813504044,16.360914168526513,47.78262322148026,6.391925407725506,61,250.44360540771652,ArchType.V
18,111,3.106803210643494,0.0,3.2722258341168087,16.36121719594527,48.16488281505298,6.5966328347642955,61,250.82194625854646,ArchType.V
18,112,3.2365478920012665,0.0,3.272343317645503,16.361663837368983,48.400435105136424,6.760161284125793,61,251.19519229126144,ArchType.V
18,113,3.0372597981478844,0.0,3.272474242648674,16.36252481916985,48.69776406290957,6.899811125254653,61,251.56944540405453,ArchType.V
18,114,2.7461487392355175,0.0,3.272579188891562,16.363056900910983,48.76250514556624,7.036252339012632,61,251.947535995485,ArchType.V
18,115,2.8290087141925437,0.0,3.272643024013938,16.363123426978156,48.758868870284594,7.152811309595379,61,252.32977626037757,ArchType.V
18,116,2.5803601808638725,0.0,3.272682486973334,16.36337295613366,48.86254857337584,7.278882540551095,61,252.71504884338532,ArchType.V
18,117,2.676479245736429,0.0,3.2727037797882126,16.363521225270095,48.79884125458347,7.406135696978473,61,253.10430744934223,ArchType.V
18,118,2.597464827703517,0.0,3.2727109590653227,16.36349336523465,48.767740827002974,7.522708586367094,61,253.4921949157728,ArchType.V
18,119,2.539285290309988,0.0,3.2727031641256152,16.363478930907966,39.99455442109978,7.6333119617409455,61,253.85511686706695,ArchType.V
18,120,2.518681922580849,0.0,3.272653358762327,16.363241769827695,40.13289043217079,7.747413781188632,61,254.198470748903,ArchType.V
18,121,2.605432492048521,0.0,3.2725212772743992,16.36250523672947,40.61180760051918,7.911212505532209,61,254.45896711731092,ArchType.V
18,122,2.745214783669154,0.0,3.272296723858934,16.361311085770357,57.96360740335115,8.026362675210322,61,254.6118962554948,ArchType.V
18,123,2.6812371817084957,0.0,3.2720199505012806,16.359957925522867,58.26946132948593,8.143575850567505,61,254.58368290710615,ArchType.V
18,124,2.352633037479582,0.0,3.2719545077094017,16.359670919151217,58.48717372605686,8.265020555203902,61,254.35767701721352,ArchType.V
18,125,2.1587065740105773,0.0,3.2721155837169897,16.360526807491677,58.681099058591414,8.35586909709486,61,254.03549246215965,ArchType.V
18,126,2.243672556093222,0.0,3.2723252719473703,16.36160408043546,58.79170963686661,8.421681668060096,61,253.6527370758074,ArchType.V
18,127,1.9797304162439826,0.0,3.2724910462764423,16.362444609225392,58.8759312695748,8.467602414579147,61,253.2428182220478,ArchType.V
18,128,1.748976877532439,0.0,3.272597428305532,16.362979648846007,58.93816850063182,8.497118277486253,61,252.8162800292988,ArchType.V
18,129,1.2961921936981264,0.0,3.272658620045673,16.363294832068856,58.97438092184699,8.511421083109495,61,252.37972038269237,ArchType.V
18,130,1.2633802570069428,0.0,3.272691625103929,16.363474248090135,58.94160914784933,8.493902416411851,61,251.93829251098816,ArchType.V
18,131,1.0435530481562314,0.0,3.2727023857131585,16.363431942964134,59.141687795681634,8.571241125425658,61,251.49833396911805,ArchType.V
18,132,1.3980066258738904,0.0,3.272692358035189,16.363391097864504,60.01194138688959,8.820449657761632,61,251.0372564544698,ArchType.V
18,133,1.3955092419829753,0.0,3.2727058790408208,16.363571879875952,60.242317960927714,8.974560294642236,61,250.53032255554422,ArchType.V
18,134,1.3566850818732554,0.0,3.2727115928221524,16.363608570481144,59.89440813334858,9.054279670857444,61,249.9837862396261,ArchType.V
18,135,1.4852176733475728,0.0,3.2727073174443473,16.363538398499568,59.504272373218754,9.127549118916706,61,249.4025001220723,ArchType.V
18,136,1.5284045936001214,0.0,3.2726992798363237,16.363506635471108,59.14250550543916,9.200943905407913,61,248.79217736816577,ArchType.V
18,137,1.5102412859595324,0.0,3.272690283469163,16.363450955387762,58.71707517295163,9.287128946252444,61,248.15063462829755,ArchType.V
18,138,1.1134313472811568,0.0,3.272679876497888,16.363391880474225,58.366224865362916,9.346010250555631,61,247.47541714477723,ArchType.V
18,139,1.0997854601790602,0.0,3.272672413831771,16.36337705581039,57.92480586249465,9.407131833157955,61,246.78145991516283,ArchType.V
18,140,0.9682020041181635,0.0,3.2726650099538777,16.363301386722558,57.37866864285309,9.465880585477693,61,246.05786230468902,ArchType.V
18,141,0.9399043951463316,0.0,3.272654019322991,16.363295657235682,56.84257111465247,9.489787437693307,61,245.3045185699478,ArchType.V
18,142,0.9262030265040405,0.0,3.272644532579385,16.36325956872178,56.19200336669647,9.533641241038936,61,244.53302171325817,ArchType.V
18,143,1.2454491771989253,0.0,3.272635166522648,16.363172436202444,55.49385631228511,9.581701280418494,61,243.73104104614396,ArchType.V
18,144,1.293697594215253,0.0,3.27262490726781,16.363159132969216,54.79781698464217,9.604455303400004,61,242.90115116882453,ArchType.V
18,145,1.2713266591916108,0.0,3.2726199026800966,16.3631512192756,53.97902427255699,9.658984271056111,61,242.05534288025058,ArchType.V
18,146,1.1367941039308618,0.0,3.272613234994632,16.36309222852179,53.245347917056826,9.699879000846638,61,241.18073109436176,ArchType.V
18,147,0.6424496457988802,0.0,3.2726025557047773,16.363041330776632,52.49727262418566,9.703969541087655,61,240.2884631805436,ArchType.V
18,148,0.6413767316162418,0.0,3.2726001885086915,16.363060983719752,51.65690333380062,9.707419666242883,61,239.39002589416668,ArchType.V
18,149,0.6346349344985497,0.0,3.272608809343364,16.36309819630642,50.7966194190492,9.739943641523993,61,238.48187733459656,ArchType.V
18,150,0.6395643011488434,0.0,3.272619358760002,16.363126233951448,49.95855403625405,9.799441909580068,61,237.55344718933264,ArchType.V
18,151,1.0161306215213952,0.0,3.272622168445293,16.363127541805635,47.679021611049926,9.82594366600406,61,236.59670600891275,ArchType.V
18,152,0.9996477829932717,0.0,3.2726207640098854,16.363148832880075,46.88658619012394,9.867488723242076,61,235.61947880554345,ArchType.V
18,153,0.9202990316653374,0.0,3.2726176100424555,16.363111423388922,46.05831095113228,9.926301585871707,61,234.61430311584633,ArchType.V
18,154,1.103035309639254,0.0,3.2726190385762925,16.36310651698376,45.34114934069657,9.958130619441448,61,233.57917535400549,ArchType.V
18,155,1.1023290431124857,0.0,3.2726277935789536,16.363166219507402,44.65227496807107,10.004407577816881,61,232.5283436889663,ArchType.V
18,156,0.7246939008076704,0.0,3.272636879828516,16.363165397891557,43.84242080724768,10.019362963603909,61,231.461677200319,ArchType.V
18,157,0.7714122193597976,0.0,3.2726470689052425,16.363273677330874,42.994497805456774,9.991222966269946,61,230.38398545074614,ArchType.V
18,158,0.7684118270114846,0.0,3.2726627278569267,16.363355849108526,42.05107457100374,9.998706121597973,61,229.30220117950574,ArchType.V
18,159,0.7694802374766446,0.0,3.2726797562968666,16.363436130821434,41.18575318525214,10.032608058204234,61,228.21202037811423,ArchType.V
18,160,0.9816878233360264,0.0,3.27269237777486,16.36338456769493,40.58772573351729,10.041935647823827,61,227.11131080627575,ArchType.V
18,161,0.9903669881450994,0.0,3.27270229198558,16.363420748945277,40.72424158546036,10.017805310871427,61,226.00616731262357,ArchType.V
18,162,0.8236574977687119,0.0,3.272699417777502,16.3634655231777,41.36519756567235,10.007940064882586,61,224.9144988021868,ArchType.V
18,163,0.9761828056963276,0.0,3.2726993928404196,16.36346499798151,43.45904587095205,9.95342072803602,61,223.92745861053663,ArchType.V
18,164,1.1292704419138624,0.0,3.272703151502318,16.363493651581315,43.55395678273564,9.782911904202594,61,223.07356598663506,ArchType.V
18,165,1.2868677067386785,0.0,3.2727071225975033,16.363525823794596,43.452973006568754,9.593941248290434,61,222.3924998855606,ArchType.V
18,166,1.4466058758424059,0.0,3.2727003579030334,16.363530070063124,43.44907126473305,9.439185826456166,61,221.88429404449607,ArchType.V
18,167,1.585439120676726,0.0,3.2726141740857644,16.363087354567856,35.606715990249704,9.362867536623012,61,221.53236386871458,ArchType.V
18,168,1.691350765505817,0.0,3.2724179734666117,16.36211863966573,41.521774907553144,9.247999209589784,61,221.28717511749403,ArchType.V
18,169,1.7728543091648636,0.0,3.272160105325066,16.36084029301427,42.00549767959029,9.161253094191112,61,221.12628199005252,ArchType.V
18,170,2.0243249496785216,0.0,3.271902335324469,16.359589349137863,42.59474235194128,9.164328925206746,61,221.0294829635634,ArchType.V
18,171,2.1346023303662895,0.0,3.271732771339114,16.35872643065829,43.12125694407338,9.190323311390719,61,220.93378971099997,ArchType.V
18,172,2.284172065774031,0.0,3.2716956672075463,16.358537306272122,43.612918502722,9.224441653880168,61,220.81728112030203,ArchType.V
18,173,2.495904788832429,0.0,3.271828312547531,16.359171276792917,43.93403888403746,9.251917134989936,61,220.63884516143946,ArchType.V
18,174,2.72472366172679,0.0,3.2720639501905966,16.360347397331775,44.08545457109806,9.251776339894917,61,220.41679608917394,ArchType.V
18,175,2.888711062116199,0.0,3.2722971275699186,16.361461559737524,44.11482373820279,9.17957551939939,61,220.18316761016985,ArchType.V
18,176,2.7389053917964734,0.0,3.272481878582204,16.362388940537343,44.066784614196166,9.057073325908654,61,219.9932947464003,ArchType.V
18,177,2.5377798765145276,0.0,3.2725952983330235,16.36293536191148,43.98456871440423,8.921645761081614,61,219.91098709869493,ArchType.V
18,178,2.4363936746190826,0.0,3.2726067134702617,16.36304805803639,43.5334445970018,8.770552441918186,61,219.986216987611,ArchType.V
18,179,2.285821256051992,0.0,3.2724937568854964,16.36251197776494,43.02651296954791,8.700987757055318,61,220.1874623031626,ArchType.V
18,180,2.011722593940931,0.0,3.2723410259156354,16.361766515544893,42.55391862844709,8.683597272503444,61,220.44105010223456,ArchType.V
18,181,1.7244574802160284,0.0,3.2722584625612114,16.361335125032547,42.24148295458791,8.68505086328722,61,220.70980654144347,ArchType.V
18,182,1.4687257845648054,0.0,3.2722648902655016,16.36134315298404,41.946978657894824,8.672513545221216,61,220.98287378692714,ArchType.V
18,183,1.29966858825219,0.0,3.272330651825289,16.36162619335378,41.97316559174098,8.649367124686158,61,221.26014055633652,ArchType.V
18,184,1.1723523219731926,0.0,3.2724174339202574,16.362097438640717,42.06570601675772,8.618505940157133,61,221.54299410247933,ArchType.V
18,185,1.057991262215894,0.0,3.2725008719050908,16.362528481050347,42.092721115982286,8.615430545994915,61,221.8323760452285,ArchType.V
18,186,0.9588100919734428,0.0,3.272569925230503,16.3628691083467,42.16371910076237,8.630743298522969,61,222.12506624603446,ArchType.V
18,187,0.8742229445143203,0.0,3.2726215474729505,16.363119074985494,42.30042014428817,8.655887539113492,61,222.41896544647386,ArchType.V
18,188,0.8607633313671463,0.0,3.272657521717463,16.363300861120265,42.485150632008455,8.686876404258761,61,222.7128822708147,ArchType.V
18,189,0.8621229904504253,0.0,3.272682422937628,16.363428938841352,42.40893759201054,8.709864864415238,61,223.00599796295307,ArchType.V
18,190,0.8599633053823809,0.0,3.2726986493776553,16.363500684656326,42.284373688594485,8.734240876680659,61,223.29899280548227,ArchType.V
18,191,0.8531444609554828,0.0,3.272708592247964,16.36352534174532,42.14965077362984,8.748835883149304,61,223.59123233795287,ArchType.V
18,192,0.8490484776420367,0.0,3.2727153587046702,16.363570761721803,42.01204300345121,8.753342029584536,61,223.88258815765482,ArchType.V
18,193,0.8421033431714947,0.0,3.272719981759156,16.36360536303392,41.88195149909211,8.762649210609348,61,224.17362372589196,ArchType.V
18,194,0.8484343631674768,0.0,3.2727228412709612,16.363620538474304,41.772538324955626,8.77976783170059,61,224.46492365264947,ArchType.V
18,195,0.8527723782625077,0.0,3.2727244911221938,16.363634625576378,41.67946906239458,8.809095372755825,61,224.75576938629234,ArchType.V
18,196,0.8521794725281638,0.0,3.27272376817511,16.3636072172491,41.27753880608111,8.825213938065923,61,225.04371120452947,ArchType.V
18,197,0.85236372573521,0.0,3.2727238367967026,16.36359940903613,40.84321272980556,8.821983674483826,61,225.32956786346477,ArchType.V
18,198,0.8526848818715391,0.0,3.2727250734526003,16.363590270336573,40.572871171295986,8.811977557665445,61,225.61563903045686,ArchType.V
18,199,0.8499652866712901,0.0,3.272726290714205,16.363614317861156,40.50563333103297,8.800410278035255,61,225.9026764907838,ArchType.V
19,0,0.0,0.0,2.0363934900554574,6.303310848491562,8.247670515043907,0.7523220831135652,61,4.544817413330077,ArchType.I
19,1,0.0,0.0,2.2308294030994644,9.712984320174401,21.25717075612673,1.110302131470006,61,9.467091491699213,ArchType.I
19,2,0.0,0.0,2.4129531285480086,11.260205581129355,34.85216361162353,3.2145251792556775,61,14.554196380615243,ArchType.I
19,3,0.0,0.0,2.584540059810645,12.62594044644888,45.59836193052557,5.2459907244637325,61,19.672279052734396,ArchType.I
19,4,0.0,0.0,2.7511398862954004,13.728299879806503,50.750813191600834,6.000659432417377,61,24.747773315429704,ArchType.I
19,5,0.4766207668630754,0.4766207668630754,2.923375769142267,14.657299772066118,54.726885701780176,6.371065981966031,61,29.812322631835933,ArchType.I
19,6,0.10853657579801429,0.10853657579801429,3.0726003302166074,15.404974661992416,57.01881256555247,6.4341061855531025,61,34.852377746582,ArchType.I
19,7,0.14061330061781088,0.14061330061781088,3.1647966138507932,15.854903925587594,59.17651000185995,6.768350470160497,61,39.88245974731446,ArchType.I
19,8,0.3382116875328995,0.3382116875328995,3.218943594215551,16.167604861680648,60.22103023189204,6.554411096749034,61,44.89340420532229,ArchType.I
19,9,0.33840363410504987,0.33840363410504987,3.2471709611887185,16.331840793269997,61.1141595825385,6.616548056338199,61,49.881976379394565,ArchType.I
19,10,0.46614402408377337,0.46614402408377337,3.2643414567518927,16.481078046174698,63.50901282081285,6.566010724529856,61,54.87680151367187,ArchType.I
19,11,0.4378017744800045,0.4378017744800045,3.2736363521451577,16.556441384989284,65.31092101632592,6.569054682529772,61,59.86912103271491,ArchType.I
19,12,0.46970784205480975,0.46970784205480975,3.2791031244615816,16.597039231059,67.0874803034112,6.802292610929215,61,64.80508435058597,ArchType.I
19,13,0.41685723516243905,0.41685723516243905,3.2829708289816444,16.637454701882614,70.33764408279251,6.678275037153229,61,69.65115872192375,ArchType.I
19,14,0.40062183092157744,0.40062183092157744,3.283768649666602,16.628021546424005,73.00149459610547,6.782135624719632,61,74.32786740112304,ArchType.I
19,15,0.5017513697633658,0.5017513697633658,3.2837536032995853,16.6167031562283,77.15398490122723,6.915113479984444,61,78.93618023681644,ArchType.I
19,16,0.5099902009053715,0.5099902009053715,3.2822939287544193,16.62904578552604,79.76021465892752,6.774432499365207,61,83.73489868164081,ArchType.I
19,17,0.46897840422455805,0.46897840422455805,3.2755130970659616,16.583490468136702,81.9783405596104,6.960054268436546,61,88.68405776977549,ArchType.I
19,18,0.8705700921395546,0.8705700921395546,3.273874769862442,16.624097026438367,85.97434378505139,7.067702742043562,61,93.61400076293954,ArchType.I
19,19,1.0375842757215592,1.0375842757215592,3.2752542286071624,16.704087947279863,86.77178597119251,6.944151061495252,61,98.57159313964858,ArchType.I
19,20,1.648903849667492,1.648903849667492,3.281402114571293,16.83657375319307,88.38503814185316,7.199687919345449,61,103.46944552612327,ArchType.I
19,21,1.7321706927563298,1.7321706927563298,3.301699481506551,17.239288953447794,87.17203969458639,7.096415788231642,61,108.25439517211926,ArchType.I
19,22,1.2531130326145852,1.2531130326145852,3.3045251205182935,17.226796427591932,79.94576798193171,7.211297251862381,61,112.88619009399441,ArchType.I
19,23,0.5582360990984255,0.5582360990984255,3.2968062551743724,16.978849728491927,68.64065869036747,7.374458269290921,61,117.44312774658222,ArchType.I
19,24,0.37545062374504307,0.37545062374504307,3.288373478738966,16.730726053439362,58.29168912241142,7.385806413083641,61,121.99380538940439,ArchType.I
19,25,0.20382961502366032,0.02351728261500992,3.2819529852657694,16.568095175511008,49.34709592833298,7.08032685198777,61,126.50040313720716,ArchType.I
19,26,0.26446255702072957,0.1965534851838011,3.27450535191434,16.433115950137715,41.9065271452985,7.398554531086372,61,131.09198434448274,ArchType.I
19,27,0.17774999015662413,0.13415735984705887,3.265973931440846,16.332644762454553,35.0313016805336,7.667796006765933,61,135.7722882995606,ArchType.I
19,28,0.12849726625112237,0.118360230339344,3.2587700169642444,16.277720289538212,29.009920503081837,7.760776480766339,61,140.57394540405255,ArchType.I
19,29,0.19479119378201012,0.0022050363419467626,3.2554524656895674,16.269732629711598,22.161618122452055,5.076074452415113,61,145.5020192565916,ArchType.I
19,30,0.2274840984690592,0.0202499303369076,3.254109162243884,16.26695845474546,20.4907420307394,2.0273734275487265,61,150.49852822875948,ArchType.I
19,31,0.17479760620368326,0.008530399208381492,3.2525358835998346,16.26139489846764,17.159458853277176,2.5548687948936513,61,155.5032771301266,ArchType.I
19,32,0.35343908036257327,0.0747585120828867,3.252026238922562,16.25984221372218,17.184150058317098,6.518845457857631,61,160.5871905822753,ArchType.I
19,33,2.76743141136722,0.0,3.2522831314411706,16.313221460937847,23.998069768356483,7.0342799486456045,61,165.70730050659176,ArchType.I
19,34,2.835682660691354,0.0,3.253561249657547,16.294580606365315,27.45595049656506,6.913480093150236,61,170.78368804931608,ArchType.I
19,35,6.772448089113684,0.0,3.2562613762883656,16.29459884385623,36.189916544114084,6.062675146803819,61,175.78453753662058,ArchType.I
19,36,3.5705887292998693,0.0,3.2602616009554435,16.30828542803016,45.347838613267264,5.075509855920301,61,180.72573666381766,ArchType.I
19,37,3.685221041482161,0.0,3.2641533153597613,16.324337572958363,50.87359386008988,4.373647152370553,61,185.56841616821242,ArchType.I
19,38,2.07297681661533,0.0,3.2673938096950343,16.34139816355812,52.04311148614932,3.6853601348882457,61,190.31296981811494,ArchType.I
19,39,3.1439887076009763,0.0,3.269926366524509,16.3530824727402,49.42828359460983,3.5998146956053283,61,194.96318725585883,ArchType.I
19,40,1.1670980332561365,0.0,3.268767759247697,16.344758895092575,46.654383208430104,3.716026952147003,61,199.54718515014565,ArchType.I
19,41,2.3010784807057165,0.0,3.2551368973543737,16.274702652061247,44.81088435191571,4.0139834443027675,61,204.29514071655194,ArchType.I
19,42,1.70326960084906,0.0,3.1999587617081646,16.00106427131995,45.50022999099559,3.6137796011748864,61,208.6898407897943,ArchType.I
19,43,1.981042544505844,0.0,3.0984328475171212,15.49799709994774,44.532154899554506,3.4245493269173224,61,212.93258959960883,ArchType.I
19,44,2.1489855775586304,0.0,2.985921043621516,14.941908665347876,45.36006470340008,5.124711347270869,61,216.38345120239183,ArchType.I
19,45,1.8751107886039025,0.05008597977904435,2.888957292969722,14.460711008914256,48.75695661962938,7.266519578703512,61,218.7265493926992,ArchType.I
19,46,1.6322373976469355,0.0,2.8191555019575225,14.115390711397074,77.50987242455955,8.77955386251874,61,223.85313282775786,ArchType.I
19,47,1.358601245729704,1.0763639010733428,2.788696120111665,14.13408976613704,84.48251346508336,5.35180256133803,61,229.12800175475996,ArchType.I
19,48,1.8510734854578101,0.08089639313260759,2.7705752836516067,13.911475010533563,82.4225320342496,2.7758983385870235,61,234.35513508605857,ArchType.I
19,49,4.125724743409464,1.7244889212360979,2.816124322217856,14.276359168882937,68.46150316950215,3.367537207016071,61,238.07414082336328,ArchType.I
